{"meta": {}, "features": {"num__V1": 1.0897845580653598, "num__V2": 0.175224776763441, "num__V3": -1.4766681127439472, "num__V4": 0.7743412238769151, "num__V5": -0.0324877739731109, "num__V6": -1.5597228654619315, "num__V7": 0.2207103034154544, "num__V8": -0.3030311644441418, "num__V9": 0.6754943957147763, "num__V10": -0.940698681760908, "num__V11": 0.2343170361252206, "num__V12": -0.1370558073663839, "num__V13": -1.1748327124030322, "num__V14": -2.554461158929018, "num__V15": -0.4864584991090093, "num__V16": 0.1321943802827813, "num__V17": 2.672418107350612, "num__V18": 0.5472919986672933, "num__V19": -0.722869258807542, "num__V20": -0.321359731285386, "num__V21": 0.0661298053586868, "num__V22": 0.6258642417014258, "num__V23": 0.1422339497325389, "num__V24": 1.2725774958805127, "num__V25": -0.0040419055981514, "num__V26": 1.3616151903343512, "num__V27": -0.1082245387243998, "num__V28": -0.0186332988270777, "num__Amount": -0.3112003709401783, "num__ip_reputation": 1.5964159945914038, "num__txn_count_5m": -0.7827457849133089, "num__txn_count_30m": -0.782042640415279, "num__txn_count_60m": -0.7798141786807419, "num__avg_amount_7d": -0.3918091577711195, "num__account_age_days": -1.3741583945755076, "num__token_age_days": -1.606892011562363, "num__avg_spend_user_30d": -0.3037969633094401, "num__geo_distance_km": -1.0147706830195031, "num__amount_zscore": 0.4932738533722025, "cat__device_os_Android": 0.0, "cat__device_os_MacOS": 1.0, "cat__device_os_Windows": 0.0, "cat__device_os_iOS": 0.0, "cat__browser_Chrome": 0.0, "cat__browser_Edge": 0.0, "cat__browser_Firefox": 0.0, "cat__browser_Safari": 1.0, "cat__is_new_device_False": 0.0, "cat__is_new_device_True": 1.0, "cat__ip_country_AU": 0.0, "cat__ip_country_BR": 0.0, "cat__ip_country_CA": 0.0, "cat__ip_country_DE": 0.0, "cat__ip_country_ES": 1.0, "cat__ip_country_FR": 0.0, "cat__ip_country_GB": 0.0, "cat__ip_country_IE": 0.0, "cat__ip_country_IN": 0.0, "cat__ip_country_IT": 0.0, "cat__ip_country_NL": 0.0, "cat__ip_country_PL": 0.0, "cat__ip_country_PT": 0.0, "cat__ip_country_SE": 0.0, "cat__ip_country_US": 0.0, "cat__is_proxy_vpn_False": 1.0, "cat__is_proxy_vpn_True": 0.0, "cat__billing_country_AU": 0.0, "cat__billing_country_BR": 0.0, "cat__billing_country_CA": 0.0, "cat__billing_country_DE": 0.0, "cat__billing_country_ES": 0.0, "cat__billing_country_FR": 0.0, "cat__billing_country_GB": 0.0, "cat__billing_country_IE": 0.0, "cat__billing_country_IN": 0.0, "cat__billing_country_IT": 0.0, "cat__billing_country_NL": 1.0, "cat__billing_country_PL": 0.0, "cat__billing_country_PT": 0.0, "cat__billing_country_SE": 0.0, "cat__billing_country_US": 0.0, "cat__shipping_country_AU": 0.0, "cat__shipping_country_BR": 0.0, "cat__shipping_country_CA": 0.0, "cat__shipping_country_DE": 0.0, "cat__shipping_country_ES": 0.0, "cat__shipping_country_FR": 1.0, "cat__shipping_country_GB": 0.0, "cat__shipping_country_IE": 0.0, "cat__shipping_country_IN": 0.0, "cat__shipping_country_IT": 0.0, "cat__shipping_country_NL": 0.0, "cat__shipping_country_PL": 0.0, "cat__shipping_country_PT": 0.0, "cat__shipping_country_SE": 0.0, "cat__shipping_country_US": 0.0, "cat__country_mismatch_False": 0.0, "cat__country_mismatch_True": 1.0, "cat__night_txn_False": 1.0, "cat__night_txn_True": 0.0, "cat__weekend_txn_False": 1.0, "cat__weekend_txn_True": 0.0}, "reason_codes": ["xgb_gray_zone"]}