{"meta": {}, "features": {"num__V1": -0.216593183826316, "num__V2": 1.2093357653085783, "num__V3": -0.704968488271953, "num__V4": 2.183275524299582, "num__V5": 1.150590170132439, "num__V6": -0.2770643993647176, "num__V7": 0.7030505708310308, "num__V8": 0.4028079783962205, "num__V9": -1.925238432571735, "num__V10": -0.3867111210025194, "num__V11": 0.5531573334895338, "num__V12": -0.2021880430418605, "num__V13": -0.3615850132450662, "num__V14": -2.206940946871734, "num__V15": -1.938795048007377, "num__V16": 2.384821563766763, "num__V17": 1.216645036260634, "num__V18": 1.4582667458840768, "num__V19": -1.8637814985604793, "num__V20": -0.2719593657240806, "num__V21": -0.3199110102385197, "num__V22": -1.4162960396744129, "num__V23": 0.1744416828343245, "num__V24": -1.1089615526016865, "num__V25": -1.0828549760928428, "num__V26": -0.8636827087281217, "num__V27": -0.1634538181593802, "num__V28": 0.0293889419285405, "num__Amount": -0.2629903707409089, "num__ip_reputation": 0.5493511300614506, "num__txn_count_5m": 0.7206244202239912, "num__txn_count_30m": 0.7191021433953892, "num__txn_count_60m": 0.7154478020114323, "num__avg_amount_7d": -0.3421625126477371, "num__account_age_days": -1.3672440809479145, "num__token_age_days": 0.6078430441493108, "num__avg_spend_user_30d": 2.6472634743414796, "num__geo_distance_km": 2.193052853714665, "num__amount_zscore": 0.600555446831985, "cat__device_os_Android": 0.0, "cat__device_os_MacOS": 0.0, "cat__device_os_Windows": 0.0, "cat__device_os_iOS": 1.0, "cat__browser_Chrome": 0.0, "cat__browser_Edge": 0.0, "cat__browser_Firefox": 0.0, "cat__browser_Safari": 1.0, "cat__is_new_device_False": 1.0, "cat__is_new_device_True": 0.0, "cat__ip_country_AU": 0.0, "cat__ip_country_BR": 0.0, "cat__ip_country_CA": 0.0, "cat__ip_country_DE": 0.0, "cat__ip_country_ES": 0.0, "cat__ip_country_FR": 0.0, "cat__ip_country_GB": 0.0, "cat__ip_country_IE": 0.0, "cat__ip_country_IN": 0.0, "cat__ip_country_IT": 1.0, "cat__ip_country_NL": 0.0, "cat__ip_country_PL": 0.0, "cat__ip_country_PT": 0.0, "cat__ip_country_SE": 0.0, "cat__ip_country_US": 0.0, "cat__is_proxy_vpn_False": 1.0, "cat__is_proxy_vpn_True": 0.0, "cat__billing_country_AU": 0.0, "cat__billing_country_BR": 0.0, "cat__billing_country_CA": 0.0, "cat__billing_country_DE": 0.0, "cat__billing_country_ES": 0.0, "cat__billing_country_FR": 0.0, "cat__billing_country_GB": 0.0, "cat__billing_country_IE": 0.0, "cat__billing_country_IN": 0.0, "cat__billing_country_IT": 0.0, "cat__billing_country_NL": 0.0, "cat__billing_country_PL": 0.0, "cat__billing_country_PT": 1.0, "cat__billing_country_SE": 0.0, "cat__billing_country_US": 0.0, "cat__shipping_country_AU": 1.0, "cat__shipping_country_BR": 0.0, "cat__shipping_country_CA": 0.0, "cat__shipping_country_DE": 0.0, "cat__shipping_country_ES": 0.0, "cat__shipping_country_FR": 0.0, "cat__shipping_country_GB": 0.0, "cat__shipping_country_IE": 0.0, "cat__shipping_country_IN": 0.0, "cat__shipping_country_IT": 0.0, "cat__shipping_country_NL": 0.0, "cat__shipping_country_PL": 0.0, "cat__shipping_country_PT": 0.0, "cat__shipping_country_SE": 0.0, "cat__shipping_country_US": 0.0, "cat__country_mismatch_False": 0.0, "cat__country_mismatch_True": 1.0, "cat__night_txn_False": 1.0, "cat__night_txn_True": 0.0, "cat__weekend_txn_False": 1.0, "cat__weekend_txn_True": 0.0}, "reason_codes": ["xgb_gray_zone"]}