{"meta": {}, "features": {"num__V1": 1.1732407915430083, "num__V2": 0.485972762980503, "num__V3": -2.4226927464941204, "num__V4": 0.4437217606492012, "num__V5": 1.094572654300182, "num__V6": -1.2551232853565386, "num__V7": 0.7893833712834015, "num__V8": -0.4736442727040165, "num__V9": -0.1524058970534772, "num__V10": -0.9808304617662028, "num__V11": 0.0869604461968123, "num__V12": 0.3719137531786566, "num__V13": 0.9797126218502886, "num__V14": -2.802725600863931, "num__V15": -0.232837993491882, "num__V16": 0.3235103921095901, "num__V17": 2.316492938652435, "num__V18": 0.529463620180895, "num__V19": -0.3442335271113214, "num__V20": -0.0857464297209322, "num__V21": -0.0588398109043384, "num__V22": 0.2164569879212007, "num__V23": -0.0774922760083932, "num__V24": 0.9837032516410114, "num__V25": 0.7921468732748849, "num__V26": 1.3738365934063326, "num__V27": -0.1902666524009656, "num__V28": -0.0396648441094345, "num__Amount": -0.3576024961319752, "num__ip_reputation": 1.1976992415419183, "num__txn_count_5m": 1.4723095227926413, "num__txn_count_30m": 1.4696745353007232, "num__txn_count_60m": 1.4630787923575193, "num__avg_amount_7d": -0.1542073349483053, "num__account_age_days": -1.0249855563820396, "num__token_age_days": 0.1819324565124504, "num__avg_spend_user_30d": 1.5986864611177631, "num__geo_distance_km": 0.4325206690309121, "num__amount_zscore": -0.9633226269013384, "cat__device_os_Android": 0.0, "cat__device_os_MacOS": 0.0, "cat__device_os_Windows": 0.0, "cat__device_os_iOS": 1.0, "cat__browser_Chrome": 0.0, "cat__browser_Edge": 0.0, "cat__browser_Firefox": 1.0, "cat__browser_Safari": 0.0, "cat__is_new_device_False": 1.0, "cat__is_new_device_True": 0.0, "cat__ip_country_AU": 0.0, "cat__ip_country_BR": 0.0, "cat__ip_country_CA": 0.0, "cat__ip_country_DE": 0.0, "cat__ip_country_ES": 0.0, "cat__ip_country_FR": 0.0, "cat__ip_country_GB": 0.0, "cat__ip_country_IE": 0.0, "cat__ip_country_IN": 0.0, "cat__ip_country_IT": 0.0, "cat__ip_country_NL": 0.0, "cat__ip_country_PL": 0.0, "cat__ip_country_PT": 0.0, "cat__ip_country_SE": 1.0, "cat__ip_country_US": 0.0, "cat__is_proxy_vpn_False": 0.0, "cat__is_proxy_vpn_True": 1.0, "cat__billing_country_AU": 0.0, "cat__billing_country_BR": 0.0, "cat__billing_country_CA": 0.0, "cat__billing_country_DE": 0.0, "cat__billing_country_ES": 0.0, "cat__billing_country_FR": 0.0, "cat__billing_country_GB": 0.0, "cat__billing_country_IE": 0.0, "cat__billing_country_IN": 0.0, "cat__billing_country_IT": 0.0, "cat__billing_country_NL": 0.0, "cat__billing_country_PL": 0.0, "cat__billing_country_PT": 0.0, "cat__billing_country_SE": 1.0, "cat__billing_country_US": 0.0, "cat__shipping_country_AU": 0.0, "cat__shipping_country_BR": 0.0, "cat__shipping_country_CA": 0.0, "cat__shipping_country_DE": 0.0, "cat__shipping_country_ES": 0.0, "cat__shipping_country_FR": 0.0, "cat__shipping_country_GB": 0.0, "cat__shipping_country_IE": 0.0, "cat__shipping_country_IN": 0.0, "cat__shipping_country_IT": 0.0, "cat__shipping_country_NL": 0.0, "cat__shipping_country_PL": 0.0, "cat__shipping_country_PT": 0.0, "cat__shipping_country_SE": 0.0, "cat__shipping_country_US": 1.0, "cat__country_mismatch_False": 0.0, "cat__country_mismatch_True": 1.0, "cat__night_txn_False": 1.0, "cat__night_txn_True": 0.0, "cat__weekend_txn_False": 1.0, "cat__weekend_txn_True": 0.0}, "reason_codes": ["xgb_gray_zone"]}