{"meta": {}, "features": {"num__V1": 0.1397667347844962, "num__V2": 0.6164255006558033, "num__V3": -0.570424398298856, "num__V4": -0.4738638698203039, "num__V5": 0.7939481548752358, "num__V6": -0.5809185794473657, "num__V7": 0.8340478176240735, "num__V8": -0.0806941614746794, "num__V9": 0.0053739635199371, "num__V10": -0.7475385340232255, "num__V11": -1.0220368650419094, "num__V12": -0.2697532317445739, "num__V13": -0.3128386371074887, "num__V14": -1.0443885102003054, "num__V15": -0.2875569782786391, "num__V16": 0.4697491575549895, "num__V17": 0.3148183958543493, "num__V18": -0.0816016314980958, "num__V19": -0.1632913455024002, "num__V20": -0.0113354089097441, "num__V21": -0.4647624891793688, "num__V22": -1.2340130845065165, "num__V23": 0.1577050288081422, "num__V24": 0.5899895097603992, "num__V25": -0.942863796335347, "num__V26": 0.2460252253430137, "num__V27": 0.5512777143080945, "num__V28": 0.2540935027111048, "num__Amount": -0.3330153960303478, "num__ip_reputation": 1.1352914019341729, "num__txn_count_5m": 2.223994625361291, "num__txn_count_30m": 2.220246927206057, "num__txn_count_60m": 2.2107097827036064, "num__avg_amount_7d": -0.3814786437353449, "num__account_age_days": -0.862499186133594, "num__token_age_days": 0.6646311225008922, "num__avg_spend_user_30d": -0.1038834762230925, "num__geo_distance_km": 0.1806247351165453, "num__amount_zscore": -0.6647037585081295, "cat__device_os_Android": 1.0, "cat__device_os_MacOS": 0.0, "cat__device_os_Windows": 0.0, "cat__device_os_iOS": 0.0, "cat__browser_Chrome": 0.0, "cat__browser_Edge": 1.0, "cat__browser_Firefox": 0.0, "cat__browser_Safari": 0.0, "cat__is_new_device_False": 0.0, "cat__is_new_device_True": 1.0, "cat__ip_country_AU": 0.0, "cat__ip_country_BR": 0.0, "cat__ip_country_CA": 0.0, "cat__ip_country_DE": 0.0, "cat__ip_country_ES": 0.0, "cat__ip_country_FR": 0.0, "cat__ip_country_GB": 0.0, "cat__ip_country_IE": 0.0, "cat__ip_country_IN": 0.0, "cat__ip_country_IT": 0.0, "cat__ip_country_NL": 0.0, "cat__ip_country_PL": 0.0, "cat__ip_country_PT": 0.0, "cat__ip_country_SE": 1.0, "cat__ip_country_US": 0.0, "cat__is_proxy_vpn_False": 0.0, "cat__is_proxy_vpn_True": 1.0, "cat__billing_country_AU": 0.0, "cat__billing_country_BR": 0.0, "cat__billing_country_CA": 1.0, "cat__billing_country_DE": 0.0, "cat__billing_country_ES": 0.0, "cat__billing_country_FR": 0.0, "cat__billing_country_GB": 0.0, "cat__billing_country_IE": 0.0, "cat__billing_country_IN": 0.0, "cat__billing_country_IT": 0.0, "cat__billing_country_NL": 0.0, "cat__billing_country_PL": 0.0, "cat__billing_country_PT": 0.0, "cat__billing_country_SE": 0.0, "cat__billing_country_US": 0.0, "cat__shipping_country_AU": 0.0, "cat__shipping_country_BR": 0.0, "cat__shipping_country_CA": 0.0, "cat__shipping_country_DE": 0.0, "cat__shipping_country_ES": 0.0, "cat__shipping_country_FR": 0.0, "cat__shipping_country_GB": 0.0, "cat__shipping_country_IE": 0.0, "cat__shipping_country_IN": 0.0, "cat__shipping_country_IT": 0.0, "cat__shipping_country_NL": 1.0, "cat__shipping_country_PL": 0.0, "cat__shipping_country_PT": 0.0, "cat__shipping_country_SE": 0.0, "cat__shipping_country_US": 0.0, "cat__country_mismatch_False": 0.0, "cat__country_mismatch_True": 1.0, "cat__night_txn_False": 1.0, "cat__night_txn_True": 0.0, "cat__weekend_txn_False": 1.0, "cat__weekend_txn_True": 0.0}, "reason_codes": ["xgb_gray_zone"]}