{"meta": {}, "features": {"num__V1": 1.094093597898692, "num__V2": 0.2108719424833474, "num__V3": -2.066729478814973, "num__V4": 0.8130238620277958, "num__V5": 1.1260564127367636, "num__V6": -0.1667030037464026, "num__V7": 0.5509878162868251, "num__V8": -0.1460934348223077, "num__V9": -0.1122193874516424, "num__V10": -0.1880259362254403, "num__V11": 0.3511030723560212, "num__V12": 0.5756579585696924, "num__V13": -0.0494813153985715, "num__V14": -0.9565937717940812, "num__V15": -1.133234640487247, "num__V16": 0.2227889843624531, "num__V17": 0.4835005497690934, "num__V18": 0.9537206599844228, "num__V19": 0.184658834857329, "num__V20": -0.1508400739094295, "num__V21": 0.0044155232836076, "num__V22": 0.1573286194478497, "num__V23": -0.2008963293593523, "num__V24": -0.3883174192895333, "num__V25": 0.9901707785242976, "num__V26": -1.0292068472510707, "num__V27": -0.0352193276814632, "num__V28": -0.1103138477116857, "num__Amount": -0.1662489703410415, "num__ip_reputation": 0.5458840278610204, "num__txn_count_5m": 1.4723095227926413, "num__txn_count_30m": 1.4696745353007232, "num__txn_count_60m": 1.4630787923575193, "num__avg_amount_7d": -0.1391127489057415, "num__account_age_days": -1.1287002607959409, "num__token_age_days": 1.014824272335644, "num__avg_spend_user_30d": 2.044103740213229, "num__geo_distance_km": -0.8985349666037534, "num__amount_zscore": -0.2698632547437755, "cat__device_os_Android": 0.0, "cat__device_os_MacOS": 0.0, "cat__device_os_Windows": 1.0, "cat__device_os_iOS": 0.0, "cat__browser_Chrome": 0.0, "cat__browser_Edge": 0.0, "cat__browser_Firefox": 0.0, "cat__browser_Safari": 1.0, "cat__is_new_device_False": 1.0, "cat__is_new_device_True": 0.0, "cat__ip_country_AU": 1.0, "cat__ip_country_BR": 0.0, "cat__ip_country_CA": 0.0, "cat__ip_country_DE": 0.0, "cat__ip_country_ES": 0.0, "cat__ip_country_FR": 0.0, "cat__ip_country_GB": 0.0, "cat__ip_country_IE": 0.0, "cat__ip_country_IN": 0.0, "cat__ip_country_IT": 0.0, "cat__ip_country_NL": 0.0, "cat__ip_country_PL": 0.0, "cat__ip_country_PT": 0.0, "cat__ip_country_SE": 0.0, "cat__ip_country_US": 0.0, "cat__is_proxy_vpn_False": 0.0, "cat__is_proxy_vpn_True": 1.0, "cat__billing_country_AU": 0.0, "cat__billing_country_BR": 0.0, "cat__billing_country_CA": 0.0, "cat__billing_country_DE": 0.0, "cat__billing_country_ES": 0.0, "cat__billing_country_FR": 0.0, "cat__billing_country_GB": 0.0, "cat__billing_country_IE": 1.0, "cat__billing_country_IN": 0.0, "cat__billing_country_IT": 0.0, "cat__billing_country_NL": 0.0, "cat__billing_country_PL": 0.0, "cat__billing_country_PT": 0.0, "cat__billing_country_SE": 0.0, "cat__billing_country_US": 0.0, "cat__shipping_country_AU": 0.0, "cat__shipping_country_BR": 0.0, "cat__shipping_country_CA": 0.0, "cat__shipping_country_DE": 1.0, "cat__shipping_country_ES": 0.0, "cat__shipping_country_FR": 0.0, "cat__shipping_country_GB": 0.0, "cat__shipping_country_IE": 0.0, "cat__shipping_country_IN": 0.0, "cat__shipping_country_IT": 0.0, "cat__shipping_country_NL": 0.0, "cat__shipping_country_PL": 0.0, "cat__shipping_country_PT": 0.0, "cat__shipping_country_SE": 0.0, "cat__shipping_country_US": 0.0, "cat__country_mismatch_False": 0.0, "cat__country_mismatch_True": 1.0, "cat__night_txn_False": 0.0, "cat__night_txn_True": 1.0, "cat__weekend_txn_False": 1.0, "cat__weekend_txn_True": 0.0}, "reason_codes": ["xgb_gray_zone"]}