{"meta": {}, "features": {"num__V1": -0.0576213617690197, "num__V2": 1.4312818915349794, "num__V3": -1.8984576601135543, "num__V4": 0.4571537011755735, "num__V5": 2.306901824337524, "num__V6": -1.3789765712095936, "num__V7": 2.0376710140309395, "num__V8": -0.5143831063746245, "num__V9": -1.2921370400865786, "num__V10": -2.062861827001226, "num__V11": 1.788580174899946, "num__V12": -0.8154772227568111, "num__V13": -1.0570426211802697, "num__V14": -4.770115024729013, "num__V15": -0.9380125327652392, "num__V16": 1.1579488239113391, "num__V17": 3.886755129363624, "num__V18": 3.1294048737949787, "num__V19": -1.0547115800145914, "num__V20": -0.0255107479074693, "num__V21": 0.1165164495134662, "num__V22": 0.8007585095417199, "num__V23": -1.2877237067173948, "num__V24": -1.358619381204302, "num__V25": 1.3778716470291066, "num__V26": -0.5398240039390264, "num__V27": -0.0281818282242739, "num__V28": 0.0207888341638871, "num__Amount": -0.3566382961279898, "num__ip_reputation": 0.2893184650291773, "num__txn_count_5m": -0.7827457849133089, "num__txn_count_30m": -0.782042640415279, "num__txn_count_60m": -0.7798141786807419, "num__avg_amount_7d": -0.4485266887151049, "num__account_age_days": -0.9385566360371216, "num__token_age_days": 0.5510549657977294, "num__avg_spend_user_30d": -0.0411968069542834, "num__geo_distance_km": 1.221454251473536, "num__amount_zscore": -0.775303339394503, "cat__device_os_Android": 0.0, "cat__device_os_MacOS": 0.0, "cat__device_os_Windows": 1.0, "cat__device_os_iOS": 0.0, "cat__browser_Chrome": 0.0, "cat__browser_Edge": 1.0, "cat__browser_Firefox": 0.0, "cat__browser_Safari": 0.0, "cat__is_new_device_False": 1.0, "cat__is_new_device_True": 0.0, "cat__ip_country_AU": 0.0, "cat__ip_country_BR": 0.0, "cat__ip_country_CA": 0.0, "cat__ip_country_DE": 0.0, "cat__ip_country_ES": 0.0, "cat__ip_country_FR": 0.0, "cat__ip_country_GB": 0.0, "cat__ip_country_IE": 0.0, "cat__ip_country_IN": 0.0, "cat__ip_country_IT": 0.0, "cat__ip_country_NL": 0.0, "cat__ip_country_PL": 0.0, "cat__ip_country_PT": 0.0, "cat__ip_country_SE": 1.0, "cat__ip_country_US": 0.0, "cat__is_proxy_vpn_False": 1.0, "cat__is_proxy_vpn_True": 0.0, "cat__billing_country_AU": 0.0, "cat__billing_country_BR": 0.0, "cat__billing_country_CA": 0.0, "cat__billing_country_DE": 0.0, "cat__billing_country_ES": 0.0, "cat__billing_country_FR": 0.0, "cat__billing_country_GB": 0.0, "cat__billing_country_IE": 0.0, "cat__billing_country_IN": 1.0, "cat__billing_country_IT": 0.0, "cat__billing_country_NL": 0.0, "cat__billing_country_PL": 0.0, "cat__billing_country_PT": 0.0, "cat__billing_country_SE": 0.0, "cat__billing_country_US": 0.0, "cat__shipping_country_AU": 0.0, "cat__shipping_country_BR": 0.0, "cat__shipping_country_CA": 1.0, "cat__shipping_country_DE": 0.0, "cat__shipping_country_ES": 0.0, "cat__shipping_country_FR": 0.0, "cat__shipping_country_GB": 0.0, "cat__shipping_country_IE": 0.0, "cat__shipping_country_IN": 0.0, "cat__shipping_country_IT": 0.0, "cat__shipping_country_NL": 0.0, "cat__shipping_country_PL": 0.0, "cat__shipping_country_PT": 0.0, "cat__shipping_country_SE": 0.0, "cat__shipping_country_US": 0.0, "cat__country_mismatch_False": 0.0, "cat__country_mismatch_True": 1.0, "cat__night_txn_False": 1.0, "cat__night_txn_True": 0.0, "cat__weekend_txn_False": 1.0, "cat__weekend_txn_True": 0.0}, "reason_codes": ["xgb_gray_zone"]}