{"meta": {}, "features": {"num__V1": -0.5807421904992923, "num__V2": 0.9682312919027288, "num__V3": 1.7744003694824728, "num__V4": 2.362674255870102, "num__V5": 1.2124670765445322, "num__V6": 2.7862457843861708, "num__V7": 0.5014500162402192, "num__V8": -0.1389091026086997, "num__V9": 0.1015318803859142, "num__V10": 3.8732079186691872, "num__V11": 1.2089513804528682, "num__V12": -0.5821531103579053, "num__V13": -0.2844568228807955, "num__V14": -1.660099545483926, "num__V15": 1.7031129311981006, "num__V16": -0.882040750139885, "num__V17": -0.2845222118738573, "num__V18": -0.448214845058171, "num__V19": 0.3023506342962779, "num__V20": 1.8228697682160369, "num__V21": -0.4769195189825194, "num__V22": 0.8247140938768123, "num__V23": -0.5596528992682187, "num__V24": -1.4487778625706842, "num__V25": -0.3969091261130306, "num__V26": 0.6567905553076291, "num__V27": -0.1122602029308783, "num__V28": -2.731229378299102, "num__Amount": -0.3545893711195208, "num__ip_reputation": 1.2774425921518155, "num__txn_count_5m": 10.492530753616442, "num__txn_count_30m": 10.476543238164734, "num__txn_count_60m": 10.434650676510564, "num__avg_amount_7d": -0.4251075136922568, "num__account_age_days": -1.5228161375687663, "num__token_age_days": -1.6826094493644714, "num__avg_spend_user_30d": -0.5520361736139243, "num__geo_distance_km": -0.8234517989565151, "num__amount_zscore": -1.1059960862447602, "cat__device_os_Android": 0.0, "cat__device_os_MacOS": 0.0, "cat__device_os_Windows": 1.0, "cat__device_os_iOS": 0.0, "cat__browser_Chrome": 1.0, "cat__browser_Edge": 0.0, "cat__browser_Firefox": 0.0, "cat__browser_Safari": 0.0, "cat__is_new_device_False": 0.0, "cat__is_new_device_True": 1.0, "cat__ip_country_AU": 0.0, "cat__ip_country_BR": 0.0, "cat__ip_country_CA": 0.0, "cat__ip_country_DE": 1.0, "cat__ip_country_ES": 0.0, "cat__ip_country_FR": 0.0, "cat__ip_country_GB": 0.0, "cat__ip_country_IE": 0.0, "cat__ip_country_IN": 0.0, "cat__ip_country_IT": 0.0, "cat__ip_country_NL": 0.0, "cat__ip_country_PL": 0.0, "cat__ip_country_PT": 0.0, "cat__ip_country_SE": 0.0, "cat__ip_country_US": 0.0, "cat__is_proxy_vpn_False": 1.0, "cat__is_proxy_vpn_True": 0.0, "cat__billing_country_AU": 0.0, "cat__billing_country_BR": 0.0, "cat__billing_country_CA": 0.0, "cat__billing_country_DE": 0.0, "cat__billing_country_ES": 1.0, "cat__billing_country_FR": 0.0, "cat__billing_country_GB": 0.0, "cat__billing_country_IE": 0.0, "cat__billing_country_IN": 0.0, "cat__billing_country_IT": 0.0, "cat__billing_country_NL": 0.0, "cat__billing_country_PL": 0.0, "cat__billing_country_PT": 0.0, "cat__billing_country_SE": 0.0, "cat__billing_country_US": 0.0, "cat__shipping_country_AU": 0.0, "cat__shipping_country_BR": 0.0, "cat__shipping_country_CA": 0.0, "cat__shipping_country_DE": 1.0, "cat__shipping_country_ES": 0.0, "cat__shipping_country_FR": 0.0, "cat__shipping_country_GB": 0.0, "cat__shipping_country_IE": 0.0, "cat__shipping_country_IN": 0.0, "cat__shipping_country_IT": 0.0, "cat__shipping_country_NL": 0.0, "cat__shipping_country_PL": 0.0, "cat__shipping_country_PT": 0.0, "cat__shipping_country_SE": 0.0, "cat__shipping_country_US": 0.0, "cat__country_mismatch_False": 0.0, "cat__country_mismatch_True": 1.0, "cat__night_txn_False": 1.0, "cat__night_txn_True": 0.0, "cat__weekend_txn_False": 1.0, "cat__weekend_txn_True": 0.0}, "reason_codes": ["xgb_gray_zone", "ae_review_gate"]}