{"meta": {}, "features": {"num__V1": -0.4907393814774927, "num__V2": -4.088986853378133, "num__V3": -3.410542771539896, "num__V4": -0.2090433364988517, "num__V5": -1.211992554924231, "num__V6": -0.5827541492385878, "num__V7": 2.038201862053218, "num__V8": -0.933882461658166, "num__V9": -2.085298098373775, "num__V10": 0.8348120803948796, "num__V11": -1.150400453086244, "num__V12": -0.7217962581052446, "num__V13": 0.772492580347355, "num__V14": 0.5766174080547047, "num__V15": -0.5556203215903136, "num__V16": -1.2789158587943468, "num__V17": 0.8122887347382407, "num__V18": 0.0581499499499166, "num__V19": -0.591311704303823, "num__V20": 4.280861824555506, "num__V21": 1.6276213959239887, "num__V22": -0.1027151280729505, "num__V23": -2.7931229419118, "num__V24": 1.2107859195123123, "num__V25": -0.0194718617928902, "num__V26": 0.1632639559565687, "num__V27": -1.049180031992175, "num__V28": 0.7260411831980278, "num__Amount": 6.896957983853757, "num__ip_reputation": 0.7608443642876993, "num__txn_count_5m": 2.975679727929941, "num__txn_count_30m": 2.9708193191113916, "num__txn_count_60m": 2.9583407730496933, "num__avg_amount_7d": 1.3140295094177463, "num__account_age_days": -1.0837572222165837, "num__token_age_days": -0.8781116727170686, "num__avg_spend_user_30d": 1.2599504955415803, "num__geo_distance_km": 0.7986185574955147, "num__amount_zscore": 2.6742975884514912, "cat__device_os_Android": 0.0, "cat__device_os_MacOS": 0.0, "cat__device_os_Windows": 0.0, "cat__device_os_iOS": 1.0, "cat__browser_Chrome": 0.0, "cat__browser_Edge": 0.0, "cat__browser_Firefox": 0.0, "cat__browser_Safari": 1.0, "cat__is_new_device_False": 1.0, "cat__is_new_device_True": 0.0, "cat__ip_country_AU": 0.0, "cat__ip_country_BR": 0.0, "cat__ip_country_CA": 0.0, "cat__ip_country_DE": 0.0, "cat__ip_country_ES": 0.0, "cat__ip_country_FR": 0.0, "cat__ip_country_GB": 0.0, "cat__ip_country_IE": 1.0, "cat__ip_country_IN": 0.0, "cat__ip_country_IT": 0.0, "cat__ip_country_NL": 0.0, "cat__ip_country_PL": 0.0, "cat__ip_country_PT": 0.0, "cat__ip_country_SE": 0.0, "cat__ip_country_US": 0.0, "cat__is_proxy_vpn_False": 0.0, "cat__is_proxy_vpn_True": 1.0, "cat__billing_country_AU": 0.0, "cat__billing_country_BR": 0.0, "cat__billing_country_CA": 0.0, "cat__billing_country_DE": 1.0, "cat__billing_country_ES": 0.0, "cat__billing_country_FR": 0.0, "cat__billing_country_GB": 0.0, "cat__billing_country_IE": 0.0, "cat__billing_country_IN": 0.0, "cat__billing_country_IT": 0.0, "cat__billing_country_NL": 0.0, "cat__billing_country_PL": 0.0, "cat__billing_country_PT": 0.0, "cat__billing_country_SE": 0.0, "cat__billing_country_US": 0.0, "cat__shipping_country_AU": 0.0, "cat__shipping_country_BR": 1.0, "cat__shipping_country_CA": 0.0, "cat__shipping_country_DE": 0.0, "cat__shipping_country_ES": 0.0, "cat__shipping_country_FR": 0.0, "cat__shipping_country_GB": 0.0, "cat__shipping_country_IE": 0.0, "cat__shipping_country_IN": 0.0, "cat__shipping_country_IT": 0.0, "cat__shipping_country_NL": 0.0, "cat__shipping_country_PL": 0.0, "cat__shipping_country_PT": 0.0, "cat__shipping_country_SE": 0.0, "cat__shipping_country_US": 0.0, "cat__country_mismatch_False": 0.0, "cat__country_mismatch_True": 1.0, "cat__night_txn_False": 1.0, "cat__night_txn_True": 0.0, "cat__weekend_txn_False": 1.0, "cat__weekend_txn_True": 0.0}, "reason_codes": ["xgb_gray_zone", "ae_review_gate"]}