{"meta": {}, "features": {"num__V1": -0.3568254911445531, "num__V2": 1.4522097018655424, "num__V3": -0.1160448029318968, "num__V4": 2.17217656598826, "num__V5": 0.9710635261825278, "num__V6": -0.3010035753754846, "num__V7": 0.7756836177259631, "num__V8": 0.4017059040543537, "num__V9": -2.2225721863256935, "num__V10": -0.5662355305179242, "num__V11": 1.0708660671804222, "num__V12": 0.0059208344505909, "num__V13": -0.121429171399465, "num__V14": -2.3016296456540424, "num__V15": -1.7826348192395631, "num__V16": 2.214210496908176, "num__V17": 1.4785829941440711, "num__V18": 1.2165522213370537, "num__V19": -1.8697541450352, "num__V20": -0.2781432592794564, "num__V21": -0.4689987277756225, "num__V22": -1.8037893308714283, "num__V23": -0.3226863492180637, "num__V24": -0.4032195847185699, "num__V25": 1.2344012635905826, "num__V26": -0.4685613374470863, "num__V27": -0.6032432192153209, "num__V28": -0.419640242449268, "num__Amount": -0.34848277109428, "num__ip_reputation": 1.2011663437423483, "num__txn_count_5m": -0.7827457849133089, "num__txn_count_30m": -0.782042640415279, "num__txn_count_60m": -0.7798141786807419, "num__avg_amount_7d": -0.4383466190584921, "num__account_age_days": -0.8936135974577645, "num__token_age_days": 0.8823187561819541, "num__avg_spend_user_30d": -0.1670260485411293, "num__geo_distance_km": -1.0147706830195031, "num__amount_zscore": -1.057332270654756, "cat__device_os_Android": 0.0, "cat__device_os_MacOS": 0.0, "cat__device_os_Windows": 0.0, "cat__device_os_iOS": 1.0, "cat__browser_Chrome": 0.0, "cat__browser_Edge": 0.0, "cat__browser_Firefox": 1.0, "cat__browser_Safari": 0.0, "cat__is_new_device_False": 1.0, "cat__is_new_device_True": 0.0, "cat__ip_country_AU": 0.0, "cat__ip_country_BR": 0.0, "cat__ip_country_CA": 0.0, "cat__ip_country_DE": 0.0, "cat__ip_country_ES": 0.0, "cat__ip_country_FR": 0.0, "cat__ip_country_GB": 1.0, "cat__ip_country_IE": 0.0, "cat__ip_country_IN": 0.0, "cat__ip_country_IT": 0.0, "cat__ip_country_NL": 0.0, "cat__ip_country_PL": 0.0, "cat__ip_country_PT": 0.0, "cat__ip_country_SE": 0.0, "cat__ip_country_US": 0.0, "cat__is_proxy_vpn_False": 1.0, "cat__is_proxy_vpn_True": 0.0, "cat__billing_country_AU": 0.0, "cat__billing_country_BR": 0.0, "cat__billing_country_CA": 0.0, "cat__billing_country_DE": 0.0, "cat__billing_country_ES": 0.0, "cat__billing_country_FR": 1.0, "cat__billing_country_GB": 0.0, "cat__billing_country_IE": 0.0, "cat__billing_country_IN": 0.0, "cat__billing_country_IT": 0.0, "cat__billing_country_NL": 0.0, "cat__billing_country_PL": 0.0, "cat__billing_country_PT": 0.0, "cat__billing_country_SE": 0.0, "cat__billing_country_US": 0.0, "cat__shipping_country_AU": 0.0, "cat__shipping_country_BR": 0.0, "cat__shipping_country_CA": 0.0, "cat__shipping_country_DE": 0.0, "cat__shipping_country_ES": 0.0, "cat__shipping_country_FR": 0.0, "cat__shipping_country_GB": 0.0, "cat__shipping_country_IE": 0.0, "cat__shipping_country_IN": 0.0, "cat__shipping_country_IT": 0.0, "cat__shipping_country_NL": 1.0, "cat__shipping_country_PL": 0.0, "cat__shipping_country_PT": 0.0, "cat__shipping_country_SE": 0.0, "cat__shipping_country_US": 0.0, "cat__country_mismatch_False": 0.0, "cat__country_mismatch_True": 1.0, "cat__night_txn_False": 1.0, "cat__night_txn_True": 0.0, "cat__weekend_txn_False": 1.0, "cat__weekend_txn_True": 0.0}, "reason_codes": ["xgb_gray_zone"]}