{"meta": {}, "features": {"num__V1": 1.055260077714291, "num__V2": 0.2692498607527114, "num__V3": -1.0427881974313535, "num__V4": 2.382264772989533, "num__V5": 0.7619748013524323, "num__V6": 0.3714459305895173, "num__V7": 0.1899152186136832, "num__V8": 0.0357993211441436, "num__V9": -1.1503778452033595, "num__V10": 1.5754579733360647, "num__V11": -0.1041235821599828, "num__V12": -0.0844645394871875, "num__V13": -0.4339291055866753, "num__V14": 0.6371238192731774, "num__V15": -1.017788702490934, "num__V16": 1.4883875037909031, "num__V17": -1.5580963160631756, "num__V18": 0.6956544505400543, "num__V19": -1.5057551440742103, "num__V20": -0.2880254470229954, "num__V21": 0.3635086908256329, "num__V22": 0.8951067233849329, "num__V23": 0.0187565514809077, "num__V24": 0.2748926983451654, "num__V25": 0.1964223759846787, "num__V26": 0.2120641003736899, "num__V27": -0.1691802768117597, "num__V28": -0.18385157509671, "num__Amount": -0.2087139455165647, "num__ip_reputation": 1.6726922430008706, "num__txn_count_5m": -0.7827457849133089, "num__txn_count_30m": -0.782042640415279, "num__txn_count_60m": -0.7798141786807419, "num__avg_amount_7d": -0.263881287357232, "num__account_age_days": -1.30847241511337, "num__token_age_days": 1.0053595926103804, "num__avg_spend_user_30d": 0.1242959999153727, "num__geo_distance_km": -1.1586904640127584, "num__amount_zscore": 1.5583478173079808, "cat__device_os_Android": 0.0, "cat__device_os_MacOS": 1.0, "cat__device_os_Windows": 0.0, "cat__device_os_iOS": 0.0, "cat__browser_Chrome": 1.0, "cat__browser_Edge": 0.0, "cat__browser_Firefox": 0.0, "cat__browser_Safari": 0.0, "cat__is_new_device_False": 1.0, "cat__is_new_device_True": 0.0, "cat__ip_country_AU": 0.0, "cat__ip_country_BR": 0.0, "cat__ip_country_CA": 0.0, "cat__ip_country_DE": 0.0, "cat__ip_country_ES": 0.0, "cat__ip_country_FR": 0.0, "cat__ip_country_GB": 0.0, "cat__ip_country_IE": 0.0, "cat__ip_country_IN": 0.0, "cat__ip_country_IT": 0.0, "cat__ip_country_NL": 1.0, "cat__ip_country_PL": 0.0, "cat__ip_country_PT": 0.0, "cat__ip_country_SE": 0.0, "cat__ip_country_US": 0.0, "cat__is_proxy_vpn_False": 0.0, "cat__is_proxy_vpn_True": 1.0, "cat__billing_country_AU": 0.0, "cat__billing_country_BR": 0.0, "cat__billing_country_CA": 0.0, "cat__billing_country_DE": 0.0, "cat__billing_country_ES": 0.0, "cat__billing_country_FR": 0.0, "cat__billing_country_GB": 0.0, "cat__billing_country_IE": 0.0, "cat__billing_country_IN": 0.0, "cat__billing_country_IT": 0.0, "cat__billing_country_NL": 1.0, "cat__billing_country_PL": 0.0, "cat__billing_country_PT": 0.0, "cat__billing_country_SE": 0.0, "cat__billing_country_US": 0.0, "cat__shipping_country_AU": 0.0, "cat__shipping_country_BR": 0.0, "cat__shipping_country_CA": 0.0, "cat__shipping_country_DE": 0.0, "cat__shipping_country_ES": 0.0, "cat__shipping_country_FR": 0.0, "cat__shipping_country_GB": 0.0, "cat__shipping_country_IE": 0.0, "cat__shipping_country_IN": 0.0, "cat__shipping_country_IT": 0.0, "cat__shipping_country_NL": 1.0, "cat__shipping_country_PL": 0.0, "cat__shipping_country_PT": 0.0, "cat__shipping_country_SE": 0.0, "cat__shipping_country_US": 0.0, "cat__country_mismatch_False": 1.0, "cat__country_mismatch_True": 0.0, "cat__night_txn_False": 1.0, "cat__night_txn_True": 0.0, "cat__weekend_txn_False": 1.0, "cat__weekend_txn_True": 0.0}, "reason_codes": ["xgb_gray_zone"]}