{"meta": {}, "features": {"num__V1": -0.4624429676381001, "num__V2": 1.0051714388135886, "num__V3": 0.6332146184141189, "num__V4": 2.802857019479475, "num__V5": 0.5311303736706195, "num__V6": 0.9426240125277896, "num__V7": 0.1199805578156243, "num__V8": 0.708073411298306, "num__V9": -2.219503169500981, "num__V10": 1.3227787684217545, "num__V11": -0.1016842518582984, "num__V12": -0.8134169273708454, "num__V13": -1.2139964383918946, "num__V14": 1.139994425268115, "num__V15": 0.7852989894233628, "num__V16": 0.8379978596792023, "num__V17": -0.2247683556551695, "num__V18": 0.8735615859927959, "num__V19": 2.2414288655422214, "num__V20": 0.4575377188852503, "num__V21": -0.5154873771078127, "num__V22": -2.1748905098250284, "num__V23": 0.1853742594624333, "num__V24": 0.0707801375710495, "num__V25": -0.3762389955064602, "num__V26": -0.1370067173945535, "num__V27": 0.4504956408124723, "num__V28": 0.1604405151754244, "num__Amount": -0.2039732954969699, "num__ip_reputation": 1.384922760365155, "num__txn_count_5m": -0.0310606823446588, "num__txn_count_30m": -0.0314702485099449, "num__txn_count_60m": -0.0321831883346548, "num__avg_amount_7d": -0.310669489276541, "num__account_age_days": -1.7129597623275856, "num__token_age_days": 1.1567944682145974, "num__avg_spend_user_30d": -0.7136538045651449, "num__geo_distance_km": 0.2588000509062487, "num__amount_zscore": 1.1059955314827126, "cat__device_os_Android": 0.0, "cat__device_os_MacOS": 1.0, "cat__device_os_Windows": 0.0, "cat__device_os_iOS": 0.0, "cat__browser_Chrome": 1.0, "cat__browser_Edge": 0.0, "cat__browser_Firefox": 0.0, "cat__browser_Safari": 0.0, "cat__is_new_device_False": 1.0, "cat__is_new_device_True": 0.0, "cat__ip_country_AU": 0.0, "cat__ip_country_BR": 0.0, "cat__ip_country_CA": 0.0, "cat__ip_country_DE": 0.0, "cat__ip_country_ES": 0.0, "cat__ip_country_FR": 0.0, "cat__ip_country_GB": 1.0, "cat__ip_country_IE": 0.0, "cat__ip_country_IN": 0.0, "cat__ip_country_IT": 0.0, "cat__ip_country_NL": 0.0, "cat__ip_country_PL": 0.0, "cat__ip_country_PT": 0.0, "cat__ip_country_SE": 0.0, "cat__ip_country_US": 0.0, "cat__is_proxy_vpn_False": 0.0, "cat__is_proxy_vpn_True": 1.0, "cat__billing_country_AU": 0.0, "cat__billing_country_BR": 0.0, "cat__billing_country_CA": 0.0, "cat__billing_country_DE": 0.0, "cat__billing_country_ES": 0.0, "cat__billing_country_FR": 0.0, "cat__billing_country_GB": 1.0, "cat__billing_country_IE": 0.0, "cat__billing_country_IN": 0.0, "cat__billing_country_IT": 0.0, "cat__billing_country_NL": 0.0, "cat__billing_country_PL": 0.0, "cat__billing_country_PT": 0.0, "cat__billing_country_SE": 0.0, "cat__billing_country_US": 0.0, "cat__shipping_country_AU": 0.0, "cat__shipping_country_BR": 0.0, "cat__shipping_country_CA": 0.0, "cat__shipping_country_DE": 0.0, "cat__shipping_country_ES": 0.0, "cat__shipping_country_FR": 0.0, "cat__shipping_country_GB": 0.0, "cat__shipping_country_IE": 0.0, "cat__shipping_country_IN": 0.0, "cat__shipping_country_IT": 0.0, "cat__shipping_country_NL": 0.0, "cat__shipping_country_PL": 0.0, "cat__shipping_country_PT": 0.0, "cat__shipping_country_SE": 0.0, "cat__shipping_country_US": 1.0, "cat__country_mismatch_False": 0.0, "cat__country_mismatch_True": 1.0, "cat__night_txn_False": 0.0, "cat__night_txn_True": 1.0, "cat__weekend_txn_False": 1.0, "cat__weekend_txn_True": 0.0}, "reason_codes": ["xgb_gray_zone"]}