{"meta": {"txn_id": "txn_00043", "timestamp": "2025-12-23T20:46:19.589909Z", "merchant_id": "m_693", "user_id": "u_9883", "country": "US", "currency": "EUR", "ip_country": "FR"}, "features": {"num__V1": -1.9209679948992042, "num__V2": 2.8940908993555334, "num__V3": -1.9843376671978512, "num__V4": 1.8802502881716212, "num__V5": -3.5638427666832473, "num__V6": -0.3807003575541704, "num__V7": -4.842887096961826, "num__V8": -1.0234989861920347, "num__V9": -2.1201494104343346, "num__V10": -5.300823339051659, "num__V11": 4.870943502967814, "num__V12": -0.14882516899331, "num__V13": 0.9140620706320078, "num__V14": -6.73805051439459, "num__V15": -0.03820205626537757, "num__V16": -5.382237236546639, "num__V17": -6.920647546719128, "num__V18": -2.9965278077351742, "num__V19": 1.4447309746991666, "num__V20": -0.04340161553434563, "num__V21": 2.7611916827227314, "num__V22": 0.526939943228832, "num__V23": 1.917668465361719, "num__V24": -0.7187157415779251, "num__V25": 0.8634675130624045, "num__V26": 0.5594614296834304, "num__V27": -1.0489745479565806, "num__V28": 0.8175902968288639, "num__Amount": 0.1684229821639497, "num__ip_reputation": 0.4288540259304973, "num__txn_count_5m": -0.23806853032256997, "num__txn_count_30m": -0.14936639286857661, "num__txn_count_60m": 2.425748345551995, "num__avg_amount_7d": 0.011775378556041381, "num__account_age_days": -0.23281450168728185, "num__token_age_days": -0.3822923125585233, "num__avg_spend_user_30d": -0.3647346415007518, "num__geo_distance_km": 0.6734947806840815, "num__amount_zscore": -0.6311296996699765, "cat__device_os_Android": 0.15128194886833918, "cat__device_os_MacOS": 0.2526947712408868, "cat__device_os_Windows": 0.2788139902469094, "cat__device_os_iOS": 0.22931687035687914, "cat__browser_Chrome": 0.3344282100564957, "cat__browser_Edge": 0.40349187566364497, "cat__browser_Firefox": 0.3878372948951557, "cat__browser_Safari": 0.04521380557493354, "cat__is_new_device_False": 0.8008485850230588, "cat__is_new_device_True": 0.3440392435355717, "cat__ip_country_AU": 0.18831287962735999, "cat__ip_country_BR": -0.08923414079403448, "cat__ip_country_CA": 0.1083673089705251, "cat__ip_country_DE": -0.15659330318132286, "cat__ip_country_ES": 0.08444141369648556, "cat__ip_country_FR": 0.27990406149612845, "cat__ip_country_GB": -0.045434340045379065, "cat__ip_country_IE": -0.030255513326860183, "cat__ip_country_IN": 0.15040594428890033, "cat__ip_country_IT": -0.10872198336513256, "cat__ip_country_NL": 0.00294658797476971, "cat__ip_country_PL": 0.1328903645997032, "cat__ip_country_PT": -0.008432637335254456, "cat__ip_country_SE": 0.0360497534580225, "cat__ip_country_US": 0.14676619697616705, "cat__is_proxy_vpn_False": 0.8523401271659491, "cat__is_proxy_vpn_True": 0.2741750700217099, "cat__billing_country_AU": 0.030652463500472987, "cat__billing_country_BR": 0.1082567378174661, "cat__billing_country_CA": 0.04755829362826011, "cat__billing_country_DE": 0.12730441810588583, "cat__billing_country_ES": 0.008881138524436734, "cat__billing_country_FR": 0.038045255177785495, "cat__billing_country_GB": -0.05012495814666814, "cat__billing_country_IE": 0.0747069380016425, "cat__billing_country_IN": -0.025289323034284994, "cat__billing_country_IT": -0.058839484037475034, "cat__billing_country_NL": 0.0998801704809548, "cat__billing_country_PL": 0.08243227268971683, "cat__billing_country_PT": 0.17036687841529277, "cat__billing_country_SE": 0.013171068111547252, "cat__billing_country_US": 0.11430195793389392, "cat__shipping_country_AU": 0.12854243638731905, "cat__shipping_country_BR": 0.10350769210136246, "cat__shipping_country_CA": -0.026577663707631954, "cat__shipping_country_DE": 0.08670157754650493, "cat__shipping_country_ES": 0.11283261299795608, "cat__shipping_country_FR": 0.0703577991583428, "cat__shipping_country_GB": -0.16933412765355052, "cat__shipping_country_IE": 0.07975438198699505, "cat__shipping_country_IN": 0.33058404580846934, "cat__shipping_country_IT": 0.027192527460183857, "cat__shipping_country_NL": -0.013758430201171096, "cat__shipping_country_PL": 0.10604303496867139, "cat__shipping_country_PT": 0.11328555681848637, "cat__shipping_country_SE": 0.19461703668394303, "cat__shipping_country_US": -0.07728893940307976, "cat__country_mismatch_False": 0.1565819136641147, "cat__country_mismatch_True": 0.9979395548081609, "cat__night_txn_False": 0.7247298783294631, "cat__night_txn_True": 0.3158274827138151, "cat__weekend_txn_False": 0.46822954138261524, "cat__weekend_txn_True": 0.9300912306450339}, "reason_codes": ["xgb_gray_zone", "ae_review_gate"]}