{"meta": {}, "features": {"num__V1": -0.8892544130993324, "num__V2": -1.9226581968994492, "num__V3": -1.5273276233368007, "num__V4": -2.0299493439023757, "num__V5": 0.0103919969196577, "num__V6": 0.1809889258107945, "num__V7": 2.668780179715657, "num__V8": -0.5714733630194849, "num__V9": -2.7952524914362047, "num__V10": 0.4819737417558001, "num__V11": -0.6698586963565183, "num__V12": -1.57420181776048, "num__V13": -0.6591203655041528, "num__V14": 0.3223856472701625, "num__V15": -1.9701406524388347, "num__V16": -0.7110550163115251, "num__V17": -0.2806562656356691, "num__V18": 1.1998316979863373, "num__V19": -0.1075522526325145, "num__V20": 2.014887014074619, "num__V21": 0.8465423539531717, "num__V22": 1.0286899953789013, "num__V23": 2.035499055425406, "num__V24": -0.6975405627005541, "num__V25": 2.4106878377430703, "num__V26": 0.3478862701832763, "num__V27": -1.128490463057999, "num__V28": -0.2549216594629395, "num__Amount": 2.7569242167414947, "num__ip_reputation": 1.2462386723479426, "num__txn_count_5m": 0.7206244202239912, "num__txn_count_30m": 0.7191021433953892, "num__txn_count_60m": 0.7154478020114323, "num__avg_amount_7d": 0.9798423951730793, "num__account_age_days": -1.488244569430799, "num__token_age_days": -0.0357551771686115, "num__avg_spend_user_30d": -0.0829119359586181, "num__geo_distance_km": -0.7909531144524866, "num__amount_zscore": 1.557241821499117, "cat__device_os_Android": 0.0, "cat__device_os_MacOS": 1.0, "cat__device_os_Windows": 0.0, "cat__device_os_iOS": 0.0, "cat__browser_Chrome": 1.0, "cat__browser_Edge": 0.0, "cat__browser_Firefox": 0.0, "cat__browser_Safari": 0.0, "cat__is_new_device_False": 1.0, "cat__is_new_device_True": 0.0, "cat__ip_country_AU": 0.0, "cat__ip_country_BR": 0.0, "cat__ip_country_CA": 0.0, "cat__ip_country_DE": 0.0, "cat__ip_country_ES": 0.0, "cat__ip_country_FR": 0.0, "cat__ip_country_GB": 0.0, "cat__ip_country_IE": 0.0, "cat__ip_country_IN": 0.0, "cat__ip_country_IT": 0.0, "cat__ip_country_NL": 1.0, "cat__ip_country_PL": 0.0, "cat__ip_country_PT": 0.0, "cat__ip_country_SE": 0.0, "cat__ip_country_US": 0.0, "cat__is_proxy_vpn_False": 0.0, "cat__is_proxy_vpn_True": 1.0, "cat__billing_country_AU": 0.0, "cat__billing_country_BR": 0.0, "cat__billing_country_CA": 0.0, "cat__billing_country_DE": 0.0, "cat__billing_country_ES": 0.0, "cat__billing_country_FR": 0.0, "cat__billing_country_GB": 0.0, "cat__billing_country_IE": 1.0, "cat__billing_country_IN": 0.0, "cat__billing_country_IT": 0.0, "cat__billing_country_NL": 0.0, "cat__billing_country_PL": 0.0, "cat__billing_country_PT": 0.0, "cat__billing_country_SE": 0.0, "cat__billing_country_US": 0.0, "cat__shipping_country_AU": 0.0, "cat__shipping_country_BR": 0.0, "cat__shipping_country_CA": 0.0, "cat__shipping_country_DE": 0.0, "cat__shipping_country_ES": 0.0, "cat__shipping_country_FR": 0.0, "cat__shipping_country_GB": 0.0, "cat__shipping_country_IE": 0.0, "cat__shipping_country_IN": 0.0, "cat__shipping_country_IT": 0.0, "cat__shipping_country_NL": 0.0, "cat__shipping_country_PL": 0.0, "cat__shipping_country_PT": 0.0, "cat__shipping_country_SE": 1.0, "cat__shipping_country_US": 0.0, "cat__country_mismatch_False": 0.0, "cat__country_mismatch_True": 1.0, "cat__night_txn_False": 1.0, "cat__night_txn_True": 0.0, "cat__weekend_txn_False": 1.0, "cat__weekend_txn_True": 0.0}, "reason_codes": ["xgb_gray_zone"]}