{"meta": {}, "features": {"num__V1": -0.0438562918421355, "num__V2": 0.7733723321726594, "num__V3": -0.2651068465261252, "num__V4": 0.6004808431535131, "num__V5": 0.7391186672400025, "num__V6": -0.093736973236687, "num__V7": 0.7483212034960482, "num__V8": -0.3388513686671223, "num__V9": -0.1816315384636801, "num__V10": 0.3547411431373241, "num__V11": -0.5973495073374046, "num__V12": -0.4491504779798557, "num__V13": 0.0510872093701186, "num__V14": -1.1574888159885994, "num__V15": 1.56409009028608, "num__V16": -1.0474978482385782, "num__V17": 1.4563931403133847, "num__V18": 0.1857037459536679, "num__V19": 3.3918095203158867, "num__V20": 0.5251865805995783, "num__V21": -0.4143767066425263, "num__V22": -0.7512647717002964, "num__V23": 0.1112109420506449, "num__V24": 0.5716630061586532, "num__V25": -1.8151444650768431, "num__V26": 1.0716472408390472, "num__V27": -0.3490259329238092, "num__V28": 0.1858179038945056, "num__Amount": -0.3257035460001252, "num__ip_reputation": 1.5964159945914038, "num__txn_count_5m": 1.4723095227926413, "num__txn_count_30m": 1.4696745353007232, "num__txn_count_60m": 1.4630787923575193, "num__avg_amount_7d": -0.3478292509294969, "num__account_age_days": -1.2531579060926226, "num__token_age_days": -1.7299328479907892, "num__avg_spend_user_30d": -0.0664994261864209, "num__geo_distance_km": 1.221454251473536, "num__amount_zscore": -0.72995751123109, "cat__device_os_Android": 0.0, "cat__device_os_MacOS": 0.0, "cat__device_os_Windows": 0.0, "cat__device_os_iOS": 1.0, "cat__browser_Chrome": 0.0, "cat__browser_Edge": 0.0, "cat__browser_Firefox": 0.0, "cat__browser_Safari": 1.0, "cat__is_new_device_False": 1.0, "cat__is_new_device_True": 0.0, "cat__ip_country_AU": 0.0, "cat__ip_country_BR": 0.0, "cat__ip_country_CA": 0.0, "cat__ip_country_DE": 0.0, "cat__ip_country_ES": 0.0, "cat__ip_country_FR": 0.0, "cat__ip_country_GB": 1.0, "cat__ip_country_IE": 0.0, "cat__ip_country_IN": 0.0, "cat__ip_country_IT": 0.0, "cat__ip_country_NL": 0.0, "cat__ip_country_PL": 0.0, "cat__ip_country_PT": 0.0, "cat__ip_country_SE": 0.0, "cat__ip_country_US": 0.0, "cat__is_proxy_vpn_False": 1.0, "cat__is_proxy_vpn_True": 0.0, "cat__billing_country_AU": 0.0, "cat__billing_country_BR": 0.0, "cat__billing_country_CA": 0.0, "cat__billing_country_DE": 0.0, "cat__billing_country_ES": 0.0, "cat__billing_country_FR": 0.0, "cat__billing_country_GB": 0.0, "cat__billing_country_IE": 0.0, "cat__billing_country_IN": 1.0, "cat__billing_country_IT": 0.0, "cat__billing_country_NL": 0.0, "cat__billing_country_PL": 0.0, "cat__billing_country_PT": 0.0, "cat__billing_country_SE": 0.0, "cat__billing_country_US": 0.0, "cat__shipping_country_AU": 0.0, "cat__shipping_country_BR": 0.0, "cat__shipping_country_CA": 1.0, "cat__shipping_country_DE": 0.0, "cat__shipping_country_ES": 0.0, "cat__shipping_country_FR": 0.0, "cat__shipping_country_GB": 0.0, "cat__shipping_country_IE": 0.0, "cat__shipping_country_IN": 0.0, "cat__shipping_country_IT": 0.0, "cat__shipping_country_NL": 0.0, "cat__shipping_country_PL": 0.0, "cat__shipping_country_PT": 0.0, "cat__shipping_country_SE": 0.0, "cat__shipping_country_US": 0.0, "cat__country_mismatch_False": 0.0, "cat__country_mismatch_True": 1.0, "cat__night_txn_False": 1.0, "cat__night_txn_True": 0.0, "cat__weekend_txn_False": 1.0, "cat__weekend_txn_True": 0.0}, "reason_codes": ["xgb_gray_zone"]}