{"meta": {}, "features": {"num__V1": -0.4253274570773668, "num__V2": 0.3536734996584806, "num__V3": -0.6435778238419323, "num__V4": 2.249997558385353, "num__V5": -1.5458257790957752, "num__V6": 1.99156101615158, "num__V7": 2.641233691150878, "num__V8": 0.0680835214759264, "num__V9": -1.0431815528613948, "num__V10": -0.0431167010380981, "num__V11": -2.3325207340274763, "num__V12": -0.1669831501157595, "num__V13": 0.4329574428047671, "num__V14": -0.5141328013285387, "num__V15": -2.853684964647697, "num__V16": 0.830462285743749, "num__V17": -0.6138714897071335, "num__V18": -0.0331322288346569, "num__V19": -1.737101966697295, "num__V20": -0.2945576329323965, "num__V21": 0.4090101472355528, "num__V22": 1.572684808943601, "num__V23": 0.4950060392913598, "num__V24": 0.8736937974023994, "num__V25": 0.4135863658211658, "num__V26": 0.4415591430321568, "num__V27": 0.1329660039062843, "num__V28": -0.7371214918724975, "num__Amount": 2.480560390599183, "num__ip_reputation": 1.6969619584038829, "num__txn_count_5m": -0.0310606823446588, "num__txn_count_30m": -0.0314702485099449, "num__txn_count_60m": -0.0321831883346548, "num__avg_amount_7d": 1.325513430360428, "num__account_age_days": -1.4363872172238483, "num__token_age_days": 0.494266887446148, "num__avg_spend_user_30d": -0.3468798014614581, "num__geo_distance_km": -0.7943565526764078, "num__amount_zscore": 1.1059955314827126, "cat__device_os_Android": 1.0, "cat__device_os_MacOS": 0.0, "cat__device_os_Windows": 0.0, "cat__device_os_iOS": 0.0, "cat__browser_Chrome": 0.0, "cat__browser_Edge": 1.0, "cat__browser_Firefox": 0.0, "cat__browser_Safari": 0.0, "cat__is_new_device_False": 1.0, "cat__is_new_device_True": 0.0, "cat__ip_country_AU": 0.0, "cat__ip_country_BR": 0.0, "cat__ip_country_CA": 0.0, "cat__ip_country_DE": 0.0, "cat__ip_country_ES": 0.0, "cat__ip_country_FR": 0.0, "cat__ip_country_GB": 0.0, "cat__ip_country_IE": 1.0, "cat__ip_country_IN": 0.0, "cat__ip_country_IT": 0.0, "cat__ip_country_NL": 0.0, "cat__ip_country_PL": 0.0, "cat__ip_country_PT": 0.0, "cat__ip_country_SE": 0.0, "cat__ip_country_US": 0.0, "cat__is_proxy_vpn_False": 0.0, "cat__is_proxy_vpn_True": 1.0, "cat__billing_country_AU": 0.0, "cat__billing_country_BR": 0.0, "cat__billing_country_CA": 0.0, "cat__billing_country_DE": 0.0, "cat__billing_country_ES": 0.0, "cat__billing_country_FR": 0.0, "cat__billing_country_GB": 0.0, "cat__billing_country_IE": 0.0, "cat__billing_country_IN": 0.0, "cat__billing_country_IT": 0.0, "cat__billing_country_NL": 0.0, "cat__billing_country_PL": 0.0, "cat__billing_country_PT": 1.0, "cat__billing_country_SE": 0.0, "cat__billing_country_US": 0.0, "cat__shipping_country_AU": 0.0, "cat__shipping_country_BR": 0.0, "cat__shipping_country_CA": 0.0, "cat__shipping_country_DE": 0.0, "cat__shipping_country_ES": 0.0, "cat__shipping_country_FR": 0.0, "cat__shipping_country_GB": 0.0, "cat__shipping_country_IE": 0.0, "cat__shipping_country_IN": 0.0, "cat__shipping_country_IT": 0.0, "cat__shipping_country_NL": 1.0, "cat__shipping_country_PL": 0.0, "cat__shipping_country_PT": 0.0, "cat__shipping_country_SE": 0.0, "cat__shipping_country_US": 0.0, "cat__country_mismatch_False": 0.0, "cat__country_mismatch_True": 1.0, "cat__night_txn_False": 0.0, "cat__night_txn_True": 1.0, "cat__weekend_txn_False": 1.0, "cat__weekend_txn_True": 0.0}, "reason_codes": ["xgb_gray_zone"]}