{"meta": {}, "features": {"num__V1": -0.0717704203567075, "num__V2": 1.2607490784081898, "num__V3": -0.5205901795449382, "num__V4": 2.0785003385569834, "num__V5": 1.2077856774281537, "num__V6": -0.2118577922072623, "num__V7": 0.964855333745384, "num__V8": 0.1029251237459972, "num__V9": -1.4663734022224988, "num__V10": 0.135026480075592, "num__V11": 0.5379543427813626, "num__V12": -0.886570659935805, "num__V13": -1.5019392955934172, "num__V14": -2.3918386792317055, "num__V15": -1.7625417818963829, "num__V16": 2.27941986290338, "num__V17": 1.085152283187757, "num__V18": 1.5400702115744704, "num__V19": -1.8773791779186388, "num__V20": -0.1798530509692547, "num__V21": -0.4742527461280457, "num__V22": -1.536008037062098, "num__V23": 0.0519641623903265, "num__V24": -1.1623503921699847, "num__V25": -1.115134852550704, "num__V26": -0.8463286388063997, "num__V27": 0.4238226446430078, "num__V28": 0.4863669744972119, "num__Amount": -0.325502670999295, "num__ip_reputation": 1.6484225275978586, "num__txn_count_5m": -0.7827457849133089, "num__txn_count_30m": -0.782042640415279, "num__txn_count_60m": -0.7798141786807419, "num__avg_amount_7d": -0.4096618907649823, "num__account_age_days": -1.1356145744235344, "num__token_age_days": -0.2818368500254641, "num__avg_spend_user_30d": -0.4170888710425243, "num__geo_distance_km": -0.9075623789659836, "num__amount_zscore": 1.1059955314827126, "cat__device_os_Android": 0.0, "cat__device_os_MacOS": 0.0, "cat__device_os_Windows": 0.0, "cat__device_os_iOS": 1.0, "cat__browser_Chrome": 1.0, "cat__browser_Edge": 0.0, "cat__browser_Firefox": 0.0, "cat__browser_Safari": 0.0, "cat__is_new_device_False": 1.0, "cat__is_new_device_True": 0.0, "cat__ip_country_AU": 0.0, "cat__ip_country_BR": 0.0, "cat__ip_country_CA": 0.0, "cat__ip_country_DE": 0.0, "cat__ip_country_ES": 0.0, "cat__ip_country_FR": 0.0, "cat__ip_country_GB": 0.0, "cat__ip_country_IE": 0.0, "cat__ip_country_IN": 1.0, "cat__ip_country_IT": 0.0, "cat__ip_country_NL": 0.0, "cat__ip_country_PL": 0.0, "cat__ip_country_PT": 0.0, "cat__ip_country_SE": 0.0, "cat__ip_country_US": 0.0, "cat__is_proxy_vpn_False": 1.0, "cat__is_proxy_vpn_True": 0.0, "cat__billing_country_AU": 0.0, "cat__billing_country_BR": 0.0, "cat__billing_country_CA": 0.0, "cat__billing_country_DE": 0.0, "cat__billing_country_ES": 0.0, "cat__billing_country_FR": 0.0, "cat__billing_country_GB": 0.0, "cat__billing_country_IE": 0.0, "cat__billing_country_IN": 0.0, "cat__billing_country_IT": 0.0, "cat__billing_country_NL": 1.0, "cat__billing_country_PL": 0.0, "cat__billing_country_PT": 0.0, "cat__billing_country_SE": 0.0, "cat__billing_country_US": 0.0, "cat__shipping_country_AU": 0.0, "cat__shipping_country_BR": 0.0, "cat__shipping_country_CA": 0.0, "cat__shipping_country_DE": 0.0, "cat__shipping_country_ES": 0.0, "cat__shipping_country_FR": 0.0, "cat__shipping_country_GB": 0.0, "cat__shipping_country_IE": 0.0, "cat__shipping_country_IN": 0.0, "cat__shipping_country_IT": 0.0, "cat__shipping_country_NL": 0.0, "cat__shipping_country_PL": 0.0, "cat__shipping_country_PT": 0.0, "cat__shipping_country_SE": 1.0, "cat__shipping_country_US": 0.0, "cat__country_mismatch_False": 0.0, "cat__country_mismatch_True": 1.0, "cat__night_txn_False": 1.0, "cat__night_txn_True": 0.0, "cat__weekend_txn_False": 1.0, "cat__weekend_txn_True": 0.0}, "reason_codes": ["xgb_gray_zone"]}