{"meta": {"txn_id": "txn_00017", "timestamp": "2025-12-22T22:58:19.578907Z", "merchant_id": "m_621", "user_id": "u_9085", "country": "US", "currency": "EUR", "ip_country": "US"}, "features": {"num__V1": -0.23047178650180267, "num__V2": 2.3765836814572454, "num__V3": -4.844300765128617, "num__V4": 1.0267487341608206, "num__V5": -1.5733695903719893, "num__V6": 0.9455526852852337, "num__V7": -1.2680902797482203, "num__V8": -1.6863474726723862, "num__V9": -0.9127430086627419, "num__V10": -5.993401098284284, "num__V11": 2.927570062227417, "num__V12": 0.6207266328710506, "num__V13": 0.7932481147100168, "num__V14": -1.9262255592576951, "num__V15": -0.36857070950237575, "num__V16": -5.3978411018093375, "num__V17": -9.486029926560672, "num__V18": -5.874600442475483, "num__V19": 1.0205903090950885, "num__V20": 0.16412424125384384, "num__V21": 2.4354773544040365, "num__V22": 1.2428504842660928, "num__V23": 0.09229305726129629, "num__V24": -0.0018056127972121971, "num__V25": -0.22479156992601754, "num__V26": -0.1266464660720945, "num__V27": 1.212712510657382, "num__V28": -0.00711149129118592, "num__Amount": -0.12351590131973778, "num__ip_reputation": 0.5322490976114662, "num__txn_count_5m": 0.7823598406580927, "num__txn_count_30m": -0.1308941805716884, "num__txn_count_60m": 0.48078917572310675, "num__avg_amount_7d": 0.1180195826927711, "num__account_age_days": -0.05397636183068455, "num__token_age_days": -0.1318637669706096, "num__avg_spend_user_30d": -0.3378928461126423, "num__geo_distance_km": -0.15592219014528072, "num__amount_zscore": 0.4845395484796272, "cat__device_os_Android": 0.628579494285894, "cat__device_os_MacOS": -0.013711702534952047, "cat__device_os_Windows": 0.03707090078637909, "cat__device_os_iOS": 0.231386114652733, "cat__browser_Chrome": 0.2776859299232751, "cat__browser_Edge": 0.4224125678412072, "cat__browser_Firefox": 0.06778167361145418, "cat__browser_Safari": 0.03017405985862953, "cat__is_new_device_False": 0.8680320259119148, "cat__is_new_device_True": 0.11282474670789236, "cat__ip_country_AU": 0.19222589204496798, "cat__ip_country_BR": 0.12895247249371056, "cat__ip_country_CA": 0.13180380737693181, "cat__ip_country_DE": 0.04955988748449658, "cat__ip_country_ES": 0.3653032841706477, "cat__ip_country_FR": -0.028920858467454708, "cat__ip_country_GB": 0.12079031829807182, "cat__ip_country_IE": -0.07853448934092128, "cat__ip_country_IN": -0.056696940085759095, "cat__ip_country_IT": -0.005945715098479722, "cat__ip_country_NL": 0.27932452175799233, "cat__ip_country_PL": 0.09518325794601594, "cat__ip_country_PT": -0.003607426024766519, "cat__ip_country_SE": 0.10342342651359385, "cat__ip_country_US": 0.06752856589023332, "cat__is_proxy_vpn_False": 0.6844434720127968, "cat__is_proxy_vpn_True": -0.031551566483420834, "cat__billing_country_AU": 0.23835715052951548, "cat__billing_country_BR": 0.09010542268081133, "cat__billing_country_CA": 0.30053504440140727, "cat__billing_country_DE": 0.18422342605111788, "cat__billing_country_ES": 0.1269301818399666, "cat__billing_country_FR": 0.01080295544675934, "cat__billing_country_GB": -0.0612962155943774, "cat__billing_country_IE": 0.052586391138564934, "cat__billing_country_IN": -0.06126756152103026, "cat__billing_country_IT": 0.14746008093235602, "cat__billing_country_NL": 0.2595034319637469, "cat__billing_country_PL": 0.030889742686838847, "cat__billing_country_PT": 0.18982757098677938, "cat__billing_country_SE": -0.015193541171001058, "cat__billing_country_US": 0.0328645896369221, "cat__shipping_country_AU": -0.026841730105069822, "cat__shipping_country_BR": -0.17215624529094692, "cat__shipping_country_CA": 0.06410184908568087, "cat__shipping_country_DE": 0.08428950254813024, "cat__shipping_country_ES": 0.1941386827775684, "cat__shipping_country_FR": 0.16170995943831887, "cat__shipping_country_GB": 0.1484838911641276, "cat__shipping_country_IE": -0.04601255170706727, "cat__shipping_country_IN": 0.12550845078932601, "cat__shipping_country_IT": 0.2509820937707055, "cat__shipping_country_NL": 0.11575402891849412, "cat__shipping_country_PL": 0.26893596846856455, "cat__shipping_country_PT": 0.31789783302623914, "cat__shipping_country_SE": 0.03229897902240209, "cat__shipping_country_US": -0.014014068030200708, "cat__country_mismatch_False": -0.01793450245438001, "cat__country_mismatch_True": 0.7516785111983455, "cat__night_txn_False": 0.6470871363929068, "cat__night_txn_True": 0.4951462971379264, "cat__weekend_txn_False": -0.20901655534113844, "cat__weekend_txn_True": 0.5300957367095392}, "reason_codes": ["xgb_gray_zone", "ae_review_gate"]}