{"meta": {}, "features": {"num__V1": 1.0908929956948792, "num__V2": 0.7526317127911542, "num__V3": -1.5250827817549364, "num__V4": 2.817034749815846, "num__V5": 1.0405698727068668, "num__V6": -0.3526088470246136, "num__V7": 0.4426132984664062, "num__V8": -0.1519937942802283, "num__V9": -0.9881659761305156, "num__V10": 0.2814153082907686, "num__V11": -0.958315091549482, "num__V12": -0.5059655802752923, "num__V13": 0.3755459650516783, "num__V14": -2.7673169989929636, "num__V15": -0.7322864281960264, "num__V16": 2.0867158973448876, "num__V17": 1.2475098871927348, "num__V18": 0.7052188192962158, "num__V19": -1.7961391656636094, "num__V20": -0.2555310257451158, "num__V21": -0.6120685456436067, "num__V22": -1.7770147321216636, "num__V23": 0.3924791175081666, "num__V24": -1.599205396045659, "num__V25": -0.4216708782842402, "num__V26": -0.6310049236924229, "num__V27": -0.0056727219238147, "num__V28": 0.0305110420980886, "num__Amount": -0.3497683710995939, "num__ip_reputation": 0.275450056227456, "num__txn_count_5m": -0.7827457849133089, "num__txn_count_30m": -0.782042640415279, "num__txn_count_60m": -0.7798141786807419, "num__avg_amount_7d": -0.4399513591028843, "num__account_age_days": -1.0284427131958362, "num__token_age_days": -1.408133737331828, "num__avg_spend_user_30d": 0.2141089006132301, "num__geo_distance_km": 1.658837568591611, "num__amount_zscore": -0.6403718507131272, "cat__device_os_Android": 0.0, "cat__device_os_MacOS": 0.0, "cat__device_os_Windows": 0.0, "cat__device_os_iOS": 1.0, "cat__browser_Chrome": 0.0, "cat__browser_Edge": 0.0, "cat__browser_Firefox": 1.0, "cat__browser_Safari": 0.0, "cat__is_new_device_False": 1.0, "cat__is_new_device_True": 0.0, "cat__ip_country_AU": 0.0, "cat__ip_country_BR": 0.0, "cat__ip_country_CA": 0.0, "cat__ip_country_DE": 0.0, "cat__ip_country_ES": 0.0, "cat__ip_country_FR": 1.0, "cat__ip_country_GB": 0.0, "cat__ip_country_IE": 0.0, "cat__ip_country_IN": 0.0, "cat__ip_country_IT": 0.0, "cat__ip_country_NL": 0.0, "cat__ip_country_PL": 0.0, "cat__ip_country_PT": 0.0, "cat__ip_country_SE": 0.0, "cat__ip_country_US": 0.0, "cat__is_proxy_vpn_False": 1.0, "cat__is_proxy_vpn_True": 0.0, "cat__billing_country_AU": 0.0, "cat__billing_country_BR": 0.0, "cat__billing_country_CA": 0.0, "cat__billing_country_DE": 0.0, "cat__billing_country_ES": 0.0, "cat__billing_country_FR": 0.0, "cat__billing_country_GB": 0.0, "cat__billing_country_IE": 0.0, "cat__billing_country_IN": 1.0, "cat__billing_country_IT": 0.0, "cat__billing_country_NL": 0.0, "cat__billing_country_PL": 0.0, "cat__billing_country_PT": 0.0, "cat__billing_country_SE": 0.0, "cat__billing_country_US": 0.0, "cat__shipping_country_AU": 0.0, "cat__shipping_country_BR": 0.0, "cat__shipping_country_CA": 0.0, "cat__shipping_country_DE": 0.0, "cat__shipping_country_ES": 0.0, "cat__shipping_country_FR": 0.0, "cat__shipping_country_GB": 0.0, "cat__shipping_country_IE": 0.0, "cat__shipping_country_IN": 0.0, "cat__shipping_country_IT": 0.0, "cat__shipping_country_NL": 0.0, "cat__shipping_country_PL": 0.0, "cat__shipping_country_PT": 0.0, "cat__shipping_country_SE": 0.0, "cat__shipping_country_US": 1.0, "cat__country_mismatch_False": 0.0, "cat__country_mismatch_True": 1.0, "cat__night_txn_False": 1.0, "cat__night_txn_True": 0.0, "cat__weekend_txn_False": 1.0, "cat__weekend_txn_True": 0.0}, "reason_codes": ["xgb_gray_zone"]}