{"meta": {}, "features": {"num__V1": 0.0447160267119558, "num__V2": 0.5470065324091622, "num__V3": -0.8387101910934639, "num__V4": -0.189484295939641, "num__V5": 1.1381799170975393, "num__V6": 0.1043704304888051, "num__V7": 0.6679302104124142, "num__V8": 0.2069074520265553, "num__V9": 0.1592850063769104, "num__V10": -1.6852272212770096, "num__V11": -0.167726336678722, "num__V12": -0.6893698020690525, "num__V13": -1.583273981655707, "num__V14": -2.5555331074895693, "num__V15": 0.0281432315025434, "num__V16": -0.5750175075002288, "num__V17": 3.1918187188747056, "num__V18": -0.5891026209641624, "num__V19": -1.936765234114851, "num__V20": -0.399887284215958, "num__V21": 0.1984737423898838, "num__V22": 1.073571528096294, "num__V23": -0.2893084366887239, "num__V24": -2.01247810733832, "num__V25": -0.7607462360125733, "num__V26": 1.530506554384327, "num__V27": 0.2024255892237809, "num__V28": 0.2133405396969287, "num__Amount": -0.3112003709401783, "num__ip_reputation": 0.4349367574472504, "num__txn_count_5m": 0.7206244202239912, "num__txn_count_30m": 0.7191021433953892, "num__txn_count_60m": 0.7154478020114323, "num__avg_amount_7d": 0.3460202257645632, "num__account_age_days": -0.9247280087819348, "num__token_age_days": -0.4616657648054718, "num__avg_spend_user_30d": -0.498695516854283, "num__geo_distance_km": 1.221454251473536, "num__amount_zscore": -1.2497755413970455, "cat__device_os_Android": 0.0, "cat__device_os_MacOS": 0.0, "cat__device_os_Windows": 0.0, "cat__device_os_iOS": 1.0, "cat__browser_Chrome": 0.0, "cat__browser_Edge": 1.0, "cat__browser_Firefox": 0.0, "cat__browser_Safari": 0.0, "cat__is_new_device_False": 1.0, "cat__is_new_device_True": 0.0, "cat__ip_country_AU": 0.0, "cat__ip_country_BR": 0.0, "cat__ip_country_CA": 0.0, "cat__ip_country_DE": 0.0, "cat__ip_country_ES": 0.0, "cat__ip_country_FR": 0.0, "cat__ip_country_GB": 0.0, "cat__ip_country_IE": 0.0, "cat__ip_country_IN": 0.0, "cat__ip_country_IT": 0.0, "cat__ip_country_NL": 0.0, "cat__ip_country_PL": 0.0, "cat__ip_country_PT": 0.0, "cat__ip_country_SE": 0.0, "cat__ip_country_US": 1.0, "cat__is_proxy_vpn_False": 1.0, "cat__is_proxy_vpn_True": 0.0, "cat__billing_country_AU": 0.0, "cat__billing_country_BR": 0.0, "cat__billing_country_CA": 0.0, "cat__billing_country_DE": 0.0, "cat__billing_country_ES": 0.0, "cat__billing_country_FR": 0.0, "cat__billing_country_GB": 0.0, "cat__billing_country_IE": 0.0, "cat__billing_country_IN": 1.0, "cat__billing_country_IT": 0.0, "cat__billing_country_NL": 0.0, "cat__billing_country_PL": 0.0, "cat__billing_country_PT": 0.0, "cat__billing_country_SE": 0.0, "cat__billing_country_US": 0.0, "cat__shipping_country_AU": 0.0, "cat__shipping_country_BR": 0.0, "cat__shipping_country_CA": 1.0, "cat__shipping_country_DE": 0.0, "cat__shipping_country_ES": 0.0, "cat__shipping_country_FR": 0.0, "cat__shipping_country_GB": 0.0, "cat__shipping_country_IE": 0.0, "cat__shipping_country_IN": 0.0, "cat__shipping_country_IT": 0.0, "cat__shipping_country_NL": 0.0, "cat__shipping_country_PL": 0.0, "cat__shipping_country_PT": 0.0, "cat__shipping_country_SE": 0.0, "cat__shipping_country_US": 0.0, "cat__country_mismatch_False": 0.0, "cat__country_mismatch_True": 1.0, "cat__night_txn_False": 1.0, "cat__night_txn_True": 0.0, "cat__weekend_txn_False": 1.0, "cat__weekend_txn_True": 0.0}, "reason_codes": ["xgb_gray_zone"]}