{"meta": {"txn_id": "txn_00042", "timestamp": "2025-12-18T04:59:19.589603Z", "merchant_id": "m_777", "user_id": "u_8973", "country": "DE", "currency": "EUR", "ip_country": "DE"}, "features": {"num__V1": -2.168981343814343, "num__V2": 1.0509667377917622, "num__V3": -2.966833691439441, "num__V4": 1.560552868661805, "num__V5": -1.3827831103001011, "num__V6": -1.281551347727612, "num__V7": -4.544513917204118, "num__V8": -2.427477887259806, "num__V9": -0.185557067419446, "num__V10": -7.619581002767601, "num__V11": 3.529322203941767, "num__V12": -0.02583772577765764, "num__V13": -0.2020718374032055, "num__V14": -10.130389957656439, "num__V15": -0.2564899558405863, "num__V16": -2.7879909497397284, "num__V17": -8.067327219472364, "num__V18": -2.3823621119164713, "num__V19": 1.6705943527978317, "num__V20": 0.7071841632848634, "num__V21": -1.3172031357437315, "num__V22": -1.3861736969065803, "num__V23": -0.2613316417992041, "num__V24": -0.16033259626292057, "num__V25": 0.3816845585021914, "num__V26": -0.21363579421522755, "num__V27": 0.9243678481819074, "num__V28": 1.465355776229245, "num__Amount": 0.3820261433461555, "num__ip_reputation": 0.5175318931257092, "num__txn_count_5m": 0.14425523166915102, "num__txn_count_30m": 0.10377288140128005, "num__txn_count_60m": 1.626962718832981, "num__avg_amount_7d": -0.26100598750650744, "num__account_age_days": -0.5813729572564922, "num__token_age_days": 2.132429065824712e-05, "num__avg_spend_user_30d": -0.24440709827111892, "num__geo_distance_km": -0.626194496531547, "num__amount_zscore": 0.1455236211991997, "cat__device_os_Android": 0.22032918175696287, "cat__device_os_MacOS": 0.34484756726917765, "cat__device_os_Windows": 0.14960119918799297, "cat__device_os_iOS": 0.5106518620141322, "cat__browser_Chrome": 0.08093903539692734, "cat__browser_Edge": 0.6083892949059222, "cat__browser_Firefox": -0.10083299315815117, "cat__browser_Safari": 0.32158670275595896, "cat__is_new_device_False": 0.9217071354235431, "cat__is_new_device_True": 0.027357194265571205, "cat__ip_country_AU": 0.13094187212287528, "cat__ip_country_BR": 0.22186542339919113, "cat__ip_country_CA": -0.18683667575310625, "cat__ip_country_DE": 0.11636816842153863, "cat__ip_country_ES": -0.2245912961429088, "cat__ip_country_FR": -0.04336197917720544, "cat__ip_country_GB": 0.22939087608275813, "cat__ip_country_IE": -0.0022505816215972266, "cat__ip_country_IN": -0.06801432944622962, "cat__ip_country_IT": 0.03903493264279516, "cat__ip_country_NL": 0.33291004980801364, "cat__ip_country_PL": -0.14243188480491037, "cat__ip_country_PT": -0.05436578595379807, "cat__ip_country_SE": 0.22737417932975265, "cat__ip_country_US": 0.2712058482842131, "cat__is_proxy_vpn_False": 0.7558540219634073, "cat__is_proxy_vpn_True": -0.0025904874532698963, "cat__billing_country_AU": 0.3151570651495448, "cat__billing_country_BR": 0.24694692872102736, "cat__billing_country_CA": 0.13594212504674175, "cat__billing_country_DE": -0.022533049070524475, "cat__billing_country_ES": 0.05932177302259731, "cat__billing_country_FR": 0.04044009548327169, "cat__billing_country_GB": 0.08988273231911513, "cat__billing_country_IE": 0.25460364186579193, "cat__billing_country_IN": 0.1688372771410085, "cat__billing_country_IT": -0.0545514644806467, "cat__billing_country_NL": 0.22974453735094713, "cat__billing_country_PL": 0.09335690930686427, "cat__billing_country_PT": 0.158830430459403, "cat__billing_country_SE": 0.22171751040778798, "cat__billing_country_US": -0.05987325881054474, "cat__shipping_country_AU": 0.0618016873131204, "cat__shipping_country_BR": -0.0008835716983867509, "cat__shipping_country_CA": -0.11186612013620767, "cat__shipping_country_DE": 0.10946460161957669, "cat__shipping_country_ES": 0.36164667141812656, "cat__shipping_country_FR": -0.14372244259882883, "cat__shipping_country_GB": 0.056145580077673424, "cat__shipping_country_IE": 0.13297029866414925, "cat__shipping_country_IN": 0.08615304837918789, "cat__shipping_country_IT": 0.055636473041856656, "cat__shipping_country_NL": -0.08052135996791658, "cat__shipping_country_PL": 0.09030924043064768, "cat__shipping_country_PT": -0.014899822022408665, "cat__shipping_country_SE": -0.18114603608211244, "cat__shipping_country_US": 0.19935797644144418, "cat__country_mismatch_False": 0.18311934156734044, "cat__country_mismatch_True": 0.934957251746318, "cat__night_txn_False": 0.8013335896815056, "cat__night_txn_True": 0.46762925908985964, "cat__weekend_txn_False": 0.29959996419887863, "cat__weekend_txn_True": 0.9367311585614244}, "reason_codes": ["xgb_gray_zone", "ae_review_gate"]}