{"meta": {"txn_id": "txn_00023", "timestamp": "2025-12-22T16:38:19.581265Z", "merchant_id": "m_652", "user_id": "u_9689", "country": "US", "currency": "EUR", "ip_country": "FR"}, "features": {"num__V1": -0.3351347835392149, "num__V2": 2.434431736031538, "num__V3": -0.6394769814554118, "num__V4": 1.8977128424098129, "num__V5": -3.064080469190325, "num__V6": 1.057129021417802, "num__V7": -1.4376936650047745, "num__V8": -0.014678388566468414, "num__V9": -1.4232888273656679, "num__V10": -2.5885007071644615, "num__V11": 3.413306608606563, "num__V12": -2.701365678689146, "num__V13": 0.38081302654014554, "num__V14": -3.3603333260587984, "num__V15": -0.13085724136156118, "num__V16": -1.299309550889356, "num__V17": -2.1905770658272488, "num__V18": -1.85557759548437, "num__V19": -0.10095982183553354, "num__V20": 0.4785770440332328, "num__V21": 0.7351753714874749, "num__V22": -0.4801293011742854, "num__V23": -0.6882289411207297, "num__V24": 0.11486244010279031, "num__V25": 0.4157146404402451, "num__V26": -0.13305816673137144, "num__V27": -0.5261065598948812, "num__V28": -0.46492080930434504, "num__Amount": 0.18896978963092065, "num__ip_reputation": 0.143868781137114, "num__txn_count_5m": 1.5907025636694059, "num__txn_count_30m": 0.06633080961198595, "num__txn_count_60m": -1.6868900104002882, "num__avg_amount_7d": -0.0016268169629036332, "num__account_age_days": -0.6373083441822716, "num__token_age_days": 0.4814995579302888, "num__avg_spend_user_30d": 0.0974075795461321, "num__geo_distance_km": -0.34097703144155356, "num__amount_zscore": -0.1374372577264209, "cat__device_os_Android": 0.29604584735019257, "cat__device_os_MacOS": -0.18191380139578053, "cat__device_os_Windows": 0.5246790238101808, "cat__device_os_iOS": 0.09827175720367057, "cat__browser_Chrome": 0.5378468400667505, "cat__browser_Edge": 0.34310118093485903, "cat__browser_Firefox": 0.3671580339341328, "cat__browser_Safari": 0.4606226420119157, "cat__is_new_device_False": 0.9372525106454292, "cat__is_new_device_True": 0.26100286174289206, "cat__ip_country_AU": 0.059106866933481536, "cat__ip_country_BR": 0.1154416131337644, "cat__ip_country_CA": 0.00043984755611738147, "cat__ip_country_DE": 0.023272340455974337, "cat__ip_country_ES": 0.31774953102266706, "cat__ip_country_FR": -0.02558432616819553, "cat__ip_country_GB": 0.0721085834621275, "cat__ip_country_IE": 0.07484762343627648, "cat__ip_country_IN": 0.029267861717992907, "cat__ip_country_IT": 0.11729785075666041, "cat__ip_country_NL": 0.1523073290754658, "cat__ip_country_PL": -0.03971706478725899, "cat__ip_country_PT": 0.072594770731938, "cat__ip_country_SE": -0.0573714599358384, "cat__ip_country_US": 0.1517239179819465, "cat__is_proxy_vpn_False": 0.8073005298028855, "cat__is_proxy_vpn_True": 0.24026774206972798, "cat__billing_country_AU": 0.1472780450860093, "cat__billing_country_BR": 0.03513047949948437, "cat__billing_country_CA": 0.1618264565923631, "cat__billing_country_DE": -0.03858102535271225, "cat__billing_country_ES": 0.22384192682666626, "cat__billing_country_FR": -0.0016740029165092513, "cat__billing_country_GB": -0.12498544321047314, "cat__billing_country_IE": 0.03917243466019076, "cat__billing_country_IN": 0.017090171808345475, "cat__billing_country_IT": 0.032132078325249, "cat__billing_country_NL": 0.0967419234370511, "cat__billing_country_PL": 0.1787486030371183, "cat__billing_country_PT": 0.053015565939438763, "cat__billing_country_SE": -0.015456028343065968, "cat__billing_country_US": -0.06158867572314529, "cat__shipping_country_AU": 0.012611940559149479, "cat__shipping_country_BR": -0.1459246445174056, "cat__shipping_country_CA": -0.01502662683493658, "cat__shipping_country_DE": 0.21296915678571737, "cat__shipping_country_ES": -0.024759048312977164, "cat__shipping_country_FR": 0.14238834626029045, "cat__shipping_country_GB": -0.07493639219653817, "cat__shipping_country_IE": 0.2582968216827276, "cat__shipping_country_IN": 0.28672417948269047, "cat__shipping_country_IT": 0.13675386198353223, "cat__shipping_country_NL": 0.3041157358353046, "cat__shipping_country_PL": 0.10407794963947634, "cat__shipping_country_PT": 0.16797457653657794, "cat__shipping_country_SE": 0.20230398850657488, "cat__shipping_country_US": 0.08487633163032807, "cat__country_mismatch_False": -0.11039416281537577, "cat__country_mismatch_True": 1.0211494493421, "cat__night_txn_False": 0.6566916246567743, "cat__night_txn_True": 0.16390469010745695, "cat__weekend_txn_False": 0.3150058985361568, "cat__weekend_txn_True": 0.8659931982823625}, "reason_codes": ["xgb_gray_zone", "ae_review_gate"]}