{"_wandb":{"runtime":0},"_runtime":0,"_step":7,"acc":0.7338076581855228,"loss":0.25150805396733955,"_timestamp":1.7690178151242292e+09}