{"test/recall":0.8076923076923077,"_timestamp":1.7690184203672268e+09,"val/roc_auc":0.9983233162009677,"val/precision":0.9245283018867925,"_wandb":{"runtime":0},"val/recall":0.875,"test/roc_auc":0.9911120224982424,"decision_flow/approve_rate":0.9987593923363217,"_step":2,"val/xgb_probability_distribution":{"bins":[3.2353111691918457e-06,0.015627440065145493,0.03125164285302162,0.04687584936618805,0.06250005215406418,0.07812425494194031,0.09374846518039703,0.10937266796827316,0.12499687075614929,0.14062108099460602,0.15624527633190155,0.17186948657035828,0.1874936819076538,0.20311789214611053,0.21874210238456726,0.2343662977218628,0.24999050796031952,0.26561471819877625,0.2812389135360718,0.2968631088733673,0.31248733401298523,0.32811152935028076,0.3437357246875763,0.3593599498271942,0.37498414516448975,0.3906083405017853,0.4062325358390808,0.42185676097869873,0.43748095631599426,0.4531051516532898,0.4687293767929077,0.48435357213020325,0.4999777674674988,0.5156019926071167,0.5312261581420898,0.5468503832817078,0.5624746084213257,0.5780987739562988,0.5937229990959167,0.6093472242355347,0.6249713897705078,0.6405956149101257,0.6562198400497437,0.6718440055847168,0.6874682307243347,0.7030924558639526,0.7187166213989258,0.7343408465385437,0.7499650716781616,0.7655892372131348,0.7812134623527527,0.7968376874923706,0.8124618530273438,0.8280860781669617,0.8437102437019348,0.8593344688415527,0.8749586939811707,0.8905828595161438,0.9062070846557617,0.9218313097953796,0.9374554753303528,0.9530797004699707,0.9687039256095886,0.9843280911445618,0.9999523162841797],"_type":"histogram","values":[42572,46,14,5,9,4,3,5,1,1,0,1,2,0,0,1,0,2,1,1,1,0,0,0,0,0,0,0,0,1,1,1,0,0,2,1,0,0,0,0,0,0,0,1,0,0,0,0,0,0,0,0,0,0,0,0,0,1,0,0,0,2,0,42]},"decision_flow/block_rate":0.0010533461295381661,"_runtime":0,"decision/best_threshold":0.307,"test/precision":0.875,"decision_flow/review_rate":0.00018726153414011846,"val/f1":0.8990825688073395,"test/f1":0.84}