{
  "meta": {
    "source": "demo_sampling",
    "scenario": "block_geo_distance_extreme",
    "category": "block_fraud"
  },
  "features": {
    "num__V1": -0.2687858691369416,
    "num__V2": 2.2783762014249422,
    "num__V3": -4.045327582673653,
    "num__V4": 3.962904477441717,
    "num__V5": 1.2936993051584,
    "num__V6": -1.816260104194089,
    "num__V7": -0.703246852197068,
    "num__V8": 0.5697153464490017,
    "num__V9": -3.3075065263654047,
    "num__V10": -3.861774211358158,
    "num__V11": 4.1407459455325375,
    "num__V12": -4.05259890501604,
    "num__V13": -0.9609586946619548,
    "num__V14": -10.199389875967231,
    "num__V15": -0.6240946090819218,
    "num__V16": 0.3106574110802338,
    "num__V17": 0.6339256086898869,
    "num__V18": 2.1820430808929623,
    "num__V19": -1.3084017292723569,
    "num__V20": 0.4470032251776631,
    "num__V21": 0.4523744606923334,
    "num__V22": -0.612537780685167,
    "num__V23": -0.0988477525046213,
    "num__V24": -1.1136712938556637,
    "num__V25": -1.4324020375234936,
    "num__V26": 0.1317629175275105,
    "num__V27": 1.2354326114704743,
    "num__V28": 0.9253964300235608,
    "num__Amount": -0.3606557961445956,
    "num__ip_reputation": 1.731632980408186,
    "num__txn_count_5m": -0.0310606823446588,
    "num__txn_count_30m": -0.0314702485099449,
    "num__txn_count_60m": -0.0321831883346548,
    "num__avg_amount_7d": -0.2218571574447123,
    "num__account_age_days": -1.3741583945755076,
    "num__token_age_days": -1.5027805345844638,
    "num__avg_spend_user_30d": -0.7170730774343527,
    "num__geo_distance_km": 4.7678271944192305,
    "num__amount_zscore": -1.1059960862447602,
    "cat__device_os_Android": 1.0,
    "cat__device_os_MacOS": 0.0,
    "cat__device_os_Windows": 0.0,
    "cat__device_os_iOS": 0.0,
    "cat__browser_Chrome": 0.0,
    "cat__browser_Edge": 1.0,
    "cat__browser_Firefox": 0.0,
    "cat__browser_Safari": 0.0,
    "cat__is_new_device_False": 1.0,
    "cat__is_new_device_True": 0.0,
    "cat__ip_country_AU": 0.0,
    "cat__ip_country_BR": 1.0,
    "cat__ip_country_CA": 0.0,
    "cat__ip_country_DE": 0.0,
    "cat__ip_country_ES": 0.0,
    "cat__ip_country_FR": 0.0,
    "cat__ip_country_GB": 0.0,
    "cat__ip_country_IE": 0.0,
    "cat__ip_country_IN": 0.0,
    "cat__ip_country_IT": 0.0,
    "cat__ip_country_NL": 0.0,
    "cat__ip_country_PL": 0.0,
    "cat__ip_country_PT": 0.0,
    "cat__ip_country_SE": 0.0,
    "cat__ip_country_US": 0.0,
    "cat__is_proxy_vpn_False": 0.0,
    "cat__is_proxy_vpn_True": 1.0,
    "cat__billing_country_AU": 0.0,
    "cat__billing_country_BR": 1.0,
    "cat__billing_country_CA": 0.0,
    "cat__billing_country_DE": 0.0,
    "cat__billing_country_ES": 0.0,
    "cat__billing_country_FR": 0.0,
    "cat__billing_country_GB": 0.0,
    "cat__billing_country_IE": 0.0,
    "cat__billing_country_IN": 0.0,
    "cat__billing_country_IT": 0.0,
    "cat__billing_country_NL": 0.0,
    "cat__billing_country_PL": 0.0,
    "cat__billing_country_PT": 0.0,
    "cat__billing_country_SE": 0.0,
    "cat__billing_country_US": 0.0,
    "cat__shipping_country_AU": 0.0,
    "cat__shipping_country_BR": 0.0,
    "cat__shipping_country_CA": 0.0,
    "cat__shipping_country_DE": 0.0,
    "cat__shipping_country_ES": 0.0,
    "cat__shipping_country_FR": 0.0,
    "cat__shipping_country_GB": 1.0,
    "cat__shipping_country_IE": 0.0,
    "cat__shipping_country_IN": 0.0,
    "cat__shipping_country_IT": 0.0,
    "cat__shipping_country_NL": 0.0,
    "cat__shipping_country_PL": 0.0,
    "cat__shipping_country_PT": 0.0,
    "cat__shipping_country_SE": 0.0,
    "cat__shipping_country_US": 0.0,
    "cat__country_mismatch_False": 0.0,
    "cat__country_mismatch_True": 1.0,
    "cat__night_txn_False": 1.0,
    "cat__night_txn_True": 0.0,
    "cat__weekend_txn_False": 1.0,
    "cat__weekend_txn_True": 0.0
  }
}