{
  "meta": {
    "source": "demo_sampling",
    "scenario": "block_combined_signals",
    "category": "block_fraud"
  },
  "features": {
    "num__V1": -2.125236798284025,
    "num__V2": 2.3090983566346535,
    "num__V3": -5.697499970259292,
    "num__V4": 5.494291586558733,
    "num__V5": -0.4827125042733217,
    "num__V6": -1.5843960592818254,
    "num__V7": -2.8109838244096794,
    "num__V8": 0.0743811818329461,
    "num__V9": -1.3737065347748998,
    "num__V10": -2.196432392670415,
    "num__V11": 4.182743789012828,
    "num__V12": -8.009124363435168,
    "num__V13": -1.2136973768639354,
    "num__V14": -14.175691401339108,
    "num__V15": 1.2159459033408542,
    "num__V16": -4.948325944831682,
    "num__V17": -6.553653213709751,
    "num__V18": -1.452354593610873,
    "num__V19": 1.3762151766582689,
    "num__V20": -0.2694123682643884,
    "num__V21": 0.7610192835878025,
    "num__V22": 1.0642995852282318,
    "num__V23": 0.7293570369517196,
    "num__V24": -1.035292874380889,
    "num__V25": -0.8763467731361596,
    "num__V26": 0.7393675936035419,
    "num__V27": -6.766545487955782,
    "num__V28": 1.3229060608431071,
    "num__Amount": -0.3566382961279898,
    "num__ip_reputation": 1.731632980408186,
    "num__txn_count_5m": 4.479049933067241,
    "num__txn_count_30m": 5.973108886732728,
    "num__txn_count_60m": 4.453602753741868,
    "num__avg_amount_7d": -0.2289781913917025,
    "num__account_age_days": -1.007699772313056,
    "num__token_age_days": -1.06740526722234,
    "num__avg_spend_user_30d": -0.1569961814581198,
    "num__geo_distance_km": -1.5821709171980598,
    "num__amount_zscore": -0.775303339394503,
    "cat__device_os_Android": 0.0,
    "cat__device_os_MacOS": 0.0,
    "cat__device_os_Windows": 0.0,
    "cat__device_os_iOS": 1.0,
    "cat__browser_Chrome": 0.0,
    "cat__browser_Edge": 0.0,
    "cat__browser_Firefox": 1.0,
    "cat__browser_Safari": 0.0,
    "cat__is_new_device_False": 0.0,
    "cat__is_new_device_True": 1.0,
    "cat__ip_country_AU": 0.0,
    "cat__ip_country_BR": 0.0,
    "cat__ip_country_CA": 0.0,
    "cat__ip_country_DE": 0.0,
    "cat__ip_country_ES": 0.0,
    "cat__ip_country_FR": 0.0,
    "cat__ip_country_GB": 0.0,
    "cat__ip_country_IE": 0.0,
    "cat__ip_country_IN": 0.0,
    "cat__ip_country_IT": 0.0,
    "cat__ip_country_NL": 0.0,
    "cat__ip_country_PL": 0.0,
    "cat__ip_country_PT": 1.0,
    "cat__ip_country_SE": 0.0,
    "cat__ip_country_US": 0.0,
    "cat__is_proxy_vpn_False": 0.0,
    "cat__is_proxy_vpn_True": 1.0,
    "cat__billing_country_AU": 0.0,
    "cat__billing_country_BR": 0.0,
    "cat__billing_country_CA": 0.0,
    "cat__billing_country_DE": 1.0,
    "cat__billing_country_ES": 0.0,
    "cat__billing_country_FR": 0.0,
    "cat__billing_country_GB": 0.0,
    "cat__billing_country_IE": 0.0,
    "cat__billing_country_IN": 0.0,
    "cat__billing_country_IT": 0.0,
    "cat__billing_country_NL": 0.0,
    "cat__billing_country_PL": 0.0,
    "cat__billing_country_PT": 0.0,
    "cat__billing_country_SE": 0.0,
    "cat__billing_country_US": 0.0,
    "cat__shipping_country_AU": 0.0,
    "cat__shipping_country_BR": 0.0,
    "cat__shipping_country_CA": 0.0,
    "cat__shipping_country_DE": 0.0,
    "cat__shipping_country_ES": 0.0,
    "cat__shipping_country_FR": 0.0,
    "cat__shipping_country_GB": 0.0,
    "cat__shipping_country_IE": 0.0,
    "cat__shipping_country_IN": 0.0,
    "cat__shipping_country_IT": 0.0,
    "cat__shipping_country_NL": 1.0,
    "cat__shipping_country_PL": 0.0,
    "cat__shipping_country_PT": 0.0,
    "cat__shipping_country_SE": 0.0,
    "cat__shipping_country_US": 0.0,
    "cat__country_mismatch_False": 0.0,
    "cat__country_mismatch_True": 1.0,
    "cat__night_txn_False": 1.0,
    "cat__night_txn_True": 0.0,
    "cat__weekend_txn_False": 1.0,
    "cat__weekend_txn_True": 0.0
  }
}