{
  "meta": {
    "source": "demo_sampling",
    "scenario": "block_country_mismatch",
    "category": "block_fraud"
  },
  "features": {
    "num__V1": -2.229038468371254,
    "num__V2": 1.970791566038761,
    "num__V3": -4.228256638582327,
    "num__V4": 4.593141741507939,
    "num__V5": 0.3603494110832993,
    "num__V6": -1.52114325965912,
    "num__V7": -1.7382251635245216,
    "num__V8": -0.6161035723678306,
    "num__V9": -1.7486925567514473,
    "num__V10": -3.1684676104418132,
    "num__V11": 4.2683977191270985,
    "num__V12": -8.45575367433746,
    "num__V13": -1.5793829870926706,
    "num__V14": -14.732525817088472,
    "num__V15": 0.4060999420317069,
    "num__V16": -4.583186985319378,
    "num__V17": -7.46980333181958,
    "num__V18": -1.668811911401891,
    "num__V19": -0.246637730440097,
    "num__V20": -0.3784693795172981,
    "num__V21": 0.66560056840589,
    "num__V22": 0.6975009860049525,
    "num__V23": -0.1988054126331325,
    "num__V24": -1.0344154758255537,
    "num__V25": 1.1841648704419794,
    "num__V26": 0.5619863394502592,
    "num__V27": -6.726803424344202,
    "num__V28": 1.6942391417699083,
    "num__Amount": -0.3566382961279898,
    "num__ip_reputation": 1.731632980408186,
    "num__txn_count_5m": -0.7827457849133089,
    "num__txn_count_30m": -0.782042640415279,
    "num__txn_count_60m": -0.7798141786807419,
    "num__avg_amount_7d": -0.4485266887151049,
    "num__account_age_days": -0.9074422247129512,
    "num__token_age_days": 1.4975229383240856,
    "num__avg_spend_user_30d": -0.5903320297490514,
    "num__geo_distance_km": 1.9969608550693485,
    "num__amount_zscore": -2.7738102387101845e-07,
    "cat__device_os_Android": 0.0,
    "cat__device_os_MacOS": 0.0,
    "cat__device_os_Windows": 1.0,
    "cat__device_os_iOS": 0.0,
    "cat__browser_Chrome": 0.0,
    "cat__browser_Edge": 1.0,
    "cat__browser_Firefox": 0.0,
    "cat__browser_Safari": 0.0,
    "cat__is_new_device_False": 1.0,
    "cat__is_new_device_True": 0.0,
    "cat__ip_country_AU": 1.0,
    "cat__ip_country_BR": 0.0,
    "cat__ip_country_CA": 0.0,
    "cat__ip_country_DE": 0.0,
    "cat__ip_country_ES": 0.0,
    "cat__ip_country_FR": 0.0,
    "cat__ip_country_GB": 0.0,
    "cat__ip_country_IE": 0.0,
    "cat__ip_country_IN": 0.0,
    "cat__ip_country_IT": 0.0,
    "cat__ip_country_NL": 0.0,
    "cat__ip_country_PL": 0.0,
    "cat__ip_country_PT": 0.0,
    "cat__ip_country_SE": 0.0,
    "cat__ip_country_US": 0.0,
    "cat__is_proxy_vpn_False": 0.0,
    "cat__is_proxy_vpn_True": 1.0,
    "cat__billing_country_AU": 0.0,
    "cat__billing_country_BR": 0.0,
    "cat__billing_country_CA": 0.0,
    "cat__billing_country_DE": 0.0,
    "cat__billing_country_ES": 0.0,
    "cat__billing_country_FR": 0.0,
    "cat__billing_country_GB": 1.0,
    "cat__billing_country_IE": 0.0,
    "cat__billing_country_IN": 0.0,
    "cat__billing_country_IT": 0.0,
    "cat__billing_country_NL": 0.0,
    "cat__billing_country_PL": 0.0,
    "cat__billing_country_PT": 0.0,
    "cat__billing_country_SE": 0.0,
    "cat__billing_country_US": 0.0,
    "cat__shipping_country_AU": 1.0,
    "cat__shipping_country_BR": 0.0,
    "cat__shipping_country_CA": 0.0,
    "cat__shipping_country_DE": 0.0,
    "cat__shipping_country_ES": 0.0,
    "cat__shipping_country_FR": 0.0,
    "cat__shipping_country_GB": 0.0,
    "cat__shipping_country_IE": 0.0,
    "cat__shipping_country_IN": 0.0,
    "cat__shipping_country_IT": 0.0,
    "cat__shipping_country_NL": 0.0,
    "cat__shipping_country_PL": 0.0,
    "cat__shipping_country_PT": 0.0,
    "cat__shipping_country_SE": 0.0,
    "cat__shipping_country_US": 0.0,
    "cat__country_mismatch_False": 0.0,
    "cat__country_mismatch_True": 1.0,
    "cat__night_txn_False": 1.0,
    "cat__night_txn_True": 0.0,
    "cat__weekend_txn_False": 1.0,
    "cat__weekend_txn_True": 0.0
  }
}