{
  "meta": {
    "source": "demo_sampling",
    "scenario": "block_device_unknown_new",
    "category": "block_fraud"
  },
  "features": {
    "num__V1": -2.846383328470407,
    "num__V2": 2.0507174555669794,
    "num__V3": -4.364046800278488,
    "num__V4": 2.520129736348235,
    "num__V5": -1.4041404093040553,
    "num__V6": -1.3603098029244454,
    "num__V7": -3.568176361329205,
    "num__V8": 0.1746255278560452,
    "num__V9": -1.483355136618452,
    "num__V10": -3.642866782046043,
    "num__V11": 3.4689512031509486,
    "num__V12": -5.557427873422354,
    "num__V13": 0.2437036599166674,
    "num__V14": -9.066814296970808,
    "num__V15": 2.3930846010532103,
    "num__V16": -5.801632510947631,
    "num__V17": -7.095405802111806,
    "num__V18": -2.502582919346557,
    "num__V19": 3.672613268120389,
    "num__V20": -0.7621160828154266,
    "num__V21": 2.349427675253279,
    "num__V22": 0.5657688735530794,
    "num__V23": 0.2441285777444174,
    "num__V24": 1.3735516778308736,
    "num__V25": -1.8332747157166769,
    "num__V26": 1.0150911212632845,
    "num__V27": -4.920853555348562,
    "num__V28": 4.840962750868117,
    "num__Amount": -0.3606156211444295,
    "num__ip_reputation": 1.731632980408186,
    "num__txn_count_5m": 4.479049933067241,
    "num__txn_count_30m": 5.973108886732728,
    "num__txn_count_60m": 5.201233744087955,
    "num__avg_amount_7d": -0.253651069574232,
    "num__account_age_days": -1.6161593715412776,
    "num__token_age_days": -0.7929295551896965,
    "num__avg_spend_user_30d": -0.6851598639884136,
    "num__geo_distance_km": 1.2313184728511612,
    "num__amount_zscore": -1.3681170929454658,
    "cat__device_os_Android": 1.0,
    "cat__device_os_MacOS": 0.0,
    "cat__device_os_Windows": 0.0,
    "cat__device_os_iOS": 0.0,
    "cat__browser_Chrome": 0.0,
    "cat__browser_Edge": 0.0,
    "cat__browser_Firefox": 0.0,
    "cat__browser_Safari": 1.0,
    "cat__is_new_device_False": 0.0,
    "cat__is_new_device_True": 1.0,
    "cat__ip_country_AU": 0.0,
    "cat__ip_country_BR": 0.0,
    "cat__ip_country_CA": 0.0,
    "cat__ip_country_DE": 0.0,
    "cat__ip_country_ES": 0.0,
    "cat__ip_country_FR": 0.0,
    "cat__ip_country_GB": 0.0,
    "cat__ip_country_IE": 0.0,
    "cat__ip_country_IN": 0.0,
    "cat__ip_country_IT": 0.0,
    "cat__ip_country_NL": 0.0,
    "cat__ip_country_PL": 1.0,
    "cat__ip_country_PT": 0.0,
    "cat__ip_country_SE": 0.0,
    "cat__ip_country_US": 0.0,
    "cat__is_proxy_vpn_False": 1.0,
    "cat__is_proxy_vpn_True": 0.0,
    "cat__billing_country_AU": 0.0,
    "cat__billing_country_BR": 0.0,
    "cat__billing_country_CA": 0.0,
    "cat__billing_country_DE": 0.0,
    "cat__billing_country_ES": 0.0,
    "cat__billing_country_FR": 0.0,
    "cat__billing_country_GB": 0.0,
    "cat__billing_country_IE": 0.0,
    "cat__billing_country_IN": 0.0,
    "cat__billing_country_IT": 0.0,
    "cat__billing_country_NL": 0.0,
    "cat__billing_country_PL": 0.0,
    "cat__billing_country_PT": 1.0,
    "cat__billing_country_SE": 0.0,
    "cat__billing_country_US": 0.0,
    "cat__shipping_country_AU": 0.0,
    "cat__shipping_country_BR": 1.0,
    "cat__shipping_country_CA": 0.0,
    "cat__shipping_country_DE": 0.0,
    "cat__shipping_country_ES": 0.0,
    "cat__shipping_country_FR": 0.0,
    "cat__shipping_country_GB": 0.0,
    "cat__shipping_country_IE": 0.0,
    "cat__shipping_country_IN": 0.0,
    "cat__shipping_country_IT": 0.0,
    "cat__shipping_country_NL": 0.0,
    "cat__shipping_country_PL": 0.0,
    "cat__shipping_country_PT": 0.0,
    "cat__shipping_country_SE": 0.0,
    "cat__shipping_country_US": 0.0,
    "cat__country_mismatch_False": 0.0,
    "cat__country_mismatch_True": 1.0,
    "cat__night_txn_False": 1.0,
    "cat__night_txn_True": 0.0,
    "cat__weekend_txn_False": 1.0,
    "cat__weekend_txn_True": 0.0
  }
}