{
  "meta": {
    "source": "demo_sampling",
    "scenario": "block_crossborder_shipping",
    "category": "block_fraud"
  },
  "features": {
    "num__V1": -1.8354730280023752,
    "num__V2": 2.03214248570161,
    "num__V3": -5.375521066811473,
    "num__V4": 5.508865641979596,
    "num__V5": -0.2103527282854614,
    "num__V6": -1.536547573270747,
    "num__V7": -2.512089084342284,
    "num__V8": -0.2856251887881099,
    "num__V9": -1.3939675543059398,
    "num__V10": -2.275400886308503,
    "num__V11": 4.301999614915003,
    "num__V12": -8.163964013598108,
    "num__V13": -1.2729661578826788,
    "num__V14": -14.42654241042036,
    "num__V15": 1.2415666309347393,
    "num__V16": -5.063396216268415,
    "num__V17": -6.732232526054071,
    "num__V18": -1.4752750104422934,
    "num__V19": 1.417414540688815,
    "num__V20": -0.2687137971483955,
    "num__V21": 0.7523953274475225,
    "num__V22": 1.1101139955481765,
    "num__V23": 0.6463612945002072,
    "num__V24": -1.0292631959278395,
    "num__V25": -1.025197802684379,
    "num__V26": 0.7239945314967,
    "num__V27": -6.733701351150106,
    "num__V28": 1.339104506180757,
    "num__Amount": -0.3566382961279898,
    "num__ip_reputation": 1.731632980408186,
    "num__txn_count_5m": 2.223994625361291,
    "num__txn_count_30m": 2.9708193191113916,
    "num__txn_count_60m": 5.948864734434042,
    "num__avg_amount_7d": -0.394065823458546,
    "num__account_age_days": -1.3395868264375406,
    "num__token_age_days": -0.9632937902444408,
    "num__avg_spend_user_30d": -0.640025462114871,
    "num__geo_distance_km": -0.9075623789659836,
    "num__amount_zscore": -1.2000057299981777,
    "cat__device_os_Android": 0.0,
    "cat__device_os_MacOS": 0.0,
    "cat__device_os_Windows": 1.0,
    "cat__device_os_iOS": 0.0,
    "cat__browser_Chrome": 1.0,
    "cat__browser_Edge": 0.0,
    "cat__browser_Firefox": 0.0,
    "cat__browser_Safari": 0.0,
    "cat__is_new_device_False": 1.0,
    "cat__is_new_device_True": 0.0,
    "cat__ip_country_AU": 1.0,
    "cat__ip_country_BR": 0.0,
    "cat__ip_country_CA": 0.0,
    "cat__ip_country_DE": 0.0,
    "cat__ip_country_ES": 0.0,
    "cat__ip_country_FR": 0.0,
    "cat__ip_country_GB": 0.0,
    "cat__ip_country_IE": 0.0,
    "cat__ip_country_IN": 0.0,
    "cat__ip_country_IT": 0.0,
    "cat__ip_country_NL": 0.0,
    "cat__ip_country_PL": 0.0,
    "cat__ip_country_PT": 0.0,
    "cat__ip_country_SE": 0.0,
    "cat__ip_country_US": 0.0,
    "cat__is_proxy_vpn_False": 1.0,
    "cat__is_proxy_vpn_True": 0.0,
    "cat__billing_country_AU": 0.0,
    "cat__billing_country_BR": 0.0,
    "cat__billing_country_CA": 0.0,
    "cat__billing_country_DE": 0.0,
    "cat__billing_country_ES": 0.0,
    "cat__billing_country_FR": 0.0,
    "cat__billing_country_GB": 0.0,
    "cat__billing_country_IE": 0.0,
    "cat__billing_country_IN": 0.0,
    "cat__billing_country_IT": 0.0,
    "cat__billing_country_NL": 1.0,
    "cat__billing_country_PL": 0.0,
    "cat__billing_country_PT": 0.0,
    "cat__billing_country_SE": 0.0,
    "cat__billing_country_US": 0.0,
    "cat__shipping_country_AU": 0.0,
    "cat__shipping_country_BR": 0.0,
    "cat__shipping_country_CA": 0.0,
    "cat__shipping_country_DE": 0.0,
    "cat__shipping_country_ES": 0.0,
    "cat__shipping_country_FR": 0.0,
    "cat__shipping_country_GB": 0.0,
    "cat__shipping_country_IE": 0.0,
    "cat__shipping_country_IN": 0.0,
    "cat__shipping_country_IT": 0.0,
    "cat__shipping_country_NL": 0.0,
    "cat__shipping_country_PL": 0.0,
    "cat__shipping_country_PT": 0.0,
    "cat__shipping_country_SE": 0.0,
    "cat__shipping_country_US": 0.0,
    "cat__country_mismatch_False": 0.0,
    "cat__country_mismatch_True": 1.0,
    "cat__night_txn_False": 1.0,
    "cat__night_txn_True": 0.0,
    "cat__weekend_txn_False": 1.0,
    "cat__weekend_txn_True": 0.0
  }
}