system_view,precision,recall,f1,tn,fp,fn,tp,approve_rate,review_rate,block_rate
flagged_(review_or_block),0.22797927461139897,0.8461538461538461,0.35918367346938773,42521,149,8,44,0.9954824212349609,0.0010299143298534712,0.0034876644351856186
block_only,0.2483221476510067,0.7115384615384616,0.36815920398009955,42558,112,15,37,0.9954824212349609,0.0010299143298534712,0.0034876644351856186
