{
  "config": {
    "xgb_t_low": 0.05,
    "xgb_t_high": 0.8,
    "ae_threshold": 2.413630972099965,
    "ae_block": 4.895553
  },
  "triage": {
    "total": 42722,
    "approve_n": 42529,
    "review_n": 44,
    "block_n": 149,
    "approve_rate": 0.9954824212349609,
    "review_rate": 0.0010299143298534712,
    "block_rate": 0.0034876644351856186
  },
  "triage_fraud": {
    "fraud_total": 52,
    "fraud_in_approve": 8,
    "fraud_in_review": 7,
    "fraud_in_block": 37,
    "capture_rate_flagged": 0.8461538461538461,
    "capture_rate_block_only": 0.7115384615384616
  },
  "binary_flagged_view": {
    "precision": 0.22797927461139897,
    "recall": 0.8461538461538461,
    "f1": 0.35918367346938773,
    "tn": 42521,
    "fp": 149,
    "fn": 8,
    "tp": 44
  },
  "binary_block_only_view": {
    "precision": 0.2483221476510067,
    "recall": 0.7115384615384616,
    "f1": 0.36815920398009955,
    "tn": 42558,
    "fp": 112,
    "fn": 15,
    "tp": 37
  }
}