{
  "review": 0.6915820717811582,
  "block": 4.895552730560322,
  "p_review": 95.0,
  "p_block": 99.5,
  "n_legit": 42665,
  "source": "data/processed/val.csv"
}