{
  "V1": -1.50456543384715,
  "V2": -1.04716430904459,
  "V3": 2.65859122718591,
  "V4": -0.246340337632508,
  "V5": 0.342666569215732,
  "V6": 0.18268167530452,
  "V7": -0.424256639730138,
  "V8": 0.300895635999112,
  "V9": 0.638538380329372,
  "V10": -0.65824078966077,
  "V11": 0.330003985176218,
  "V12": 0.0768012746931151,
  "V13": -0.638751009905389,
  "V14": -0.301710775240543,
  "V15": 0.60388675101395,
  "V16": 0.51564226589313,
  "V17": -0.935452724704474,
  "V18": 1.44698081334135,
  "V19": 0.381220400555406,
  "V20": 0.560674221819788,
  "V21": 0.37196485275808,
  "V22": 0.798936859439043,
  "V23": -0.0482308674677047,
  "V24": -0.437820682981867,
  "V25": 0.412387998490544,
  "V26": -0.0853266272864521,
  "V27": -0.131133828062765,
  "V28": -0.127377782866723,
  "Amount": 118.58,
  "ip_reputation": 0.289,
  "txn_count_5m": 1,
  "txn_count_30m": 1,
  "txn_count_60m": 1,
  "avg_amount_7d": 118.58,
  "account_age_days": 638,
  "token_age_days": 270,
  "avg_spend_user_30d": 12.96,
  "geo_distance_km": 913.3,
  "amount_zscore": 1.546,
  "device_os": "iOS",
  "browser": "Chrome",
  "is_new_device": false,
  "ip_country": "DE",
  "is_proxy_vpn": false,
  "billing_country": "PL",
  "shipping_country": "SE",
  "country_mismatch": true,
  "night_txn": false,
  "weekend_txn": false
}