{
  "meta": {
    "source": "demo_sampling",
    "scenario": "review_browser_change_firefox",
    "category": "review_legit"
  },
  "features": {
    "num__V1": 0.6533699605063669,
    "num__V2": -0.5482376894040393,
    "num__V3": -2.5576985534788936,
    "num__V4": 0.7349608088481522,
    "num__V5": 0.3538435949961152,
    "num__V6": -1.3612111736484327,
    "num__V7": 1.0890045943428712,
    "num__V8": -0.5296349546560662,
    "num__V9": 0.06634813364848,
    "num__V10": -1.307180485086733,
    "num__V11": 0.0715573249154028,
    "num__V12": -0.1555975191796085,
    "num__V13": 0.2119817013477312,
    "num__V14": -2.94339038015599,
    "num__V15": 0.505403348070677,
    "num__V16": 1.041115256888001,
    "num__V17": 2.457737372841509,
    "num__V18": 1.1620652077344056,
    "num__V19": -0.7180656616818856,
    "num__V20": 1.186025447174708,
    "num__V21": 0.247027570358114,
    "num__V22": -0.5695808988341107,
    "num__V23": -0.66973628842258,
    "num__V24": -0.495838150906031,
    "num__V25": -0.2447930185948905,
    "num__V26": 1.3180507873699396,
    "num__V27": -0.393426518843007,
    "num__V28": 0.2586342067536636,
    "num__Amount": 1.6360417121084805,
    "num__ip_reputation": 1.0520809491238456,
    "num__txn_count_5m": -0.0310606823446588,
    "num__txn_count_30m": -0.0314702485099449,
    "num__txn_count_60m": -0.0321831883346548,
    "num__avg_amount_7d": 0.8177135025630837,
    "num__account_age_days": -1.4502158444790354,
    "num__token_age_days": 1.2230472262914422,
    "num__avg_spend_user_30d": 0.3214740687063541,
    "num__geo_distance_km": 0.1309635907882309,
    "num__amount_zscore": 1.9045245054823303,
    "cat__device_os_Android": 0.0,
    "cat__device_os_MacOS": 0.0,
    "cat__device_os_Windows": 1.0,
    "cat__device_os_iOS": 0.0,
    "cat__browser_Chrome": 0.0,
    "cat__browser_Edge": 0.0,
    "cat__browser_Firefox": 1.0,
    "cat__browser_Safari": 0.0,
    "cat__is_new_device_False": 1.0,
    "cat__is_new_device_True": 0.0,
    "cat__ip_country_AU": 0.0,
    "cat__ip_country_BR": 0.0,
    "cat__ip_country_CA": 0.0,
    "cat__ip_country_DE": 0.0,
    "cat__ip_country_ES": 0.0,
    "cat__ip_country_FR": 0.0,
    "cat__ip_country_GB": 1.0,
    "cat__ip_country_IE": 0.0,
    "cat__ip_country_IN": 0.0,
    "cat__ip_country_IT": 0.0,
    "cat__ip_country_NL": 0.0,
    "cat__ip_country_PL": 0.0,
    "cat__ip_country_PT": 0.0,
    "cat__ip_country_SE": 0.0,
    "cat__ip_country_US": 0.0,
    "cat__is_proxy_vpn_False": 1.0,
    "cat__is_proxy_vpn_True": 0.0,
    "cat__billing_country_AU": 0.0,
    "cat__billing_country_BR": 0.0,
    "cat__billing_country_CA": 0.0,
    "cat__billing_country_DE": 0.0,
    "cat__billing_country_ES": 0.0,
    "cat__billing_country_FR": 0.0,
    "cat__billing_country_GB": 0.0,
    "cat__billing_country_IE": 0.0,
    "cat__billing_country_IN": 0.0,
    "cat__billing_country_IT": 0.0,
    "cat__billing_country_NL": 0.0,
    "cat__billing_country_PL": 0.0,
    "cat__billing_country_PT": 0.0,
    "cat__billing_country_SE": 1.0,
    "cat__billing_country_US": 0.0,
    "cat__shipping_country_AU": 0.0,
    "cat__shipping_country_BR": 0.0,
    "cat__shipping_country_CA": 1.0,
    "cat__shipping_country_DE": 0.0,
    "cat__shipping_country_ES": 0.0,
    "cat__shipping_country_FR": 0.0,
    "cat__shipping_country_GB": 0.0,
    "cat__shipping_country_IE": 0.0,
    "cat__shipping_country_IN": 0.0,
    "cat__shipping_country_IT": 0.0,
    "cat__shipping_country_NL": 0.0,
    "cat__shipping_country_PL": 0.0,
    "cat__shipping_country_PT": 0.0,
    "cat__shipping_country_SE": 0.0,
    "cat__shipping_country_US": 0.0,
    "cat__country_mismatch_False": 0.0,
    "cat__country_mismatch_True": 1.0,
    "cat__night_txn_False": 1.0,
    "cat__night_txn_True": 0.0,
    "cat__weekend_txn_False": 1.0,
    "cat__weekend_txn_True": 0.0
  }
}