{
  "meta": {
    "source": "demo_sampling",
    "scenario": "review_late_night_purchase",
    "category": "review_legit"
  },
  "features": {
    "num__V1": -0.8073144894603325,
    "num__V2": 2.317701120009667,
    "num__V3": -2.4015777251741035,
    "num__V4": 0.9496053018062788,
    "num__V5": 1.6732657405564229,
    "num__V6": -0.1840599564400258,
    "num__V7": -0.3581327912300976,
    "num__V8": -5.556084266597673,
    "num__V9": -1.1667496898674168,
    "num__V10": -1.5145113877440353,
    "num__V11": 2.056106328950426,
    "num__V12": 0.2503983957264684,
    "num__V13": -0.1458286497127037,
    "num__V14": -4.344848299932245,
    "num__V15": -0.1779272634873961,
    "num__V16": 0.8879097777223472,
    "num__V17": 5.02251866124208,
    "num__V18": 3.1373910548590107,
    "num__V19": 0.0589288893523473,
    "num__V20": -1.470908402649971,
    "num__V21": 8.245192317343905,
    "num__V22": -2.917569220520333,
    "num__V23": -0.4897534590051074,
    "num__V24": -1.5664781982945697,
    "num__V25": 5.415353517401295,
    "num__V26": 0.5567498895319767,
    "num__V27": 0.8532528418207508,
    "num__V28": 0.8827510965835794,
    "num__Amount": -0.3566382961279898,
    "num__ip_reputation": 1.0208770293199727,
    "num__txn_count_5m": 1.4723095227926413,
    "num__txn_count_30m": 1.4696745353007232,
    "num__txn_count_60m": 1.4630787923575193,
    "num__avg_amount_7d": -0.4165823322064234,
    "num__account_age_days": -1.5781306465895135,
    "num__token_age_days": -0.2913015297507277,
    "num__avg_spend_user_30d": -0.3676233902013185,
    "num__geo_distance_km": 0.2769378863190974,
    "num__amount_zscore": -0.5529981818128921,
    "cat__device_os_Android": 0.0,
    "cat__device_os_MacOS": 1.0,
    "cat__device_os_Windows": 0.0,
    "cat__device_os_iOS": 0.0,
    "cat__browser_Chrome": 0.0,
    "cat__browser_Edge": 0.0,
    "cat__browser_Firefox": 0.0,
    "cat__browser_Safari": 1.0,
    "cat__is_new_device_False": 1.0,
    "cat__is_new_device_True": 0.0,
    "cat__ip_country_AU": 0.0,
    "cat__ip_country_BR": 0.0,
    "cat__ip_country_CA": 1.0,
    "cat__ip_country_DE": 0.0,
    "cat__ip_country_ES": 0.0,
    "cat__ip_country_FR": 0.0,
    "cat__ip_country_GB": 0.0,
    "cat__ip_country_IE": 0.0,
    "cat__ip_country_IN": 0.0,
    "cat__ip_country_IT": 0.0,
    "cat__ip_country_NL": 0.0,
    "cat__ip_country_PL": 0.0,
    "cat__ip_country_PT": 0.0,
    "cat__ip_country_SE": 0.0,
    "cat__ip_country_US": 0.0,
    "cat__is_proxy_vpn_False": 1.0,
    "cat__is_proxy_vpn_True": 0.0,
    "cat__billing_country_AU": 0.0,
    "cat__billing_country_BR": 0.0,
    "cat__billing_country_CA": 1.0,
    "cat__billing_country_DE": 0.0,
    "cat__billing_country_ES": 0.0,
    "cat__billing_country_FR": 0.0,
    "cat__billing_country_GB": 0.0,
    "cat__billing_country_IE": 0.0,
    "cat__billing_country_IN": 0.0,
    "cat__billing_country_IT": 0.0,
    "cat__billing_country_NL": 0.0,
    "cat__billing_country_PL": 0.0,
    "cat__billing_country_PT": 0.0,
    "cat__billing_country_SE": 0.0,
    "cat__billing_country_US": 0.0,
    "cat__shipping_country_AU": 0.0,
    "cat__shipping_country_BR": 0.0,
    "cat__shipping_country_CA": 0.0,
    "cat__shipping_country_DE": 0.0,
    "cat__shipping_country_ES": 0.0,
    "cat__shipping_country_FR": 0.0,
    "cat__shipping_country_GB": 0.0,
    "cat__shipping_country_IE": 0.0,
    "cat__shipping_country_IN": 0.0,
    "cat__shipping_country_IT": 0.0,
    "cat__shipping_country_NL": 0.0,
    "cat__shipping_country_PL": 0.0,
    "cat__shipping_country_PT": 1.0,
    "cat__shipping_country_SE": 0.0,
    "cat__shipping_country_US": 0.0,
    "cat__country_mismatch_False": 0.0,
    "cat__country_mismatch_True": 1.0,
    "cat__night_txn_False": 0.0,
    "cat__night_txn_True": 1.0,
    "cat__weekend_txn_False": 1.0,
    "cat__weekend_txn_True": 0.0
  }
}