{
  "meta": {
    "source": "demo_sampling",
    "scenario": "review_late_night_purchase",
    "category": "review_legit"
  },
  "features": {
    "num__V1": -0.740155275558485,
    "num__V2": 2.241464945296449,
    "num__V3": -3.145523038749773,
    "num__V4": 3.8108962370600783,
    "num__V5": 2.505358955611189,
    "num__V6": -1.0211479505774632,
    "num__V7": 1.14551015487344,
    "num__V8": -0.0132834937489971,
    "num__V9": -2.6464887668772654,
    "num__V10": -1.2899083530780877,
    "num__V11": 0.5035434054885388,
    "num__V12": -1.6160484947611178,
    "num__V13": 1.24826886733357,
    "num__V14": -7.905172765567617,
    "num__V15": 1.2832310244503409,
    "num__V16": 2.705577279380909,
    "num__V17": 7.1722169173302115,
    "num__V18": 4.447160920830393,
    "num__V19": 0.5094483395673903,
    "num__V20": 0.0701429428566789,
    "num__V21": -0.2628709303052679,
    "num__V22": -0.5725421138728145,
    "num__V23": -0.2617778760867741,
    "num__V24": -2.744589227869233,
    "num__V25": -0.3077994345404078,
    "num__V26": 1.000614449370858,
    "num__V27": -2.2540947735739425,
    "num__V28": 1.0158239060689778,
    "num__Amount": -0.3575623211318091,
    "num__ip_reputation": 0.171436990214547,
    "num__txn_count_5m": 0.7206244202239912,
    "num__txn_count_30m": 0.7191021433953892,
    "num__txn_count_60m": 0.7154478020114323,
    "num__avg_amount_7d": -0.4326798807767323,
    "num__account_age_days": -0.9558424201061052,
    "num__token_age_days": 0.7876719589293184,
    "num__avg_spend_user_30d": 0.4003452962227467,
    "num__geo_distance_km": -0.9756518961165056,
    "num__amount_zscore": -0.7188975531424526,
    "cat__device_os_Android": 0.0,
    "cat__device_os_MacOS": 0.0,
    "cat__device_os_Windows": 0.0,
    "cat__device_os_iOS": 1.0,
    "cat__browser_Chrome": 0.0,
    "cat__browser_Edge": 1.0,
    "cat__browser_Firefox": 0.0,
    "cat__browser_Safari": 0.0,
    "cat__is_new_device_False": 1.0,
    "cat__is_new_device_True": 0.0,
    "cat__ip_country_AU": 0.0,
    "cat__ip_country_BR": 0.0,
    "cat__ip_country_CA": 0.0,
    "cat__ip_country_DE": 0.0,
    "cat__ip_country_ES": 0.0,
    "cat__ip_country_FR": 0.0,
    "cat__ip_country_GB": 0.0,
    "cat__ip_country_IE": 0.0,
    "cat__ip_country_IN": 0.0,
    "cat__ip_country_IT": 1.0,
    "cat__ip_country_NL": 0.0,
    "cat__ip_country_PL": 0.0,
    "cat__ip_country_PT": 0.0,
    "cat__ip_country_SE": 0.0,
    "cat__ip_country_US": 0.0,
    "cat__is_proxy_vpn_False": 1.0,
    "cat__is_proxy_vpn_True": 0.0,
    "cat__billing_country_AU": 0.0,
    "cat__billing_country_BR": 0.0,
    "cat__billing_country_CA": 0.0,
    "cat__billing_country_DE": 0.0,
    "cat__billing_country_ES": 0.0,
    "cat__billing_country_FR": 0.0,
    "cat__billing_country_GB": 0.0,
    "cat__billing_country_IE": 1.0,
    "cat__billing_country_IN": 0.0,
    "cat__billing_country_IT": 0.0,
    "cat__billing_country_NL": 0.0,
    "cat__billing_country_PL": 0.0,
    "cat__billing_country_PT": 0.0,
    "cat__billing_country_SE": 0.0,
    "cat__billing_country_US": 0.0,
    "cat__shipping_country_AU": 0.0,
    "cat__shipping_country_BR": 1.0,
    "cat__shipping_country_CA": 0.0,
    "cat__shipping_country_DE": 0.0,
    "cat__shipping_country_ES": 0.0,
    "cat__shipping_country_FR": 0.0,
    "cat__shipping_country_GB": 0.0,
    "cat__shipping_country_IE": 0.0,
    "cat__shipping_country_IN": 0.0,
    "cat__shipping_country_IT": 0.0,
    "cat__shipping_country_NL": 0.0,
    "cat__shipping_country_PL": 0.0,
    "cat__shipping_country_PT": 0.0,
    "cat__shipping_country_SE": 0.0,
    "cat__shipping_country_US": 0.0,
    "cat__country_mismatch_False": 0.0,
    "cat__country_mismatch_True": 1.0,
    "cat__night_txn_False": 0.0,
    "cat__night_txn_True": 1.0,
    "cat__weekend_txn_False": 1.0,
    "cat__weekend_txn_True": 0.0
  }
}