{
  "meta": {
    "txn_id": "txn_00006",
    "timestamp": "2025-12-20T10:43:19.574427Z",
    "merchant_id": "m_967",
    "user_id": "u_6635",
    "country": "FR",
    "currency": "EUR",
    "ip_country": "US"
  },
  "features": {
    "num__V1": -4.734264500136673,
    "num__V2": 1.2883999847491714,
    "num__V3": -4.219884665400908,
    "num__V4": 0.1907812887018192,
    "num__V5": 0.49185224328982735,
    "num__V6": -0.6001466189682508,
    "num__V7": -2.231584355349873,
    "num__V8": 2.3352560347916844,
    "num__V9": -1.2499614887848627,
    "num__V10": -1.9152038134378697,
    "num__V11": 3.0627588792908202,
    "num__V12": -1.8582153124797944,
    "num__V13": 0.09329462202286093,
    "num__V14": 0.6500730962737329,
    "num__V15": 0.5525848273294008,
    "num__V16": -2.8335292176366424,
    "num__V17": -7.699893769172464,
    "num__V18": -0.6235259394498339,
    "num__V19": 0.6490919148041847,
    "num__V20": 1.4456828837765088,
    "num__V21": 2.5956644665381745,
    "num__V22": 0.6660393364953694,
    "num__V23": 0.020268139043838566,
    "num__V24": -0.45242455317144875,
    "num__V25": -0.0566123870017491,
    "num__V26": 0.25164311893844016,
    "num__V27": -2.0539349427027234,
    "num__V28": 0.981329348387047,
    "num__Amount": 0.9397191806678378,
    "num__ip_reputation": -0.42015019145562293,
    "num__txn_count_5m": -0.58190547496352,
    "num__txn_count_30m": 0.5132919080239965,
    "num__txn_count_60m": 0.006526744884784219,
    "num__avg_amount_7d": 0.12480814182801178,
    "num__account_age_days": -0.6366653251099704,
    "num__token_age_days": -0.48803800775547324,
    "num__avg_spend_user_30d": 0.5302546575211337,
    "num__geo_distance_km": 0.34653082256733403,
    "num__amount_zscore": -0.2643680957308695,
    "cat__device_os_Android": 0.5256001715853008,
    "cat__device_os_MacOS": 0.14547608562925632,
    "cat__device_os_Windows": 0.007713542925300326,
    "cat__device_os_iOS": 0.3021881056748561,
    "cat__browser_Chrome": 0.32593029248972993,
    "cat__browser_Edge": 0.37113663782908946,
    "cat__browser_Firefox": 0.3803000790639643,
    "cat__browser_Safari": 0.3374142669667366,
    "cat__is_new_device_False": 0.9217171528887328,
    "cat__is_new_device_True": 0.062648562390062,
    "cat__ip_country_AU": -0.0038852507468093156,
    "cat__ip_country_BR": 0.1588622274066348,
    "cat__ip_country_CA": 0.09595094378071714,
    "cat__ip_country_DE": 0.15130027950966918,
    "cat__ip_country_ES": -0.12897000453703614,
    "cat__ip_country_FR": 0.009120292452770115,
    "cat__ip_country_GB": 0.25902189388275365,
    "cat__ip_country_IE": 0.12353658872663066,
    "cat__ip_country_IN": 0.09760400970980296,
    "cat__ip_country_IT": 0.13855979976885788,
    "cat__ip_country_NL": 0.3500815646315879,
    "cat__ip_country_PL": 0.291817205461868,
    "cat__ip_country_PT": -0.11254561146897112,
    "cat__ip_country_SE": -0.07151424635507209,
    "cat__ip_country_US": -0.1167040206571118,
    "cat__is_proxy_vpn_False": 0.6375520430856392,
    "cat__is_proxy_vpn_True": 0.23522992263590387,
    "cat__billing_country_AU": 0.09855332371577358,
    "cat__billing_country_BR": -0.10702443386694296,
    "cat__billing_country_CA": -0.14443329012816833,
    "cat__billing_country_DE": -0.016916719946279912,
    "cat__billing_country_ES": 0.16801799815293933,
    "cat__billing_country_FR": 0.17530867217759427,
    "cat__billing_country_GB": 0.23563193427494042,
    "cat__billing_country_IE": 0.07503105990006446,
    "cat__billing_country_IN": 0.16295020105678856,
    "cat__billing_country_IT": 0.18952183655271415,
    "cat__billing_country_NL": 0.012107714456512243,
    "cat__billing_country_PL": 0.1014871048512513,
    "cat__billing_country_PT": 0.15541545881635582,
    "cat__billing_country_SE": -0.03936286582752908,
    "cat__billing_country_US": 0.25574383886758384,
    "cat__shipping_country_AU": 0.061461886773719415,
    "cat__shipping_country_BR": 0.06525354583358635,
    "cat__shipping_country_CA": -0.04056105841914856,
    "cat__shipping_country_DE": -0.020430103544495787,
    "cat__shipping_country_ES": -0.1838620476050848,
    "cat__shipping_country_FR": 0.07591794580365668,
    "cat__shipping_country_GB": 0.33472678734127126,
    "cat__shipping_country_IE": -0.05095478860288916,
    "cat__shipping_country_IN": 0.4199201684144124,
    "cat__shipping_country_IT": 0.23158916884661362,
    "cat__shipping_country_NL": 0.015989805736750184,
    "cat__shipping_country_PL": 0.06730412001377833,
    "cat__shipping_country_PT": 0.059634878664103705,
    "cat__shipping_country_SE": 0.2516513720970819,
    "cat__shipping_country_US": 0.12292475528980325,
    "cat__country_mismatch_False": 0.2092572754193019,
    "cat__country_mismatch_True": 0.9707890164584032,
    "cat__night_txn_False": 0.7309564663635518,
    "cat__night_txn_True": 0.3132967429807595,
    "cat__weekend_txn_False": 0.1673793968713515,
    "cat__weekend_txn_True": 0.44322742580059393
  }
}