{
  "meta": {
    "txn_id": "txn_00046",
    "timestamp": "2025-12-21T20:31:19.591161Z",
    "merchant_id": "m_513",
    "user_id": "u_2964",
    "country": "DE",
    "currency": "EUR",
    "ip_country": "US"
  },
  "features": {
    "num__V1": -0.9516868584175411,
    "num__V2": 0.24828256715407404,
    "num__V3": -2.317385160560947,
    "num__V4": 3.170091885611001,
    "num__V5": -0.50214599944614,
    "num__V6": -0.8482323646851014,
    "num__V7": -2.015518112746556,
    "num__V8": -0.15974326248534598,
    "num__V9": -1.2319761851078692,
    "num__V10": -3.648612973308111,
    "num__V11": 1.7086967194553329,
    "num__V12": -2.6511398228254546,
    "num__V13": -0.5491722361473116,
    "num__V14": -6.229249042842959,
    "num__V15": -0.7748690909727064,
    "num__V16": -6.029601449840333,
    "num__V17": -8.819941913855848,
    "num__V18": -1.3539256986273132,
    "num__V19": -0.21255080888147282,
    "num__V20": 0.6001564789668647,
    "num__V21": 0.6458800968719595,
    "num__V22": -1.708459673096189,
    "num__V23": 0.5520634131287457,
    "num__V24": 0.2914309410382805,
    "num__V25": -0.5591468554658207,
    "num__V26": 0.22560752312815607,
    "num__V27": -0.8936450324854048,
    "num__V28": 0.18277826319003948,
    "num__Amount": -0.5448307194131444,
    "num__ip_reputation": -0.3450937172389468,
    "num__txn_count_5m": 0.02512427653152105,
    "num__txn_count_30m": 0.26646993978642247,
    "num__txn_count_60m": 0.176454650163602,
    "num__avg_amount_7d": -0.5028259837095235,
    "num__account_age_days": -0.7919163440001745,
    "num__token_age_days": 0.09903767525780827,
    "num__avg_spend_user_30d": -0.04669847241693819,
    "num__geo_distance_km": 0.1971969330849973,
    "num__amount_zscore": -0.31562019321147644,
    "cat__device_os_Android": 0.46062754769210745,
    "cat__device_os_MacOS": 0.013483576598192826,
    "cat__device_os_Windows": 0.35417880238224253,
    "cat__device_os_iOS": 0.5028282210110255,
    "cat__browser_Chrome": 0.35137703530041264,
    "cat__browser_Edge": 0.2234841904431415,
    "cat__browser_Firefox": 0.13921099611470472,
    "cat__browser_Safari": 0.4385731450919139,
    "cat__is_new_device_False": 0.6196496776182105,
    "cat__is_new_device_True": -0.00041838864881865723,
    "cat__ip_country_AU": 0.030663570228805143,
    "cat__ip_country_BR": 0.2169550541531594,
    "cat__ip_country_CA": 0.11161874236688557,
    "cat__ip_country_DE": -0.04545126031532314,
    "cat__ip_country_ES": 0.04098050418203379,
    "cat__ip_country_FR": -0.0036973968523990597,
    "cat__ip_country_GB": -0.02004225332663634,
    "cat__ip_country_IE": 0.17081636296499567,
    "cat__ip_country_IN": -0.09031533016065166,
    "cat__ip_country_IT": 0.23753471299723486,
    "cat__ip_country_NL": 0.18144789199719424,
    "cat__ip_country_PL": 0.1889521669596057,
    "cat__ip_country_PT": 0.010440318404414263,
    "cat__ip_country_SE": 0.04554524467315717,
    "cat__ip_country_US": -0.09655942051983502,
    "cat__is_proxy_vpn_False": 0.6784355209919869,
    "cat__is_proxy_vpn_True": 0.31586556860556303,
    "cat__billing_country_AU": 0.22170966754547258,
    "cat__billing_country_BR": -0.05907319521949475,
    "cat__billing_country_CA": 0.020936407421793757,
    "cat__billing_country_DE": 0.055452620643115166,
    "cat__billing_country_ES": -0.09234381038997193,
    "cat__billing_country_FR": 0.12149878477173481,
    "cat__billing_country_GB": -0.021932019434459542,
    "cat__billing_country_IE": 0.055290954949935876,
    "cat__billing_country_IN": 0.01594393956803035,
    "cat__billing_country_IT": -0.020870030896197336,
    "cat__billing_country_NL": 0.06901179594282543,
    "cat__billing_country_PL": 0.035819553867374565,
    "cat__billing_country_PT": 0.031323065013813635,
    "cat__billing_country_SE": -0.019505051827200255,
    "cat__billing_country_US": 0.10415515717705781,
    "cat__shipping_country_AU": 0.25401142358367435,
    "cat__shipping_country_BR": 0.07090518206424132,
    "cat__shipping_country_CA": 0.1827660589430557,
    "cat__shipping_country_DE": -0.09088262344217732,
    "cat__shipping_country_ES": 0.08892017366973434,
    "cat__shipping_country_FR": -0.05764915596355784,
    "cat__shipping_country_GB": -0.10242634401342052,
    "cat__shipping_country_IE": -0.019998975738781517,
    "cat__shipping_country_IN": 0.21118722519067712,
    "cat__shipping_country_IT": 0.17810967277037695,
    "cat__shipping_country_NL": 0.09975550807335072,
    "cat__shipping_country_PL": -0.10731067598966265,
    "cat__shipping_country_PT": 0.05229962840691479,
    "cat__shipping_country_SE": 0.09563622923496146,
    "cat__shipping_country_US": 0.08440456081222947,
    "cat__country_mismatch_False": -0.14446131992411193,
    "cat__country_mismatch_True": 0.8248379473947607,
    "cat__night_txn_False": 0.7408398346882286,
    "cat__night_txn_True": 0.3566041610590391,
    "cat__weekend_txn_False": -0.207359880433391,
    "cat__weekend_txn_True": 0.7134309285575444
  }
}