{
  "meta": {
    "txn_id": "txn_00011",
    "timestamp": "2025-12-23T17:15:19.576506Z",
    "merchant_id": "m_723",
    "user_id": "u_3803",
    "country": "DE",
    "currency": "EUR",
    "ip_country": "DE"
  },
  "features": {
    "num__V1": -3.4728873975153873,
    "num__V2": 2.3648329904032366,
    "num__V3": -1.1991340586731698,
    "num__V4": 1.5392761390453886,
    "num__V5": 1.5768997290602362,
    "num__V6": -1.2878885729594465,
    "num__V7": -6.643348027963441,
    "num__V8": -1.139990818667465,
    "num__V9": -1.289658435852094,
    "num__V10": -2.3793777490238335,
    "num__V11": 1.6024633658628251,
    "num__V12": -2.3382245536480886,
    "num__V13": -0.6788271410496595,
    "num__V14": -0.18397218933887194,
    "num__V15": -0.1156158388274452,
    "num__V16": -0.2947089337146003,
    "num__V17": -3.139375008234174,
    "num__V18": -0.9007565135569346,
    "num__V19": 0.9241485868430994,
    "num__V20": 0.5535393979100485,
    "num__V21": 1.8901205207088787,
    "num__V22": 1.156932805068144,
    "num__V23": 0.1723207968785148,
    "num__V24": 0.246532747127224,
    "num__V25": 0.011722775584520145,
    "num__V26": 0.6944632690574213,
    "num__V27": -0.6542916451524655,
    "num__V28": 1.3716736619820629,
    "num__Amount": 0.0007407544276522397,
    "num__ip_reputation": -0.16598019971531808,
    "num__txn_count_5m": 0.3299651593107643,
    "num__txn_count_30m": -0.12278538570143704,
    "num__txn_count_60m": 1.3144983708834173,
    "num__avg_amount_7d": -0.27200006860073866,
    "num__account_age_days": -0.8138089335638985,
    "num__token_age_days": -0.881077403118782,
    "num__avg_spend_user_30d": -0.2229967423897585,
    "num__geo_distance_km": -1.18294285780094,
    "num__amount_zscore": -0.739939877846428,
    "cat__device_os_Android": 0.3804509060543891,
    "cat__device_os_MacOS": 0.4012919832329605,
    "cat__device_os_Windows": 0.34173724451566184,
    "cat__device_os_iOS": 0.07097934042857254,
    "cat__browser_Chrome": 0.2460808026482966,
    "cat__browser_Edge": 0.2634755162231991,
    "cat__browser_Firefox": 0.015173388054414372,
    "cat__browser_Safari": 0.5294885144771804,
    "cat__is_new_device_False": 0.985658926990545,
    "cat__is_new_device_True": 0.11878131783337202,
    "cat__ip_country_AU": 0.08244579019874704,
    "cat__ip_country_BR": 0.09623103623055596,
    "cat__ip_country_CA": -0.16671227002076652,
    "cat__ip_country_DE": 0.03386017361253774,
    "cat__ip_country_ES": -0.0042363883455963924,
    "cat__ip_country_FR": -0.047421128455040124,
    "cat__ip_country_GB": 0.025674379739721916,
    "cat__ip_country_IE": 0.26161489500096313,
    "cat__ip_country_IN": 0.13652164399597866,
    "cat__ip_country_IT": -0.0019721776588685,
    "cat__ip_country_NL": 0.15021326923330464,
    "cat__ip_country_PL": 0.22393193697857114,
    "cat__ip_country_PT": 0.16327467807783216,
    "cat__ip_country_SE": 0.06867667979694246,
    "cat__ip_country_US": -0.00869694759766415,
    "cat__is_proxy_vpn_False": 0.9031909123910603,
    "cat__is_proxy_vpn_True": 0.29745532281801756,
    "cat__billing_country_AU": 0.1748715084520397,
    "cat__billing_country_BR": 0.13828680477086944,
    "cat__billing_country_CA": 0.17674987869818037,
    "cat__billing_country_DE": 0.01016240174860887,
    "cat__billing_country_ES": 0.21320176980450212,
    "cat__billing_country_FR": 0.07903978031326186,
    "cat__billing_country_GB": 0.27479269044038457,
    "cat__billing_country_IE": -0.0044883154289138555,
    "cat__billing_country_IN": 0.2672026046347533,
    "cat__billing_country_IT": 0.09457314278022248,
    "cat__billing_country_NL": -0.005848153341345558,
    "cat__billing_country_PL": 0.006625893285207601,
    "cat__billing_country_PT": 0.03752556830058156,
    "cat__billing_country_SE": 0.1071644064934194,
    "cat__billing_country_US": 0.1274579568768662,
    "cat__shipping_country_AU": 0.0006071333854973382,
    "cat__shipping_country_BR": 0.05334227116377371,
    "cat__shipping_country_CA": 0.3144728641624992,
    "cat__shipping_country_DE": 0.2687374539118048,
    "cat__shipping_country_ES": 0.12119626307951158,
    "cat__shipping_country_FR": 0.0739301384050537,
    "cat__shipping_country_GB": 0.07286415693310377,
    "cat__shipping_country_IE": 0.1299744685947321,
    "cat__shipping_country_IN": -0.04789464554728899,
    "cat__shipping_country_IT": 0.03901917992163702,
    "cat__shipping_country_NL": -0.12369834322814365,
    "cat__shipping_country_PL": 0.10893930556110448,
    "cat__shipping_country_PT": 0.1534287089335919,
    "cat__shipping_country_SE": 0.008446968399114956,
    "cat__shipping_country_US": 0.24215513278140066,
    "cat__country_mismatch_False": -0.0722125571323952,
    "cat__country_mismatch_True": 0.7577294738560515,
    "cat__night_txn_False": 0.8003796329894545,
    "cat__night_txn_True": 0.46201230974913654,
    "cat__weekend_txn_False": 0.6053064155564009,
    "cat__weekend_txn_True": 0.6512753530074491
  }
}