{
  "meta": {
    "txn_id": "txn_00038",
    "timestamp": "2025-12-23T16:09:19.587673Z",
    "merchant_id": "m_553",
    "user_id": "u_2604",
    "country": "US",
    "currency": "EUR",
    "ip_country": "US"
  },
  "features": {
    "num__V1": -1.4314935602203878,
    "num__V2": 4.768260946763775,
    "num__V3": -6.72628968921514,
    "num__V4": 2.8857223336251856,
    "num__V5": -1.7540018315787567,
    "num__V6": -0.05649937812141714,
    "num__V7": -1.5375858687569093,
    "num__V8": -1.2295952785484774,
    "num__V9": -0.9934239728811403,
    "num__V10": -7.066901459795904,
    "num__V11": 2.769060590291684,
    "num__V12": -2.4587227409290917,
    "num__V13": 0.2704057996623982,
    "num__V14": -1.1318081620460747,
    "num__V15": 0.11135519933841885,
    "num__V16": -2.340029151492985,
    "num__V17": -7.595660952393205,
    "num__V18": -2.682658756544549,
    "num__V19": 1.4036563663449382,
    "num__V20": 1.2528226920276664,
    "num__V21": 0.08756784581625288,
    "num__V22": 0.041981182711228825,
    "num__V23": -0.7397613629721896,
    "num__V24": 0.45107814686091047,
    "num__V25": 0.4885292956867061,
    "num__V26": 0.9248170332886263,
    "num__V27": -0.9226493477342497,
    "num__V28": -0.14924877580948237,
    "num__Amount": 0.12176863080175923,
    "num__ip_reputation": 0.8608869925443647,
    "num__txn_count_5m": 0.12485389562885332,
    "num__txn_count_30m": -0.2568222144492029,
    "num__txn_count_60m": 1.351961280243717,
    "num__avg_amount_7d": 0.3247167764666555,
    "num__account_age_days": -1.0361626524771208,
    "num__token_age_days": 0.5921507854655301,
    "num__avg_spend_user_30d": 0.4791031575679268,
    "num__geo_distance_km": 0.17167149724640932,
    "num__amount_zscore": 0.03251103812593986,
    "cat__device_os_Android": 0.34022510750894336,
    "cat__device_os_MacOS": 0.07564252686192227,
    "cat__device_os_Windows": 0.2625182461095793,
    "cat__device_os_iOS": -0.16724703799345603,
    "cat__browser_Chrome": 0.43016654489403794,
    "cat__browser_Edge": -0.049723685342390134,
    "cat__browser_Firefox": 0.5391828156964604,
    "cat__browser_Safari": 0.17277718772772535,
    "cat__is_new_device_False": 0.8123822509317096,
    "cat__is_new_device_True": 0.05405972686620342,
    "cat__ip_country_AU": 0.04402490086067537,
    "cat__ip_country_BR": 0.2381703319581055,
    "cat__ip_country_CA": -0.21798463864955386,
    "cat__ip_country_DE": 0.20154952234168555,
    "cat__ip_country_ES": 0.11985425116533083,
    "cat__ip_country_FR": -0.07060986784875414,
    "cat__ip_country_GB": -0.05902275180418083,
    "cat__ip_country_IE": 0.24816434237385643,
    "cat__ip_country_IN": -0.04227457983906706,
    "cat__ip_country_IT": -0.06593394790212562,
    "cat__ip_country_NL": 0.2192114965098387,
    "cat__ip_country_PL": 0.10364869729406061,
    "cat__ip_country_PT": -0.04187705936577191,
    "cat__ip_country_SE": 0.0860049789859595,
    "cat__ip_country_US": -0.051031042875635965,
    "cat__is_proxy_vpn_False": 0.9771848176248402,
    "cat__is_proxy_vpn_True": 0.42020668239385234,
    "cat__billing_country_AU": 0.13243625963040326,
    "cat__billing_country_BR": 0.10730523266275482,
    "cat__billing_country_CA": 0.2551087391343093,
    "cat__billing_country_DE": 0.07326331996827387,
    "cat__billing_country_ES": -0.06825372881693396,
    "cat__billing_country_FR": 0.10620001454731784,
    "cat__billing_country_GB": 0.2759360409227682,
    "cat__billing_country_IE": -0.04390212067778276,
    "cat__billing_country_IN": 0.026335368209921335,
    "cat__billing_country_IT": 0.12012738083551985,
    "cat__billing_country_NL": 0.06356785755894112,
    "cat__billing_country_PL": -0.04761162575242169,
    "cat__billing_country_PT": 0.21118471366151456,
    "cat__billing_country_SE": 0.31551395280045613,
    "cat__billing_country_US": 0.0900122436971251,
    "cat__shipping_country_AU": -0.03697922308140901,
    "cat__shipping_country_BR": -0.1096887846567383,
    "cat__shipping_country_CA": 0.09794454904913794,
    "cat__shipping_country_DE": 0.1968004265800597,
    "cat__shipping_country_ES": 0.12569699849800198,
    "cat__shipping_country_FR": 0.06924729658513333,
    "cat__shipping_country_GB": -0.004992749976242508,
    "cat__shipping_country_IE": -0.05910746896146896,
    "cat__shipping_country_IN": 0.1694068881234002,
    "cat__shipping_country_IT": 0.17393437334359266,
    "cat__shipping_country_NL": -0.10933737622560448,
    "cat__shipping_country_PL": 0.24221095554144498,
    "cat__shipping_country_PT": 0.14466138135744974,
    "cat__shipping_country_SE": 0.21759606078011837,
    "cat__shipping_country_US": -0.08679374390089256,
    "cat__country_mismatch_False": -0.0885856892515499,
    "cat__country_mismatch_True": 0.9115031495829324,
    "cat__night_txn_False": 0.8578152248804423,
    "cat__night_txn_True": 0.6166270945327578,
    "cat__weekend_txn_False": 0.4004988447386295,
    "cat__weekend_txn_True": 0.6965584370489384
  }
}