{
  "meta": {
    "txn_id": "txn_00031",
    "timestamp": "2025-12-23T20:40:19.584817Z",
    "merchant_id": "m_334",
    "user_id": "u_2104",
    "country": "US",
    "currency": "EUR",
    "ip_country": "FR"
  },
  "features": {
    "num__V1": -0.4032885313786021,
    "num__V2": 1.872585571432144,
    "num__V3": -1.8892465580357194,
    "num__V4": 1.6942905270915278,
    "num__V5": -0.17164484929440604,
    "num__V6": -2.52033584686987,
    "num__V7": -4.632228254571189,
    "num__V8": 0.15970357035803545,
    "num__V9": -0.48038723057112176,
    "num__V10": 0.4011934730012139,
    "num__V11": 0.7130090480526678,
    "num__V12": 0.1322926855823927,
    "num__V13": -0.27759120448124514,
    "num__V14": -4.051726851199395,
    "num__V15": 0.2192529598098057,
    "num__V16": -3.081432775736077,
    "num__V17": -0.34501563984086037,
    "num__V18": -2.2137494817332115,
    "num__V19": 0.178577675220843,
    "num__V20": 0.9809573796433808,
    "num__V21": -0.9868300169779224,
    "num__V22": 0.21830748850272028,
    "num__V23": -1.3658550244562933,
    "num__V24": 0.7363955807460343,
    "num__V25": 0.8302043133483141,
    "num__V26": 1.2966604170431537,
    "num__V27": 2.023236334878345,
    "num__V28": -0.6739008150638621,
    "num__Amount": 0.3165886217569728,
    "num__ip_reputation": 0.08749878492388447,
    "num__txn_count_5m": 1.1950663409127773,
    "num__txn_count_30m": -0.4161912227755699,
    "num__txn_count_60m": -0.5141660153823465,
    "num__avg_amount_7d": -0.6877715013833228,
    "num__account_age_days": -0.8337678999057319,
    "num__token_age_days": -0.33624674867328885,
    "num__avg_spend_user_30d": -0.5732203038173647,
    "num__geo_distance_km": 1.1542091281425904,
    "num__amount_zscore": 0.24160105566202697,
    "cat__device_os_Android": 0.31257905766228244,
    "cat__device_os_MacOS": 0.5600868979506168,
    "cat__device_os_Windows": 0.3078400463322167,
    "cat__device_os_iOS": 0.11484936480365521,
    "cat__browser_Chrome": -0.0830819909533051,
    "cat__browser_Edge": 0.10235059082748518,
    "cat__browser_Firefox": 0.539575711281411,
    "cat__browser_Safari": -0.007223752216725748,
    "cat__is_new_device_False": 0.9022472963967146,
    "cat__is_new_device_True": 0.31844817266113773,
    "cat__ip_country_AU": 0.1139778494046543,
    "cat__ip_country_BR": 0.11858672469533652,
    "cat__ip_country_CA": 0.14332376436974123,
    "cat__ip_country_DE": 0.10278441013449183,
    "cat__ip_country_ES": 0.2744859158511951,
    "cat__ip_country_FR": -0.05178695731220127,
    "cat__ip_country_GB": 0.08129136907361807,
    "cat__ip_country_IE": -0.1393646795555107,
    "cat__ip_country_IN": -0.16943753922759774,
    "cat__ip_country_IT": 0.05180887222424098,
    "cat__ip_country_NL": 0.14664525690198435,
    "cat__ip_country_PL": 0.25016018976927545,
    "cat__ip_country_PT": 0.3279589801606806,
    "cat__ip_country_SE": 0.2077747566448332,
    "cat__ip_country_US": 0.14486415208451836,
    "cat__is_proxy_vpn_False": 0.8042638513257542,
    "cat__is_proxy_vpn_True": -0.056289689619955896,
    "cat__billing_country_AU": 0.053212847329336344,
    "cat__billing_country_BR": 0.21250429019249958,
    "cat__billing_country_CA": 0.1600932986682631,
    "cat__billing_country_DE": -0.0784394380149827,
    "cat__billing_country_ES": 0.13399181962105747,
    "cat__billing_country_FR": 0.114710036070057,
    "cat__billing_country_GB": 0.09190087452676475,
    "cat__billing_country_IE": 0.07557276789359925,
    "cat__billing_country_IN": 0.14428081238686877,
    "cat__billing_country_IT": 0.15297032973391625,
    "cat__billing_country_NL": -0.004691140176128483,
    "cat__billing_country_PL": 0.10879641455745874,
    "cat__billing_country_PT": 0.05329381129608929,
    "cat__billing_country_SE": -0.1028912834768568,
    "cat__billing_country_US": 0.0031628148739180073,
    "cat__shipping_country_AU": -0.1120250612396661,
    "cat__shipping_country_BR": 0.16075116627136704,
    "cat__shipping_country_CA": 0.10919598777836652,
    "cat__shipping_country_DE": 0.028468945323800454,
    "cat__shipping_country_ES": 0.2352320103777601,
    "cat__shipping_country_FR": 0.07740540951186514,
    "cat__shipping_country_GB": -0.09740982804646364,
    "cat__shipping_country_IE": 0.013245402474920294,
    "cat__shipping_country_IN": 0.26277155988296386,
    "cat__shipping_country_IT": -0.008454256896115203,
    "cat__shipping_country_NL": 0.103521441374965,
    "cat__shipping_country_PL": 0.14751811387771663,
    "cat__shipping_country_PT": 0.14656499444199828,
    "cat__shipping_country_SE": 0.33422052826282134,
    "cat__shipping_country_US": -0.06808810665468015,
    "cat__country_mismatch_False": -0.054758771457659935,
    "cat__country_mismatch_True": 0.7933402426965126,
    "cat__night_txn_False": 0.6929981339573497,
    "cat__night_txn_True": 0.47280041050818655,
    "cat__weekend_txn_False": 0.03651888352321381,
    "cat__weekend_txn_True": 0.9805774283321897
  }
}