{
  "meta": {
    "txn_id": "txn_00047",
    "timestamp": "2025-12-19T18:16:19.591476Z",
    "merchant_id": "m_773",
    "user_id": "u_9565",
    "country": "FR",
    "currency": "EUR",
    "ip_country": "FR"
  },
  "features": {
    "num__V1": -1.2253502499021625,
    "num__V2": 2.337323661112464,
    "num__V3": -1.0974570913943296,
    "num__V4": 2.332032349907747,
    "num__V5": -2.7884167265798774,
    "num__V6": -1.8480403861887766,
    "num__V7": -3.703527113624051,
    "num__V8": 2.538933238778991,
    "num__V9": 0.2628569075367344,
    "num__V10": -1.3371096656875114,
    "num__V11": 2.528820214299696,
    "num__V12": -2.2765540222145275,
    "num__V13": -0.32959618302211663,
    "num__V14": -4.052096773957821,
    "num__V15": 0.768114692609034,
    "num__V16": -4.641626832742294,
    "num__V17": 1.4926425963343881,
    "num__V18": -2.0878764126407456,
    "num__V19": 1.5114522262349368,
    "num__V20": -0.7582167579788313,
    "num__V21": 1.7738460144599517,
    "num__V22": -0.638184069784498,
    "num__V23": -1.1627404652666795,
    "num__V24": 0.030203569783354797,
    "num__V25": 0.7057670677051098,
    "num__V26": -0.35596904043639654,
    "num__V27": -1.7475246846716395,
    "num__V28": 0.050495259434907486,
    "num__Amount": -0.020326252493759994,
    "num__ip_reputation": 0.8123580482354016,
    "num__txn_count_5m": 0.8201064691918176,
    "num__txn_count_30m": 0.3113891132316089,
    "num__txn_count_60m": 2.2471747062303282,
    "num__avg_amount_7d": 0.10887914023826302,
    "num__account_age_days": -0.766623730170863,
    "num__token_age_days": -0.7548770070213453,
    "num__avg_spend_user_30d": -0.14093166633532803,
    "num__geo_distance_km": -0.07756647230904448,
    "num__amount_zscore": 0.44146961781299554,
    "cat__device_os_Android": 0.3223742701566571,
    "cat__device_os_MacOS": 0.012851890022399864,
    "cat__device_os_Windows": 0.2910109448911795,
    "cat__device_os_iOS": 0.4002633175231628,
    "cat__browser_Chrome": 0.5599545579980655,
    "cat__browser_Edge": 0.44262405939746857,
    "cat__browser_Firefox": 0.39299692372224576,
    "cat__browser_Safari": 0.24869185097165303,
    "cat__is_new_device_False": 0.9078455844329695,
    "cat__is_new_device_True": 0.35274931108699414,
    "cat__ip_country_AU": -0.08343344570438133,
    "cat__ip_country_BR": 0.030803629120968137,
    "cat__ip_country_CA": -0.020832474181639443,
    "cat__ip_country_DE": 0.10277035447383084,
    "cat__ip_country_ES": 0.22839608219160243,
    "cat__ip_country_FR": -0.0017388042314067098,
    "cat__ip_country_GB": -0.19925739216504434,
    "cat__ip_country_IE": 0.016552512026887685,
    "cat__ip_country_IN": 0.1672496536679558,
    "cat__ip_country_IT": 0.11984996084352093,
    "cat__ip_country_NL": 0.13257107956483552,
    "cat__ip_country_PL": 0.033512424072248644,
    "cat__ip_country_PT": -0.07944811424899763,
    "cat__ip_country_SE": 0.11897064537886265,
    "cat__ip_country_US": -0.029633456134451494,
    "cat__is_proxy_vpn_False": 1.176281076403584,
    "cat__is_proxy_vpn_True": 0.32999034095306845,
    "cat__billing_country_AU": 0.0024322455507083257,
    "cat__billing_country_BR": -0.0029153178267404822,
    "cat__billing_country_CA": 0.05094844210116471,
    "cat__billing_country_DE": 0.04504797048957493,
    "cat__billing_country_ES": 0.1906156397297003,
    "cat__billing_country_FR": 0.0778338426573661,
    "cat__billing_country_GB": -0.022742019737685228,
    "cat__billing_country_IE": 0.3078022897389798,
    "cat__billing_country_IN": 0.07350808007114748,
    "cat__billing_country_IT": 0.16133423748718753,
    "cat__billing_country_NL": -0.0008303870448391065,
    "cat__billing_country_PL": 0.09879608234473675,
    "cat__billing_country_PT": 0.11356075222575623,
    "cat__billing_country_SE": -0.14711523337515348,
    "cat__billing_country_US": 0.29851634941793265,
    "cat__shipping_country_AU": 0.21271561548217993,
    "cat__shipping_country_BR": 0.013473203649047284,
    "cat__shipping_country_CA": -0.05836420917299609,
    "cat__shipping_country_DE": 0.10956283399638267,
    "cat__shipping_country_ES": 0.08068625186702354,
    "cat__shipping_country_FR": 0.1107446854504952,
    "cat__shipping_country_GB": 0.08071743802693152,
    "cat__shipping_country_IE": 0.11808236644841538,
    "cat__shipping_country_IN": 0.24106549351709217,
    "cat__shipping_country_IT": 0.13411368892515385,
    "cat__shipping_country_NL": -0.05134911516644747,
    "cat__shipping_country_PL": 0.21677079018462486,
    "cat__shipping_country_PT": 0.27253517028968294,
    "cat__shipping_country_SE": 0.41226864060031454,
    "cat__shipping_country_US": -0.062131024126177936,
    "cat__country_mismatch_False": 0.09947544281560082,
    "cat__country_mismatch_True": 0.6855162607011067,
    "cat__night_txn_False": 0.8682082868563495,
    "cat__night_txn_True": 0.13281293951851164,
    "cat__weekend_txn_False": 0.655472782830232,
    "cat__weekend_txn_True": 0.585146478438747
  }
}