{
  "meta": {
    "txn_id": "txn_00026",
    "timestamp": "2025-12-18T11:17:19.582546Z",
    "merchant_id": "m_884",
    "user_id": "u_3060",
    "country": "DE",
    "currency": "EUR",
    "ip_country": "RU"
  },
  "features": {
    "num__V1": -20.399757416457913,
    "num__V2": 15.764118740433982,
    "num__V3": -31.352496787732463,
    "num__V4": -12.299361539738348,
    "num__V5": -21.262012893496326,
    "num__V6": 7.449526279716977,
    "num__V7": 28.467990039214232,
    "num__V8": -25.70487503907963,
    "num__V9": -14.18673156541822,
    "num__V10": 23.84780309058826,
    "num__V11": 18.512907466469777,
    "num__V12": -29.953902663889387,
    "num__V13": 5.975918624570537,
    "num__V14": -33.22586678209707,
    "num__V15": 5.981483091109655,
    "num__V16": -27.97619147506674,
    "num__V17": -48.083808237446796,
    "num__V18": 16.694962153193494,
    "num__V19": -8.845090086204127,
    "num__V20": -8.251071445933226,
    "num__V21": -23.98217156315862,
    "num__V22": 10.429021580048275,
    "num__V23": 9.949266529994786,
    "num__V24": 5.226599513592717,
    "num__V25": -7.508468896824191,
    "num__V26": 5.548799083034663,
    "num__V27": -15.702900976463585,
    "num__V28": -8.261487280597947,
    "num__Amount": 0.01863531325443494,
    "num__ip_reputation": 0.5413037850433526,
    "num__txn_count_5m": 11.877673112221624,
    "num__txn_count_30m": 13.487321132205759,
    "num__txn_count_60m": 18.789296310664476,
    "num__avg_amount_7d": 0.011478783976736724,
    "num__account_age_days": -0.6027633787728004,
    "num__token_age_days": -0.02322261254371908,
    "num__avg_spend_user_30d": -0.02727209690177238,
    "num__geo_distance_km": 0.10055833867986905,
    "num__amount_zscore": 7.90066412645672,
    "cat__device_os_Android": 0.2322208784260083,
    "cat__device_os_MacOS": 0.24596883121056765,
    "cat__device_os_Windows": 0.2565017899257502,
    "cat__device_os_iOS": 0.26530850043767384,
    "cat__browser_Chrome": 0.2555844750292781,
    "cat__browser_Edge": 0.26419977266739814,
    "cat__browser_Firefox": 0.24321364216443717,
    "cat__browser_Safari": 0.23700211013888653,
    "cat__is_new_device_False": 0.8460608232037045,
    "cat__is_new_device_True": 0.15393917679629546,
    "cat__ip_country_AU": 0.07916571149294024,
    "cat__ip_country_BR": 0.07178964900198577,
    "cat__ip_country_CA": 0.06796769909254746,
    "cat__ip_country_DE": 0.06105514192465223,
    "cat__ip_country_ES": 0.07873147459906737,
    "cat__ip_country_FR": 0.06565637964762394,
    "cat__ip_country_GB": 0.05565174784919358,
    "cat__ip_country_IE": 0.062264745916855845,
    "cat__ip_country_IN": 0.06429275228965847,
    "cat__ip_country_IT": 0.06078186991328637,
    "cat__ip_country_NL": 0.08025581401228923,
    "cat__ip_country_PL": 0.06526055770222247,
    "cat__ip_country_PT": 0.061430827695035814,
    "cat__ip_country_SE": 0.06209497026915286,
    "cat__ip_country_US": 0.06360065859348829,
    "cat__is_proxy_vpn_False": 0.774863750268448,
    "cat__is_proxy_vpn_True": 0.22513624973155189,
    "cat__billing_country_AU": 0.07027595625086641,
    "cat__billing_country_BR": 0.06633854802761721,
    "cat__billing_country_CA": 0.061182618220936985,
    "cat__billing_country_DE": 0.07330032171223476,
    "cat__billing_country_ES": 0.06484322030946256,
    "cat__billing_country_FR": 0.05773212258653037,
    "cat__billing_country_GB": 0.05481201154186353,
    "cat__billing_country_IE": 0.07894496983474371,
    "cat__billing_country_IN": 0.06784554021556029,
    "cat__billing_country_IT": 0.07143061009059361,
    "cat__billing_country_NL": 0.06983024618971714,
    "cat__billing_country_PL": 0.05928205838000506,
    "cat__billing_country_PT": 0.07609930325311795,
    "cat__billing_country_SE": 0.06055015557958971,
    "cat__billing_country_US": 0.0675323178071607,
    "cat__shipping_country_AU": 0.06587760207183915,
    "cat__shipping_country_BR": 0.05594658668228515,
    "cat__shipping_country_CA": 0.06829997481287103,
    "cat__shipping_country_DE": 0.06947317662239808,
    "cat__shipping_country_ES": 0.07064087459494622,
    "cat__shipping_country_FR": 0.06952587994670188,
    "cat__shipping_country_GB": 0.05968887343130286,
    "cat__shipping_country_IE": 0.0619634361494849,
    "cat__shipping_country_IN": 0.07175495953543728,
    "cat__shipping_country_IT": 0.06866872090205274,
    "cat__shipping_country_NL": 0.07134963901664763,
    "cat__shipping_country_PL": 0.06425224381002761,
    "cat__shipping_country_PT": 0.07583280290126819,
    "cat__shipping_country_SE": 0.06212182717111117,
    "cat__shipping_country_US": 0.06460340235162604,
    "cat__country_mismatch_False": 0.0710820250216518,
    "cat__country_mismatch_True": 0.928917974978348,
    "cat__night_txn_False": 0.75406266306233,
    "cat__night_txn_True": 0.24593733693766984,
    "cat__weekend_txn_False": 0.2526126782367557,
    "cat__weekend_txn_True": 0.7473873217632443
  }
}