{
  "meta": {
    "txn_id": "txn_00013",
    "timestamp": "2025-12-24T03:59:19.577303Z",
    "merchant_id": "m_924",
    "user_id": "u_6168",
    "country": "NL",
    "currency": "EUR",
    "ip_country": "FR"
  },
  "features": {
    "num__V1": -1.7245185478379286,
    "num__V2": 1.3330187547897898,
    "num__V3": -5.362082265662012,
    "num__V4": -0.019933823686212326,
    "num__V5": 1.1610284106500357,
    "num__V6": -1.138729489347054,
    "num__V7": -5.256775763274709,
    "num__V8": -4.314809118351805,
    "num__V9": -1.9298245042846136,
    "num__V10": -5.873824394349024,
    "num__V11": 4.204048230230062,
    "num__V12": -0.867656733209011,
    "num__V13": -0.39590068488921926,
    "num__V14": 1.803568457162882,
    "num__V15": 0.421275735055265,
    "num__V16": -3.338035838866535,
    "num__V17": -13.488626581637067,
    "num__V18": 1.8951535503410177,
    "num__V19": -0.5986526872976209,
    "num__V20": -0.926973678328544,
    "num__V21": 2.6674475338609427,
    "num__V22": 2.1219527507425786,
    "num__V23": 1.1561479873011316,
    "num__V24": 0.18253653573252207,
    "num__V25": 0.44391270320416343,
    "num__V26": 0.4247588677684507,
    "num__V27": 1.253190841227565,
    "num__V28": 0.3108773440334915,
    "num__Amount": 0.06506778190794166,
    "num__ip_reputation": 0.5103617335261389,
    "num__txn_count_5m": -0.196320461424279,
    "num__txn_count_30m": 0.1568528078807812,
    "num__txn_count_60m": -1.0139308186337348,
    "num__avg_amount_7d": -0.031236784943166618,
    "num__account_age_days": -1.070368724778059,
    "num__token_age_days": -0.5242540891858083,
    "num__avg_spend_user_30d": 0.05057275615783615,
    "num__geo_distance_km": 0.8376563370823326,
    "num__amount_zscore": 0.4219722912913926,
    "cat__device_os_Android": -0.073921758337264,
    "cat__device_os_MacOS": 0.0503565501363748,
    "cat__device_os_Windows": 0.4449743123950889,
    "cat__device_os_iOS": 0.06786210916686211,
    "cat__browser_Chrome": 0.21083957494455355,
    "cat__browser_Edge": 0.37478254979998293,
    "cat__browser_Firefox": 0.052581522924802726,
    "cat__browser_Safari": 0.2575029334148817,
    "cat__is_new_device_False": 0.6338025218220804,
    "cat__is_new_device_True": 0.05825489257743918,
    "cat__ip_country_AU": 0.11817918296749669,
    "cat__ip_country_BR": -0.11505386787649281,
    "cat__ip_country_CA": 0.11859650477069009,
    "cat__ip_country_DE": 0.058894550554662015,
    "cat__ip_country_ES": 0.14594550622950675,
    "cat__ip_country_FR": 0.0909350802115775,
    "cat__ip_country_GB": 0.20112772513296576,
    "cat__ip_country_IE": 0.07615121772325723,
    "cat__ip_country_IN": 0.01589479359708753,
    "cat__ip_country_IT": 0.07421839937345112,
    "cat__ip_country_NL": 0.14663529445694726,
    "cat__ip_country_PL": 0.07080074752635543,
    "cat__ip_country_PT": 0.06590180274401948,
    "cat__ip_country_SE": -0.015387449951481759,
    "cat__ip_country_US": -0.010480999974180338,
    "cat__is_proxy_vpn_False": 0.5170775225689799,
    "cat__is_proxy_vpn_True": 0.5466927116705399,
    "cat__billing_country_AU": -0.0750586587325435,
    "cat__billing_country_BR": -0.012149383800810307,
    "cat__billing_country_CA": -0.017921897804748066,
    "cat__billing_country_DE": 0.1788682336593393,
    "cat__billing_country_ES": 0.031627413750956346,
    "cat__billing_country_FR": 0.19227925924280656,
    "cat__billing_country_GB": -0.016578976794718293,
    "cat__billing_country_IE": 0.11272008731757835,
    "cat__billing_country_IN": -0.028085225164134697,
    "cat__billing_country_IT": 0.32227183736002124,
    "cat__billing_country_NL": -0.06813884146074961,
    "cat__billing_country_PL": 0.09299656151148201,
    "cat__billing_country_PT": 0.15241379317944045,
    "cat__billing_country_SE": 0.10602512857104071,
    "cat__billing_country_US": 0.04629527169214572,
    "cat__shipping_country_AU": 0.05110776093776666,
    "cat__shipping_country_BR": 0.06063148943661358,
    "cat__shipping_country_CA": 0.05140765898747138,
    "cat__shipping_country_DE": 0.18065226547335417,
    "cat__shipping_country_ES": 0.3267669041156621,
    "cat__shipping_country_FR": 0.004917638071700786,
    "cat__shipping_country_GB": -0.09066806330344906,
    "cat__shipping_country_IE": 0.052177001975390484,
    "cat__shipping_country_IN": 0.37353775888408647,
    "cat__shipping_country_IT": -0.023913851994800145,
    "cat__shipping_country_NL": 0.26295306528118945,
    "cat__shipping_country_PL": 0.2520457748790981,
    "cat__shipping_country_PT": 0.009460042275015276,
    "cat__shipping_country_SE": 0.12532741921852059,
    "cat__shipping_country_US": 0.2482927731936841,
    "cat__country_mismatch_False": 0.026761195300623833,
    "cat__country_mismatch_True": 0.9051190030246178,
    "cat__night_txn_False": 0.6340293411164758,
    "cat__night_txn_True": 0.03653624016602386,
    "cat__weekend_txn_False": 0.11662339253957718,
    "cat__weekend_txn_True": 0.49103660722237347
  }
}