{
  "meta": {
    "txn_id": "txn_00019",
    "timestamp": "2025-12-17T18:01:19.579662Z",
    "merchant_id": "m_579",
    "user_id": "u_9669",
    "country": "FR",
    "currency": "EUR",
    "ip_country": "US"
  },
  "features": {
    "num__V1": -0.7732980044322645,
    "num__V2": 1.7747778991733278,
    "num__V3": -3.9147908273900383,
    "num__V4": 2.0003214622519296,
    "num__V5": -2.9916121807737976,
    "num__V6": -0.23572668502108912,
    "num__V7": -0.43031774989989646,
    "num__V8": -0.4582665826567671,
    "num__V9": -1.882505996746613,
    "num__V10": -5.627065454859119,
    "num__V11": 3.9497818240661458,
    "num__V12": -4.278198081089476,
    "num__V13": -0.15012487477156267,
    "num__V14": -2.994718269513362,
    "num__V15": 0.06825305558993545,
    "num__V16": -1.077074059326322,
    "num__V17": -5.768645593905257,
    "num__V18": -3.332705026615364,
    "num__V19": -0.5396575504010234,
    "num__V20": -0.17286068635079482,
    "num__V21": -1.373042427398397,
    "num__V22": -0.26180936539282706,
    "num__V23": 1.0926215335655238,
    "num__V24": -0.23258854466619147,
    "num__V25": -0.17006808866615514,
    "num__V26": 0.024908702361880447,
    "num__V27": -0.29445301515734035,
    "num__V28": 0.06756400760640886,
    "num__Amount": 0.259649009521129,
    "num__ip_reputation": 0.9786682950953339,
    "num__txn_count_5m": 0.8520979721198281,
    "num__txn_count_30m": 1.7894705547943632,
    "num__txn_count_60m": 1.0651828778687396,
    "num__avg_amount_7d": 0.9820645043178272,
    "num__account_age_days": -0.9700406503344691,
    "num__token_age_days": 0.9262243840841345,
    "num__avg_spend_user_30d": -0.19187065587801921,
    "num__geo_distance_km": -0.048777327946741195,
    "num__amount_zscore": -0.060113570969866637,
    "cat__device_os_Android": 0.18960445356708827,
    "cat__device_os_MacOS": 0.26293625078109184,
    "cat__device_os_Windows": 0.14029995240389637,
    "cat__device_os_iOS": 0.4321025346838074,
    "cat__browser_Chrome": 0.14546471582282267,
    "cat__browser_Edge": 0.39600404845213366,
    "cat__browser_Firefox": 0.5439673561341963,
    "cat__browser_Safari": 0.16752778121156375,
    "cat__is_new_device_False": 0.9724560649650529,
    "cat__is_new_device_True": 0.24290764202913118,
    "cat__ip_country_AU": 0.3540184430912986,
    "cat__ip_country_BR": 0.012577665817179284,
    "cat__ip_country_CA": 0.15935438468059976,
    "cat__ip_country_DE": -0.11784197101133945,
    "cat__ip_country_ES": 0.01840704220528063,
    "cat__ip_country_FR": 0.10555252894777647,
    "cat__ip_country_GB": 0.2042224547667004,
    "cat__ip_country_IE": -0.07368220335748729,
    "cat__ip_country_IN": 0.15289240626596223,
    "cat__ip_country_IT": 0.05383566239028836,
    "cat__ip_country_NL": -0.10564255063573891,
    "cat__ip_country_PL": 0.08585049114717364,
    "cat__ip_country_PT": 0.24968652733942193,
    "cat__ip_country_SE": -0.06157182075970479,
    "cat__ip_country_US": 0.05131470743829544,
    "cat__is_proxy_vpn_False": 0.5935283831019471,
    "cat__is_proxy_vpn_True": 0.13901492336119847,
    "cat__billing_country_AU": 0.23761259783462635,
    "cat__billing_country_BR": 0.03558196748830603,
    "cat__billing_country_CA": 0.21551037165267503,
    "cat__billing_country_DE": 0.20412759951683762,
    "cat__billing_country_ES": 0.02399343048936208,
    "cat__billing_country_FR": 0.0035355704380159655,
    "cat__billing_country_GB": -0.040165168635960875,
    "cat__billing_country_IE": -0.03374778848620917,
    "cat__billing_country_IN": 0.10840767012394095,
    "cat__billing_country_IT": 0.06911703072859098,
    "cat__billing_country_NL": -0.0026170318904981393,
    "cat__billing_country_PL": -0.1092533902334156,
    "cat__billing_country_PT": 0.08888452586243818,
    "cat__billing_country_SE": 0.008948127464016353,
    "cat__billing_country_US": 0.04514795506894666,
    "cat__shipping_country_AU": 0.10053930716761031,
    "cat__shipping_country_BR": -0.21157930520492368,
    "cat__shipping_country_CA": -0.10789190397784315,
    "cat__shipping_country_DE": 0.3343574805030186,
    "cat__shipping_country_ES": 0.011941581486012307,
    "cat__shipping_country_FR": -0.22222178550373795,
    "cat__shipping_country_GB": -0.09946435304780082,
    "cat__shipping_country_IE": 0.33737703172165145,
    "cat__shipping_country_IN": -0.010483972734401076,
    "cat__shipping_country_IT": 0.20218621377274448,
    "cat__shipping_country_NL": 0.08550764373396519,
    "cat__shipping_country_PL": 0.009967432322841599,
    "cat__shipping_country_PT": 0.1688052555871748,
    "cat__shipping_country_SE": -0.20274488122710752,
    "cat__shipping_country_US": -0.09796187227589961,
    "cat__country_mismatch_False": 0.01352515694553428,
    "cat__country_mismatch_True": 0.7719296284851506,
    "cat__night_txn_False": 0.6342157064323359,
    "cat__night_txn_True": 0.42210610989292285,
    "cat__weekend_txn_False": 0.28028832863526193,
    "cat__weekend_txn_True": 1.026081173984871
  }
}