{
  "meta": {
    "txn_id": "txn_00020",
    "timestamp": "2025-12-23T05:28:19.579976Z",
    "merchant_id": "m_798",
    "user_id": "u_9797",
    "country": "FR",
    "currency": "EUR",
    "ip_country": "FR"
  },
  "features": {
    "num__V1": -1.1427243860748868,
    "num__V2": 2.5093358045475305,
    "num__V3": -2.9016909321014004,
    "num__V4": 0.9682106714970247,
    "num__V5": 0.9730984920934742,
    "num__V6": -1.046735830210711,
    "num__V7": -1.7905914063729642,
    "num__V8": 2.03335766085928,
    "num__V9": -0.33262958024845257,
    "num__V10": -5.5221395267915945,
    "num__V11": 3.388913467996506,
    "num__V12": -5.3139852904656415,
    "num__V13": 0.3568037363862791,
    "num__V14": -2.4170946315603734,
    "num__V15": 0.33895188779100355,
    "num__V16": -5.195466667057558,
    "num__V17": -2.246495007238543,
    "num__V18": 0.057803931540623577,
    "num__V19": 0.631632193926593,
    "num__V20": -0.3421677021437011,
    "num__V21": 2.457029096118203,
    "num__V22": 0.10099536600978773,
    "num__V23": -1.377419561463651,
    "num__V24": -0.4614622992424101,
    "num__V25": -0.263922335707932,
    "num__V26": 0.7246657887497918,
    "num__V27": 2.0123645936385888,
    "num__V28": 1.0408376848965026,
    "num__Amount": 0.12217607146808149,
    "num__ip_reputation": 0.9929267996092342,
    "num__txn_count_5m": -0.4271131507561314,
    "num__txn_count_30m": 0.3576384719718039,
    "num__txn_count_60m": 0.9569896551659633,
    "num__avg_amount_7d": -0.4554227719978294,
    "num__account_age_days": -0.5034745882934328,
    "num__token_age_days": 0.7425145223154234,
    "num__avg_spend_user_30d": 0.2145220442327046,
    "num__geo_distance_km": 0.5864201378382006,
    "num__amount_zscore": -1.143232039509662,
    "cat__device_os_Android": 0.535920660759335,
    "cat__device_os_MacOS": 0.20917943966309077,
    "cat__device_os_Windows": 0.10250446257323145,
    "cat__device_os_iOS": 0.23021226017450247,
    "cat__browser_Chrome": -0.040218562486604714,
    "cat__browser_Edge": 0.4748786223038324,
    "cat__browser_Firefox": 0.17718631367079607,
    "cat__browser_Safari": 0.09330135559563718,
    "cat__is_new_device_False": 0.8193213921227589,
    "cat__is_new_device_True": 0.33182790880508417,
    "cat__ip_country_AU": 0.09520366742913443,
    "cat__ip_country_BR": -0.09355446759875673,
    "cat__ip_country_CA": 0.12141327052765498,
    "cat__ip_country_DE": -0.041153159509594785,
    "cat__ip_country_ES": -0.1835723768331895,
    "cat__ip_country_FR": 0.23454754201110192,
    "cat__ip_country_GB": 0.10441209643381125,
    "cat__ip_country_IE": 0.05358510780137873,
    "cat__ip_country_IN": 0.025339377416530577,
    "cat__ip_country_IT": 0.21427559958363054,
    "cat__ip_country_NL": 0.4574406075696673,
    "cat__ip_country_PL": 0.11614728884397682,
    "cat__ip_country_PT": -0.051978366101153306,
    "cat__ip_country_SE": 0.0450458193313122,
    "cat__ip_country_US": 0.1117187661991978,
    "cat__is_proxy_vpn_False": 0.34304158952938046,
    "cat__is_proxy_vpn_True": 0.28661419304786545,
    "cat__billing_country_AU": 0.12126844188696516,
    "cat__billing_country_BR": 0.21657822922488612,
    "cat__billing_country_CA": 0.19575179226921996,
    "cat__billing_country_DE": 0.08641451675571579,
    "cat__billing_country_ES": 0.23541430479640996,
    "cat__billing_country_FR": 0.27724438796442913,
    "cat__billing_country_GB": 0.057774906560020704,
    "cat__billing_country_IE": 0.1295708237682803,
    "cat__billing_country_IN": -0.135109850691514,
    "cat__billing_country_IT": -0.09823774031618364,
    "cat__billing_country_NL": -0.027547098595215216,
    "cat__billing_country_PL": 0.011007781602764749,
    "cat__billing_country_PT": -0.05588731861033494,
    "cat__billing_country_SE": 0.056594394444385465,
    "cat__billing_country_US": 0.020114369276065296,
    "cat__shipping_country_AU": 0.18771450844039564,
    "cat__shipping_country_BR": 0.005177501350713536,
    "cat__shipping_country_CA": -0.19447169738849596,
    "cat__shipping_country_DE": 0.08397800460426853,
    "cat__shipping_country_ES": 0.06899579620539922,
    "cat__shipping_country_FR": -0.03037788320079443,
    "cat__shipping_country_GB": 0.07011657119931476,
    "cat__shipping_country_IE": -0.05723413922329123,
    "cat__shipping_country_IN": 0.11034071146049364,
    "cat__shipping_country_IT": 0.37197920045320393,
    "cat__shipping_country_NL": -0.13971536497934128,
    "cat__shipping_country_PL": 0.006466657969869963,
    "cat__shipping_country_PT": -0.005277143274326684,
    "cat__shipping_country_SE": 0.013993071768694826,
    "cat__shipping_country_US": 0.1796547981059209,
    "cat__country_mismatch_False": 0.13453959064575105,
    "cat__country_mismatch_True": 1.0281405629560854,
    "cat__night_txn_False": 0.760355592144602,
    "cat__night_txn_True": -0.026885734113527238,
    "cat__weekend_txn_False": 0.01914508459090508,
    "cat__weekend_txn_True": 0.9036892381534842
  }
}