{
  "meta": {
    "txn_id": "txn_00001",
    "timestamp": "2025-12-23T08:45:19.572392Z",
    "merchant_id": "m_792",
    "user_id": "u_9935",
    "country": "US",
    "currency": "EUR",
    "ip_country": "RU"
  },
  "features": {
    "num__V1": -1.9923918073083753,
    "num__V2": 0.3481930107229312,
    "num__V3": -3.133416224506465,
    "num__V4": 2.1244433658584203,
    "num__V5": 1.6421324631595162,
    "num__V6": -0.4558256215603599,
    "num__V7": -2.0146058495147936,
    "num__V8": 0.20133948002987473,
    "num__V9": -3.3105526870507296,
    "num__V10": -2.9813762432778574,
    "num__V11": 2.018918734071658,
    "num__V12": 2.381787695918475,
    "num__V13": -0.14692189274897666,
    "num__V14": -2.9912976280032284,
    "num__V15": -0.091676164205461,
    "num__V16": -5.118808852089145,
    "num__V17": -0.22592386803578357,
    "num__V18": -0.45080503511772974,
    "num__V19": 1.096115759488118,
    "num__V20": -0.4063723987503068,
    "num__V21": 3.445544423248833,
    "num__V22": -1.2160846923604738,
    "num__V23": 0.49564015064425876,
    "num__V24": 0.8999497757624433,
    "num__V25": -0.5570465840778228,
    "num__V26": -0.2278776436386905,
    "num__V27": 0.3770385000145815,
    "num__V28": -0.2368262190886975,
    "num__Amount": -0.6723471084708683,
    "num__ip_reputation": 0.5751969482357565,
    "num__txn_count_5m": -0.3802907030137727,
    "num__txn_count_30m": 0.6836618508953676,
    "num__txn_count_60m": -0.3030389730225742,
    "num__avg_amount_7d": 0.6847204064717968,
    "num__account_age_days": -0.9732435744000631,
    "num__token_age_days": -0.16943910315022476,
    "num__avg_spend_user_30d": 0.3247578487164959,
    "num__geo_distance_km": -0.5512133091462069,
    "num__amount_zscore": 0.10117118001881462,
    "cat__device_os_Android": 0.4870263388625235,
    "cat__device_os_MacOS": -0.07177017668666238,
    "cat__device_os_Windows": 0.29349102758006734,
    "cat__device_os_iOS": 0.31753606103051646,
    "cat__browser_Chrome": 0.4113165487774829,
    "cat__browser_Edge": 0.015522520044246535,
    "cat__browser_Firefox": -0.0167366691653196,
    "cat__browser_Safari": 0.338545933636986,
    "cat__is_new_device_False": 0.8933143895837967,
    "cat__is_new_device_True": 0.19379537679037215,
    "cat__ip_country_AU": 0.12143247485736733,
    "cat__ip_country_BR": -0.007970997803789931,
    "cat__ip_country_CA": 0.09466327613299923,
    "cat__ip_country_DE": 0.09329958331825959,
    "cat__ip_country_ES": -0.008174067162549994,
    "cat__ip_country_FR": 0.27629227980685683,
    "cat__ip_country_GB": 0.1061826944616243,
    "cat__ip_country_IE": -0.06984200697068219,
    "cat__ip_country_IN": 0.138292389897618,
    "cat__ip_country_IT": -0.04630403659810702,
    "cat__ip_country_NL": 0.17642083628391292,
    "cat__ip_country_PL": 0.19663244059788473,
    "cat__ip_country_PT": -0.028963291388665394,
    "cat__ip_country_SE": 0.1684277308604509,
    "cat__ip_country_US": 0.10973047208888931,
    "cat__is_proxy_vpn_False": 0.9259510104176203,
    "cat__is_proxy_vpn_True": 0.573749731768295,
    "cat__billing_country_AU": 0.041604486312643824,
    "cat__billing_country_BR": -0.019039932135171536,
    "cat__billing_country_CA": -0.0367626724598861,
    "cat__billing_country_DE": -0.022935059228919724,
    "cat__billing_country_ES": 0.05616039861574497,
    "cat__billing_country_FR": 0.0945193900687065,
    "cat__billing_country_GB": 0.08414163977534628,
    "cat__billing_country_IE": 0.17908402361757253,
    "cat__billing_country_IN": 0.06933866984876413,
    "cat__billing_country_IT": 0.24139840723415562,
    "cat__billing_country_NL": 0.039083773950269754,
    "cat__billing_country_PL": 0.3552892291657508,
    "cat__billing_country_PT": 0.1514373061761956,
    "cat__billing_country_SE": -0.03364825366662034,
    "cat__billing_country_US": -0.055209766060161314,
    "cat__shipping_country_AU": 0.120769009523399,
    "cat__shipping_country_BR": 0.032050986485100026,
    "cat__shipping_country_CA": 0.15034730554362213,
    "cat__shipping_country_DE": 0.12405899240916396,
    "cat__shipping_country_ES": 0.06220242802837021,
    "cat__shipping_country_FR": -0.028609832231417914,
    "cat__shipping_country_GB": -0.10658889915384445,
    "cat__shipping_country_IE": 0.01246538679786139,
    "cat__shipping_country_IN": 0.17193927942658674,
    "cat__shipping_country_IT": 0.09333212380500651,
    "cat__shipping_country_NL": -0.07427013465601491,
    "cat__shipping_country_PL": 0.08363726008142255,
    "cat__shipping_country_PT": 0.12203063783174184,
    "cat__shipping_country_SE": -0.036061641870868924,
    "cat__shipping_country_US": 0.08194418259686595,
    "cat__country_mismatch_False": 0.07788674654322879,
    "cat__country_mismatch_True": 0.795302345021015,
    "cat__night_txn_False": 0.8278942163813282,
    "cat__night_txn_True": 0.3616585648164905,
    "cat__weekend_txn_False": 0.47945459823242403,
    "cat__weekend_txn_True": 0.9681030840924014
  }
}