{
  "meta": {
    "txn_id": "txn_00012",
    "timestamp": "2025-12-21T11:02:19.576998Z",
    "merchant_id": "m_755",
    "user_id": "u_4598",
    "country": "FR",
    "currency": "EUR",
    "ip_country": "US"
  },
  "features": {
    "num__V1": 0.2520538587874408,
    "num__V2": 1.2678890025817298,
    "num__V3": -3.1604503420167758,
    "num__V4": 2.6821472877805874,
    "num__V5": -0.39302522703705245,
    "num__V6": -1.6263575113211508,
    "num__V7": 1.1498086933718792,
    "num__V8": 3.3610714534263106,
    "num__V9": -1.915368883232342,
    "num__V10": -2.039255391285764,
    "num__V11": 2.618184218055452,
    "num__V12": -2.542527855189862,
    "num__V13": -0.32667667445800896,
    "num__V14": -5.383142842238335,
    "num__V15": -0.08705485180800987,
    "num__V16": -0.17772805317078877,
    "num__V17": -2.4079154519395676,
    "num__V18": -2.1619377862099385,
    "num__V19": 1.0810899442560957,
    "num__V20": -1.7779908390991992,
    "num__V21": 2.9256957692046637,
    "num__V22": -1.5096596033712943,
    "num__V23": -0.2906734021799662,
    "num__V24": -0.5600317655680938,
    "num__V25": -0.7490851291481428,
    "num__V26": 0.566074578089241,
    "num__V27": -0.3769497476015896,
    "num__V28": 0.3564659341900064,
    "num__Amount": -0.0022727023556326845,
    "num__ip_reputation": 0.7771223540633663,
    "num__txn_count_5m": 0.299367490894851,
    "num__txn_count_30m": -0.5432035142143825,
    "num__txn_count_60m": 1.4575192556168342,
    "num__avg_amount_7d": -0.20299318470078762,
    "num__account_age_days": -1.3390293759513487,
    "num__token_age_days": -0.21758764301789368,
    "num__avg_spend_user_30d": 0.6221454891098217,
    "num__geo_distance_km": 0.5507707775946197,
    "num__amount_zscore": -0.16634797353086334,
    "cat__device_os_Android": 0.16413897239982894,
    "cat__device_os_MacOS": 0.18239367230281023,
    "cat__device_os_Windows": 0.6725539989988529,
    "cat__device_os_iOS": 0.34206447434378096,
    "cat__browser_Chrome": 0.34124489752742526,
    "cat__browser_Edge": 0.47132852607573206,
    "cat__browser_Firefox": 0.29022262043455566,
    "cat__browser_Safari": 0.1866054150554114,
    "cat__is_new_device_False": 0.8148193772177932,
    "cat__is_new_device_True": 0.14254661963909804,
    "cat__ip_country_AU": 0.07462458984956241,
    "cat__ip_country_BR": 0.15713390369431782,
    "cat__ip_country_CA": 0.07393843460054655,
    "cat__ip_country_DE": 0.1416617228378656,
    "cat__ip_country_ES": 0.0689117724938181,
    "cat__ip_country_FR": 0.074533869396511,
    "cat__ip_country_GB": -0.1574422936469481,
    "cat__ip_country_IE": 0.16387871244191266,
    "cat__ip_country_IN": 0.10334519418414134,
    "cat__ip_country_IT": 0.17043081539610294,
    "cat__ip_country_NL": -0.27360508178467924,
    "cat__ip_country_PL": 0.3020590766416459,
    "cat__ip_country_PT": 0.0460557170241358,
    "cat__ip_country_SE": 0.18441078707890923,
    "cat__ip_country_US": -0.05261272080628848,
    "cat__is_proxy_vpn_False": 0.8874860800106328,
    "cat__is_proxy_vpn_True": 0.031527948315422244,
    "cat__billing_country_AU": -0.002606028811429406,
    "cat__billing_country_BR": 0.28314795124415704,
    "cat__billing_country_CA": 0.04018639539592247,
    "cat__billing_country_DE": 0.09894934301682255,
    "cat__billing_country_ES": 0.1628260409814771,
    "cat__billing_country_FR": 0.11118273564166148,
    "cat__billing_country_GB": 0.0707566348464013,
    "cat__billing_country_IE": 0.12312725894322256,
    "cat__billing_country_IN": 0.34385237559934473,
    "cat__billing_country_IT": 0.06469300403115165,
    "cat__billing_country_NL": 0.09319290107209381,
    "cat__billing_country_PL": 0.1736136371125638,
    "cat__billing_country_PT": 0.20921815029899074,
    "cat__billing_country_SE": 0.1910003460653705,
    "cat__billing_country_US": 0.14074142014268326,
    "cat__shipping_country_AU": -0.06416330058204531,
    "cat__shipping_country_BR": 0.2306147167175691,
    "cat__shipping_country_CA": -0.06342903710087419,
    "cat__shipping_country_DE": 0.10438080631681765,
    "cat__shipping_country_ES": -0.01675458724360704,
    "cat__shipping_country_FR": 0.06209282726040178,
    "cat__shipping_country_GB": 0.09577560244539411,
    "cat__shipping_country_IE": 0.09758722710256004,
    "cat__shipping_country_IN": 0.12111262338457271,
    "cat__shipping_country_IT": 0.25456677859413357,
    "cat__shipping_country_NL": 0.12436521777830387,
    "cat__shipping_country_PL": 0.03692255767620123,
    "cat__shipping_country_PT": 0.19142255359073096,
    "cat__shipping_country_SE": 0.19425437948365987,
    "cat__shipping_country_US": -0.0738754571599291,
    "cat__country_mismatch_False": 0.14091934872205503,
    "cat__country_mismatch_True": 1.0108865421848643,
    "cat__night_txn_False": 0.6926586614153039,
    "cat__night_txn_True": 0.5298226336106808,
    "cat__weekend_txn_False": 0.22118397374744583,
    "cat__weekend_txn_True": 0.7736889432158142
  }
}