{
  "meta": {
    "source": "demo_sampling",
    "scenario": "block_country_mismatch",
    "category": "block_fraud"
  },
  "features": {
    "num__V1": 0.3558630226465146,
    "num__V2": 2.0382771490367193,
    "num__V3": -4.802706704671616,
    "num__V4": 4.516130163068718,
    "num__V5": 0.0425806692372364,
    "num__V6": -1.863087130898874,
    "num__V7": -2.2510297194394218,
    "num__V8": 0.4113786489120609,
    "num__V9": -3.126245130789538,
    "num__V10": -4.8719090999436085,
    "num__V11": 3.3553007704688143,
    "num__V12": -6.426936435353347,
    "num__V13": -0.4645611559667692,
    "num__V14": -11.454997696289832,
    "num__V15": -0.9505795910687947,
    "num__V16": -3.7215728065613822,
    "num__V17": -6.596295221925102,
    "num__V18": -2.1612851881901003,
    "num__V19": -1.2271404617530814,
    "num__V20": 0.7148008832297513,
    "num__V21": 0.8519509675189083,
    "num__V22": -0.4587283910372499,
    "num__V23": -0.2699775171999092,
    "num__V24": -0.8740397637767776,
    "num__V25": 1.1893022858408402,
    "num__V26": 0.491855007278372,
    "num__V27": 2.28673549376814,
    "num__V28": 1.5028395428554595,
    "num__Amount": -0.3418137210667145,
    "num__ip_reputation": 1.4646661109750525,
    "num__txn_count_5m": 2.223994625361291,
    "num__txn_count_30m": 2.9708193191113916,
    "num__txn_count_60m": 3.7059717633957807,
    "num__avg_amount_7d": -0.4300220300782078,
    "num__account_age_days": -1.6265308419826676,
    "num__token_age_days": -0.8402529538160144,
    "num__avg_spend_user_30d": 0.2840900186696825,
    "num__geo_distance_km": -0.7647839949380677,
    "num__amount_zscore": -1.1059960862447602,
    "cat__device_os_Android": 1.0,
    "cat__device_os_MacOS": 0.0,
    "cat__device_os_Windows": 0.0,
    "cat__device_os_iOS": 0.0,
    "cat__browser_Chrome": 0.0,
    "cat__browser_Edge": 0.0,
    "cat__browser_Firefox": 1.0,
    "cat__browser_Safari": 0.0,
    "cat__is_new_device_False": 1.0,
    "cat__is_new_device_True": 0.0,
    "cat__ip_country_AU": 1.0,
    "cat__ip_country_BR": 0.0,
    "cat__ip_country_CA": 0.0,
    "cat__ip_country_DE": 0.0,
    "cat__ip_country_ES": 0.0,
    "cat__ip_country_FR": 0.0,
    "cat__ip_country_GB": 0.0,
    "cat__ip_country_IE": 0.0,
    "cat__ip_country_IN": 0.0,
    "cat__ip_country_IT": 0.0,
    "cat__ip_country_NL": 0.0,
    "cat__ip_country_PL": 0.0,
    "cat__ip_country_PT": 0.0,
    "cat__ip_country_SE": 0.0,
    "cat__ip_country_US": 0.0,
    "cat__is_proxy_vpn_False": 0.0,
    "cat__is_proxy_vpn_True": 1.0,
    "cat__billing_country_AU": 0.0,
    "cat__billing_country_BR": 0.0,
    "cat__billing_country_CA": 0.0,
    "cat__billing_country_DE": 0.0,
    "cat__billing_country_ES": 0.0,
    "cat__billing_country_FR": 0.0,
    "cat__billing_country_GB": 0.0,
    "cat__billing_country_IE": 0.0,
    "cat__billing_country_IN": 0.0,
    "cat__billing_country_IT": 1.0,
    "cat__billing_country_NL": 0.0,
    "cat__billing_country_PL": 0.0,
    "cat__billing_country_PT": 0.0,
    "cat__billing_country_SE": 0.0,
    "cat__billing_country_US": 0.0,
    "cat__shipping_country_AU": 0.0,
    "cat__shipping_country_BR": 0.0,
    "cat__shipping_country_CA": 0.0,
    "cat__shipping_country_DE": 0.0,
    "cat__shipping_country_ES": 0.0,
    "cat__shipping_country_FR": 0.0,
    "cat__shipping_country_GB": 1.0,
    "cat__shipping_country_IE": 0.0,
    "cat__shipping_country_IN": 0.0,
    "cat__shipping_country_IT": 0.0,
    "cat__shipping_country_NL": 0.0,
    "cat__shipping_country_PL": 0.0,
    "cat__shipping_country_PT": 0.0,
    "cat__shipping_country_SE": 0.0,
    "cat__shipping_country_US": 0.0,
    "cat__country_mismatch_False": 0.0,
    "cat__country_mismatch_True": 1.0,
    "cat__night_txn_False": 1.0,
    "cat__night_txn_True": 0.0,
    "cat__weekend_txn_False": 1.0,
    "cat__weekend_txn_True": 0.0
  }
}