{
  "meta": {
    "source": "demo_sampling",
    "scenario": "block_geo_distance_extreme",
    "category": "block_fraud"
  },
  "features": {
    "num__V1": -1.4163931141458448,
    "num__V2": 0.9822986562446372,
    "num__V3": -1.6618865216927383,
    "num__V4": 1.7420319248333405,
    "num__V5": -0.9802220240962596,
    "num__V6": -0.6670246315600287,
    "num__V7": -0.5596369000191148,
    "num__V8": -0.182237951245766,
    "num__V9": -0.3133356936704344,
    "num__V10": -1.9683628321559383,
    "num__V11": 1.7676462962022,
    "num__V12": -2.7945920200724848,
    "num__V13": 0.4548041247764413,
    "num__V14": -6.150104257443483,
    "num__V15": 0.8965952568677065,
    "num__V16": -2.814489434497418,
    "num__V17": -4.198110440579996,
    "num__V18": -1.3174213770552754,
    "num__V19": 0.7807664760073405,
    "num__V20": -0.7139055607766679,
    "num__V21": 0.2956416546911734,
    "num__V22": 0.4935285062001931,
    "num__V23": 0.3521666454203763,
    "num__V24": 0.2362260828744736,
    "num__V25": 0.2092392072951346,
    "num__V26": -1.2906318281576032,
    "num__V27": -3.387104964464198,
    "num__V28": 1.3596549121793031,
    "num__Amount": 0.266074206445907,
    "num__ip_reputation": 1.731632980408186,
    "num__txn_count_5m": 0.7206244202239912,
    "num__txn_count_30m": 0.7191021433953892,
    "num__txn_count_60m": 0.7154478020114323,
    "num__avg_amount_7d": -0.1852991733084034,
    "num__account_age_days": -1.6403594692378545,
    "num__token_age_days": 0.3144379726661403,
    "num__avg_spend_user_30d": 0.5336969381218498,
    "num__geo_distance_km": -1.5653871019156969,
    "num__amount_zscore": 1.8691326395986907,
    "cat__device_os_Android": 1.0,
    "cat__device_os_MacOS": 0.0,
    "cat__device_os_Windows": 0.0,
    "cat__device_os_iOS": 0.0,
    "cat__browser_Chrome": 1.0,
    "cat__browser_Edge": 0.0,
    "cat__browser_Firefox": 0.0,
    "cat__browser_Safari": 0.0,
    "cat__is_new_device_False": 0.0,
    "cat__is_new_device_True": 1.0,
    "cat__ip_country_AU": 0.0,
    "cat__ip_country_BR": 0.0,
    "cat__ip_country_CA": 0.0,
    "cat__ip_country_DE": 0.0,
    "cat__ip_country_ES": 0.0,
    "cat__ip_country_FR": 0.0,
    "cat__ip_country_GB": 0.0,
    "cat__ip_country_IE": 0.0,
    "cat__ip_country_IN": 0.0,
    "cat__ip_country_IT": 0.0,
    "cat__ip_country_NL": 0.0,
    "cat__ip_country_PL": 0.0,
    "cat__ip_country_PT": 0.0,
    "cat__ip_country_SE": 1.0,
    "cat__ip_country_US": 0.0,
    "cat__is_proxy_vpn_False": 1.0,
    "cat__is_proxy_vpn_True": 0.0,
    "cat__billing_country_AU": 0.0,
    "cat__billing_country_BR": 0.0,
    "cat__billing_country_CA": 0.0,
    "cat__billing_country_DE": 0.0,
    "cat__billing_country_ES": 0.0,
    "cat__billing_country_FR": 0.0,
    "cat__billing_country_GB": 1.0,
    "cat__billing_country_IE": 0.0,
    "cat__billing_country_IN": 0.0,
    "cat__billing_country_IT": 0.0,
    "cat__billing_country_NL": 0.0,
    "cat__billing_country_PL": 0.0,
    "cat__billing_country_PT": 0.0,
    "cat__billing_country_SE": 0.0,
    "cat__billing_country_US": 0.0,
    "cat__shipping_country_AU": 0.0,
    "cat__shipping_country_BR": 0.0,
    "cat__shipping_country_CA": 0.0,
    "cat__shipping_country_DE": 0.0,
    "cat__shipping_country_ES": 0.0,
    "cat__shipping_country_FR": 0.0,
    "cat__shipping_country_GB": 0.0,
    "cat__shipping_country_IE": 0.0,
    "cat__shipping_country_IN": 0.0,
    "cat__shipping_country_IT": 0.0,
    "cat__shipping_country_NL": 0.0,
    "cat__shipping_country_PL": 0.0,
    "cat__shipping_country_PT": 1.0,
    "cat__shipping_country_SE": 0.0,
    "cat__shipping_country_US": 0.0,
    "cat__country_mismatch_False": 0.0,
    "cat__country_mismatch_True": 1.0,
    "cat__night_txn_False": 1.0,
    "cat__night_txn_True": 0.0,
    "cat__weekend_txn_False": 1.0,
    "cat__weekend_txn_True": 0.0
  }
}