{"num__V1": -0.8872047105590114, "num__V2": 0.7746804456282659, "num__V3": -1.4965054017631654, "num__V4": -0.8810088290775843, "num__V5": 0.4225744318621528, "num__V6": -0.2969799864234937, "num__V7": 0.0553168108400399, "num__V8": 0.8803161285298534, "num__V9": 0.038888249756726, "num__V10": -0.1551979593467313, "num__V11": -0.3335056979181082, "num__V12": 0.8674297178565562, "num__V13": -0.1527770085755722, "num__V14": 0.9990677573279166, "num__V15": -1.0203331622763665, "num__V16": 0.2744314370009036, "num__V17": -0.5383581867670485, "num__V18": 0.2477284849315436, "num__V19": 0.5408179118672849, "num__V20": -0.0687567496333232, "num__V21": -0.1427178830230641, "num__V22": -0.4844077597249391, "num__V23": -0.2104493843956323, "num__V24": -0.1956578891011669, "num__V25": 0.3508949906380363, "num__V26": -0.308304334395611, "num__V27": -0.5707611389057016, "num__V28": -1.2621270552824058, "num__Amount": -0.3606156211444295, "num__ip_reputation": 1.291311000953537, "num__txn_count_5m": -0.7827457849133089, "num__txn_count_30m": -0.782042640415279, "num__txn_count_60m": -0.7798141786807419, "num__avg_amount_7d": -0.4534913532274431, "num__account_age_days": 0.7519930459094711, "num__token_age_days": -0.5184538431570532, "num__avg_spend_user_30d": 0.1774087051504, "num__geo_distance_km": -0.6034319693832645, "num__amount_zscore": -0.8704189789567844, "cat__device_os_Android": 0.0, "cat__device_os_MacOS": 0.0, "cat__device_os_Windows": 0.0, "cat__device_os_iOS": 1.0, "cat__browser_Chrome": 0.0, "cat__browser_Edge": 0.0, "cat__browser_Firefox": 0.0, "cat__browser_Safari": 1.0, "cat__is_new_device_False": 1.0, "cat__is_new_device_True": 0.0, "cat__ip_country_AU": 0.0, "cat__ip_country_BR": 0.0, "cat__ip_country_CA": 0.0, "cat__ip_country_DE": 0.0, "cat__ip_country_ES": 0.0, "cat__ip_country_FR": 0.0, "cat__ip_country_GB": 0.0, "cat__ip_country_IE": 0.0, "cat__ip_country_IN": 0.0, "cat__ip_country_IT": 0.0, "cat__ip_country_NL": 0.0, "cat__ip_country_PL": 0.0, "cat__ip_country_PT": 0.0, "cat__ip_country_SE": 1.0, "cat__ip_country_US": 0.0, "cat__is_proxy_vpn_False": 1.0, "cat__is_proxy_vpn_True": 0.0, "cat__billing_country_AU": 0.0, "cat__billing_country_BR": 0.0, "cat__billing_country_CA": 0.0, "cat__billing_country_DE": 0.0, "cat__billing_country_ES": 1.0, "cat__billing_country_FR": 0.0, "cat__billing_country_GB": 0.0, "cat__billing_country_IE": 0.0, "cat__billing_country_IN": 0.0, "cat__billing_country_IT": 0.0, "cat__billing_country_NL": 0.0, "cat__billing_country_PL": 0.0, "cat__billing_country_PT": 0.0, "cat__billing_country_SE": 0.0, "cat__billing_country_US": 0.0, "cat__shipping_country_AU": 0.0, "cat__shipping_country_BR": 0.0, "cat__shipping_country_CA": 0.0, "cat__shipping_country_DE": 0.0, "cat__shipping_country_ES": 0.0, "cat__shipping_country_FR": 0.0, "cat__shipping_country_GB": 0.0, "cat__shipping_country_IE": 0.0, "cat__shipping_country_IN": 0.0, "cat__shipping_country_IT": 0.0, "cat__shipping_country_NL": 0.0, "cat__shipping_country_PL": 0.0, "cat__shipping_country_PT": 0.0, "cat__shipping_country_SE": 1.0, "cat__shipping_country_US": 0.0, "cat__country_mismatch_False": 0.0, "cat__country_mismatch_True": 1.0, "cat__night_txn_False": 1.0, "cat__night_txn_True": 0.0, "cat__weekend_txn_False": 1.0, "cat__weekend_txn_True": 0.0}