{"num__V1": -1.4894106028785308, "num__V2": -0.14293982208213, "num__V3": -4.281832529914786, "num__V4": 1.5196931140418477, "num__V5": -1.3391501536230663, "num__V6": 0.4463505605139985, "num__V7": -0.9806686828843768, "num__V8": 1.2351191488295925, "num__V9": -1.680673783015658, "num__V10": -5.87262409657465, "num__V11": 3.9417241616400993, "num__V12": -4.773315367125074, "num__V13": -0.8967333406940037, "num__V14": -7.946826626104271, "num__V15": 0.4905756486143918, "num__V16": -4.855056690934651, "num__V17": -6.430445674236033, "num__V18": -2.0685824854220765, "num__V19": -0.2194435112775509, "num__V20": 2.9508962653623403, "num__V21": 1.9728146030592375, "num__V22": 1.364701403079403, "num__V23": 2.2939361331796575, "num__V24": -3.367068056596575, "num__V25": 0.9126115049142692, "num__V26": 0.3406996448327448, "num__V27": 1.8403601580005828, "num__V28": 0.7411290197488449, "num__Amount": 2.5448403908648753, "num__ip_reputation": -0.646799129087006, "num__txn_count_5m": 2.975679727929941, "num__txn_count_30m": 2.9708193191113916, "num__txn_count_60m": 2.9583407730496933, "num__avg_amount_7d": 3.753836154410476, "num__account_age_days": -0.8106418339266434, "num__token_age_days": -0.4900598039812625, "num__avg_spend_user_30d": 1.1286504173640015, "num__geo_distance_km": -0.7286950981612442, "num__amount_zscore": 0.0033177100455673, "cat__device_os_Android": 0.0, "cat__device_os_MacOS": 1.0, "cat__device_os_Windows": 0.0, "cat__device_os_iOS": 0.0, "cat__browser_Chrome": 0.0, "cat__browser_Edge": 0.0, "cat__browser_Firefox": 0.0, "cat__browser_Safari": 1.0, "cat__is_new_device_False": 1.0, "cat__is_new_device_True": 0.0, "cat__ip_country_AU": 0.0, "cat__ip_country_BR": 0.0, "cat__ip_country_CA": 0.0, "cat__ip_country_DE": 0.0, "cat__ip_country_ES": 0.0, "cat__ip_country_FR": 0.0, "cat__ip_country_GB": 0.0, "cat__ip_country_IE": 0.0, "cat__ip_country_IN": 0.0, "cat__ip_country_IT": 0.0, "cat__ip_country_NL": 1.0, "cat__ip_country_PL": 0.0, "cat__ip_country_PT": 0.0, "cat__ip_country_SE": 0.0, "cat__ip_country_US": 0.0, "cat__is_proxy_vpn_False": 1.0, "cat__is_proxy_vpn_True": 0.0, "cat__billing_country_AU": 0.0, "cat__billing_country_BR": 0.0, "cat__billing_country_CA": 0.0, "cat__billing_country_DE": 0.0, "cat__billing_country_ES": 0.0, "cat__billing_country_FR": 0.0, "cat__billing_country_GB": 0.0, "cat__billing_country_IE": 0.0, "cat__billing_country_IN": 0.0, "cat__billing_country_IT": 1.0, "cat__billing_country_NL": 0.0, "cat__billing_country_PL": 0.0, "cat__billing_country_PT": 0.0, "cat__billing_country_SE": 0.0, "cat__billing_country_US": 0.0, "cat__shipping_country_AU": 0.0, "cat__shipping_country_BR": 0.0, "cat__shipping_country_CA": 0.0, "cat__shipping_country_DE": 0.0, "cat__shipping_country_ES": 0.0, "cat__shipping_country_FR": 0.0, "cat__shipping_country_GB": 0.0, "cat__shipping_country_IE": 0.0, "cat__shipping_country_IN": 0.0, "cat__shipping_country_IT": 0.0, "cat__shipping_country_NL": 0.0, "cat__shipping_country_PL": 0.0, "cat__shipping_country_PT": 0.0, "cat__shipping_country_SE": 1.0, "cat__shipping_country_US": 0.0, "cat__country_mismatch_False": 0.0, "cat__country_mismatch_True": 1.0, "cat__night_txn_False": 1.0, "cat__night_txn_True": 0.0, "cat__weekend_txn_False": 1.0, "cat__weekend_txn_True": 0.0}