{"num__V1": 0.4546323759319053, "num__V2": 1.4651013132809112, "num__V3": -3.7706063158849306, "num__V4": 2.674981213574519, "num__V5": 0.1140994748764146, "num__V6": -1.0155793647220694, "num__V7": -1.4088701385915448, "num__V8": 0.6113336239480951, "num__V9": -1.5624561220574462, "num__V10": -2.9759126465241548, "num__V11": 3.3303800284076632, "num__V12": -2.4700170497960383, "num__V13": -0.1083355784110824, "num__V14": -6.515353795871856, "num__V15": 0.0865958165924847, "num__V16": -3.0175175992760317, "num__V17": -1.5854463034327255, "num__V18": 0.3395605473339779, "num__V19": 2.8891766875830367, "num__V20": 0.46687731688042, "num__V21": 0.5577642549531743, "num__V22": 0.273511067022769, "num__V23": 0.3070031785095292, "num__V24": 0.646120994212943, "num__V25": -1.0289251031714672, "num__V26": -0.5516837071866865, "num__V27": 0.7692310041937656, "num__V28": -0.1474557987597442, "num__Amount": -0.352620796111384, "num__ip_reputation": 1.4681332131754827, "num__txn_count_5m": -0.7827457849133089, "num__txn_count_30m": -0.782042640415279, "num__txn_count_60m": -0.7798141786807419, "num__avg_amount_7d": -0.4435118760763794, "num__account_age_days": -1.3776155513893042, "num__token_age_days": -0.3480896081023091, "num__avg_spend_user_30d": 0.0057612071161699, "num__geo_distance_km": 1.134564559179396, "num__amount_zscore": -1.2519875330147732, "cat__device_os_Android": 0.0, "cat__device_os_MacOS": 1.0, "cat__device_os_Windows": 0.0, "cat__device_os_iOS": 0.0, "cat__browser_Chrome": 0.0, "cat__browser_Edge": 0.0, "cat__browser_Firefox": 0.0, "cat__browser_Safari": 1.0, "cat__is_new_device_False": 1.0, "cat__is_new_device_True": 0.0, "cat__ip_country_AU": 0.0, "cat__ip_country_BR": 0.0, "cat__ip_country_CA": 1.0, "cat__ip_country_DE": 0.0, "cat__ip_country_ES": 0.0, "cat__ip_country_FR": 0.0, "cat__ip_country_GB": 0.0, "cat__ip_country_IE": 0.0, "cat__ip_country_IN": 0.0, "cat__ip_country_IT": 0.0, "cat__ip_country_NL": 0.0, "cat__ip_country_PL": 0.0, "cat__ip_country_PT": 0.0, "cat__ip_country_SE": 0.0, "cat__ip_country_US": 0.0, "cat__is_proxy_vpn_False": 1.0, "cat__is_proxy_vpn_True": 0.0, "cat__billing_country_AU": 0.0, "cat__billing_country_BR": 0.0, "cat__billing_country_CA": 0.0, "cat__billing_country_DE": 0.0, "cat__billing_country_ES": 0.0, "cat__billing_country_FR": 0.0, "cat__billing_country_GB": 0.0, "cat__billing_country_IE": 0.0, "cat__billing_country_IN": 0.0, "cat__billing_country_IT": 0.0, "cat__billing_country_NL": 1.0, "cat__billing_country_PL": 0.0, "cat__billing_country_PT": 0.0, "cat__billing_country_SE": 0.0, "cat__billing_country_US": 0.0, "cat__shipping_country_AU": 0.0, "cat__shipping_country_BR": 0.0, "cat__shipping_country_CA": 0.0, "cat__shipping_country_DE": 0.0, "cat__shipping_country_ES": 1.0, "cat__shipping_country_FR": 0.0, "cat__shipping_country_GB": 0.0, "cat__shipping_country_IE": 0.0, "cat__shipping_country_IN": 0.0, "cat__shipping_country_IT": 0.0, "cat__shipping_country_NL": 0.0, "cat__shipping_country_PL": 0.0, "cat__shipping_country_PT": 0.0, "cat__shipping_country_SE": 0.0, "cat__shipping_country_US": 0.0, "cat__country_mismatch_False": 0.0, "cat__country_mismatch_True": 1.0, "cat__night_txn_False": 1.0, "cat__night_txn_True": 0.0, "cat__weekend_txn_False": 1.0, "cat__weekend_txn_True": 0.0}