{"num__V1": -2.515197325348423, "num__V2": -1.6811277747772886, "num__V3": -3.4382973914393515, "num__V4": 1.7341840941376248, "num__V5": -1.392697683453719, "num__V6": 0.434360436875342, "num__V7": -2.820121365487811, "num__V8": 1.5389019803694657, "num__V9": -0.9906228209677002, "num__V10": -4.668940619850461, "num__V11": 2.708642604830829, "num__V12": -3.6854610774367487, "num__V13": -0.4985542234691432, "num__V14": -4.528743490173019, "num__V15": -0.0883612080593815, "num__V16": -5.679510828405301, "num__V17": -9.09883986908385, "num__V18": -4.0757199191388285, "num__V19": 0.7447015491179161, "num__V20": 0.3546213821815603, "num__V21": 1.562690340339416, "num__V22": 1.5645165442405675, "num__V23": -1.294597402655496, "num__V24": -2.5105550743531007, "num__V25": -0.5140908961821252, "num__V26": 0.1530547184982852, "num__V27": 3.0797232906182854, "num__V28": -2.94751540400559, "num__Amount": 2.021319963700975, "num__ip_reputation": 1.2670412855505244, "num__txn_count_5m": -0.7827457849133089, "num__txn_count_30m": -0.782042640415279, "num__txn_count_60m": -0.7798141786807419, "num__avg_amount_7d": 2.519740912146518, "num__account_age_days": -1.443301530851442, "num__token_age_days": 0.7782072792040549, "num__avg_spend_user_30d": -0.0035848053929978, "num__geo_distance_km": 0.4894037432490107, "num__amount_zscore": 1.1059955314827126, "cat__device_os_Android": 0.0, "cat__device_os_MacOS": 0.0, "cat__device_os_Windows": 0.0, "cat__device_os_iOS": 1.0, "cat__browser_Chrome": 0.0, "cat__browser_Edge": 1.0, "cat__browser_Firefox": 0.0, "cat__browser_Safari": 0.0, "cat__is_new_device_False": 1.0, "cat__is_new_device_True": 0.0, "cat__ip_country_AU": 0.0, "cat__ip_country_BR": 0.0, "cat__ip_country_CA": 0.0, "cat__ip_country_DE": 0.0, "cat__ip_country_ES": 0.0, "cat__ip_country_FR": 0.0, "cat__ip_country_GB": 0.0, "cat__ip_country_IE": 1.0, "cat__ip_country_IN": 0.0, "cat__ip_country_IT": 0.0, "cat__ip_country_NL": 0.0, "cat__ip_country_PL": 0.0, "cat__ip_country_PT": 0.0, "cat__ip_country_SE": 0.0, "cat__ip_country_US": 0.0, "cat__is_proxy_vpn_False": 1.0, "cat__is_proxy_vpn_True": 0.0, "cat__billing_country_AU": 0.0, "cat__billing_country_BR": 0.0, "cat__billing_country_CA": 0.0, "cat__billing_country_DE": 0.0, "cat__billing_country_ES": 1.0, "cat__billing_country_FR": 0.0, "cat__billing_country_GB": 0.0, "cat__billing_country_IE": 0.0, "cat__billing_country_IN": 0.0, "cat__billing_country_IT": 0.0, "cat__billing_country_NL": 0.0, "cat__billing_country_PL": 0.0, "cat__billing_country_PT": 0.0, "cat__billing_country_SE": 0.0, "cat__billing_country_US": 0.0, "cat__shipping_country_AU": 0.0, "cat__shipping_country_BR": 0.0, "cat__shipping_country_CA": 0.0, "cat__shipping_country_DE": 0.0, "cat__shipping_country_ES": 0.0, "cat__shipping_country_FR": 0.0, "cat__shipping_country_GB": 0.0, "cat__shipping_country_IE": 0.0, "cat__shipping_country_IN": 1.0, "cat__shipping_country_IT": 0.0, "cat__shipping_country_NL": 0.0, "cat__shipping_country_PL": 0.0, "cat__shipping_country_PT": 0.0, "cat__shipping_country_SE": 0.0, "cat__shipping_country_US": 0.0, "cat__country_mismatch_False": 0.0, "cat__country_mismatch_True": 1.0, "cat__night_txn_False": 1.0, "cat__night_txn_True": 0.0, "cat__weekend_txn_False": 1.0, "cat__weekend_txn_True": 0.0}