{"num__V1": 0.1165372783347986, "num__V2": 0.4704761330855176, "num__V3": -0.5629702868566566, "num__V4": 0.0295029926606477, "num__V5": 0.7200105215709455, "num__V6": -0.3996613810420972, "num__V7": 0.4015250203536541, "num__V8": 0.0379709140249558, "num__V9": -0.1717200156013711, "num__V10": -0.1355228957808456, "num__V11": 1.031928523587947, "num__V12": 0.3214847762569424, "num__V13": -0.6406610885478138, "num__V14": -0.7295545135498808, "num__V15": -0.2541533914605325, "num__V16": 0.0701641891922041, "num__V17": 0.7039160717243902, "num__V18": 0.4415130146482124, "num__V19": 1.2723258872237675, "num__V20": 0.0564969494826662, "num__V21": -0.3654098594599472, "num__V22": -0.9531705496204508, "num__V23": 0.2405612050136941, "num__V24": 0.9881914185937092, "num__V25": -1.3538586774825576, "num__V26": 0.5255821192244468, "num__V27": 0.2475751110617196, "num__V28": 0.0283390376364739, "num__Amount": -0.3426172210700356, "num__ip_reputation": 1.204633445942779, "num__txn_count_5m": -0.7827457849133089, "num__txn_count_30m": -0.782042640415279, "num__txn_count_60m": -0.7798141786807419, "num__avg_amount_7d": -0.4310249926059529, "num__account_age_days": -1.3534154536927274, "num__token_age_days": -0.8781116727170686, "num__avg_spend_user_30d": -0.5258217482833315, "num__geo_distance_km": 0.4955672868618436, "num__amount_zscore": -2.7738102387101845e-07, "cat__device_os_Android": 0.0, "cat__device_os_MacOS": 0.0, "cat__device_os_Windows": 1.0, "cat__device_os_iOS": 0.0, "cat__browser_Chrome": 0.0, "cat__browser_Edge": 1.0, "cat__browser_Firefox": 0.0, "cat__browser_Safari": 0.0, "cat__is_new_device_False": 1.0, "cat__is_new_device_True": 0.0, "cat__ip_country_AU": 0.0, "cat__ip_country_BR": 0.0, "cat__ip_country_CA": 0.0, "cat__ip_country_DE": 1.0, "cat__ip_country_ES": 0.0, "cat__ip_country_FR": 0.0, "cat__ip_country_GB": 0.0, "cat__ip_country_IE": 0.0, "cat__ip_country_IN": 0.0, "cat__ip_country_IT": 0.0, "cat__ip_country_NL": 0.0, "cat__ip_country_PL": 0.0, "cat__ip_country_PT": 0.0, "cat__ip_country_SE": 0.0, "cat__ip_country_US": 0.0, "cat__is_proxy_vpn_False": 1.0, "cat__is_proxy_vpn_True": 0.0, "cat__billing_country_AU": 0.0, "cat__billing_country_BR": 0.0, "cat__billing_country_CA": 0.0, "cat__billing_country_DE": 0.0, "cat__billing_country_ES": 0.0, "cat__billing_country_FR": 0.0, "cat__billing_country_GB": 0.0, "cat__billing_country_IE": 1.0, "cat__billing_country_IN": 0.0, "cat__billing_country_IT": 0.0, "cat__billing_country_NL": 0.0, "cat__billing_country_PL": 0.0, "cat__billing_country_PT": 0.0, "cat__billing_country_SE": 0.0, "cat__billing_country_US": 0.0, "cat__shipping_country_AU": 0.0, "cat__shipping_country_BR": 0.0, "cat__shipping_country_CA": 0.0, "cat__shipping_country_DE": 0.0, "cat__shipping_country_ES": 0.0, "cat__shipping_country_FR": 0.0, "cat__shipping_country_GB": 0.0, "cat__shipping_country_IE": 0.0, "cat__shipping_country_IN": 1.0, "cat__shipping_country_IT": 0.0, "cat__shipping_country_NL": 0.0, "cat__shipping_country_PL": 0.0, "cat__shipping_country_PT": 0.0, "cat__shipping_country_SE": 0.0, "cat__shipping_country_US": 0.0, "cat__country_mismatch_False": 0.0, "cat__country_mismatch_True": 1.0, "cat__night_txn_False": 1.0, "cat__night_txn_True": 0.0, "cat__weekend_txn_False": 1.0, "cat__weekend_txn_True": 0.0}