{
  "num__V1": -1.216154792287705,
  "num__V2": 1.8128689252339345,
  "num__V3": -5.483443709011241,
  "num__V4": 2.4712843002618676,
  "num__V5": -3.896607229480229,
  "num__V6": -0.1209812220380795,
  "num__V7": -1.0498482499544333,
  "num__V8": 1.3988434082202854,
  "num__V9": -2.0528794371121237,
  "num__V10": -5.975816313299571,
  "num__V11": 4.110252980280719,
  "num__V12": -4.449610802165874,
  "num__V13": -0.754179670146711,
  "num__V14": -7.731471658780493,
  "num__V15": 0.4772328778280372,
  "num__V16": -5.265903169672255,
  "num__V17": -5.05094557008279,
  "num__V18": -1.126800964007817,
  "num__V19": 4.2766455070598965,
  "num__V20": -0.4786013237655928,
  "num__V21": 0.9040552454356706,
  "num__V22": 0.6683596271113084,
  "num__V23": 0.0644905764636571,
  "num__V24": -0.4388809449546142,
  "num__V25": 0.7012826975116697,
  "num__V26": 0.0468035994933779,
  "num__V27": 1.3151104504237958,
  "num__V28": -1.502192813138358,
  "num__Amount": 2.321226339940597,
  "num__ip_reputation": 1.1768966283393365,
  "num__txn_count_5m": -0.7827457849133089,
  "num__txn_count_30m": -0.782042640415279,
  "num__txn_count_60m": -0.7798141786807419,
  "num__avg_amount_7d": 2.8940966756273765,
  "num__account_age_days": -1.094128692657974,
  "num__token_age_days": -0.2155840919486192,
  "num__avg_spend_user_30d": -0.0010773386222455,
  "num__geo_distance_km": -0.8903189066692573,
  "num__amount_zscore": -2.7738102387101845e-07,
  "cat__device_os_Android": 0.0,
  "cat__device_os_MacOS": 0.0,
  "cat__device_os_Windows": 0.0,
  "cat__device_os_iOS": 1.0,
  "cat__browser_Chrome": 0.0,
  "cat__browser_Edge": 0.0,
  "cat__browser_Firefox": 0.0,
  "cat__browser_Safari": 1.0,
  "cat__is_new_device_False": 0.0,
  "cat__is_new_device_True": 1.0,
  "cat__ip_country_AU": 0.0,
  "cat__ip_country_BR": 0.0,
  "cat__ip_country_CA": 0.0,
  "cat__ip_country_DE": 0.0,
  "cat__ip_country_ES": 0.0,
  "cat__ip_country_FR": 0.0,
  "cat__ip_country_GB": 0.0,
  "cat__ip_country_IE": 0.0,
  "cat__ip_country_IN": 1.0,
  "cat__ip_country_IT": 0.0,
  "cat__ip_country_NL": 0.0,
  "cat__ip_country_PL": 0.0,
  "cat__ip_country_PT": 0.0,
  "cat__ip_country_SE": 0.0,
  "cat__ip_country_US": 0.0,
  "cat__is_proxy_vpn_False": 0.0,
  "cat__is_proxy_vpn_True": 1.0,
  "cat__billing_country_AU": 0.0,
  "cat__billing_country_BR": 0.0,
  "cat__billing_country_CA": 0.0,
  "cat__billing_country_DE": 0.0,
  "cat__billing_country_ES": 0.0,
  "cat__billing_country_FR": 1.0,
  "cat__billing_country_GB": 0.0,
  "cat__billing_country_IE": 0.0,
  "cat__billing_country_IN": 0.0,
  "cat__billing_country_IT": 0.0,
  "cat__billing_country_NL": 0.0,
  "cat__billing_country_PL": 0.0,
  "cat__billing_country_PT": 0.0,
  "cat__billing_country_SE": 0.0,
  "cat__billing_country_US": 0.0,
  "cat__shipping_country_AU": 0.0,
  "cat__shipping_country_BR": 0.0,
  "cat__shipping_country_CA": 0.0,
  "cat__shipping_country_DE": 0.0,
  "cat__shipping_country_ES": 0.0,
  "cat__shipping_country_FR": 0.0,
  "cat__shipping_country_GB": 0.0,
  "cat__shipping_country_IE": 0.0,
  "cat__shipping_country_IN": 0.0,
  "cat__shipping_country_IT": 1.0,
  "cat__shipping_country_NL": 0.0,
  "cat__shipping_country_PL": 0.0,
  "cat__shipping_country_PT": 0.0,
  "cat__shipping_country_SE": 0.0,
  "cat__shipping_country_US": 0.0,
  "cat__country_mismatch_False": 0.0,
  "cat__country_mismatch_True": 1.0,
  "cat__night_txn_False": 1.0,
  "cat__night_txn_True": 0.0,
  "cat__weekend_txn_False": 1.0,
  "cat__weekend_txn_True": 0.0
}