{
  "num__V1": 0.178697526518283,
  "num__V2": 0.5766449382775471,
  "num__V3": -3.4324472711989222,
  "num__V4": 2.147154781899249,
  "num__V5": -1.3150709474146027,
  "num__V6": -0.8294286516012269,
  "num__V7": -0.7961960431768292,
  "num__V8": 0.4380428636116916,
  "num__V9": -0.9815734867248914,
  "num__V10": -3.2112214808667243,
  "num__V11": 1.8713944135298024,
  "num__V12": -2.6879403402519286,
  "num__V13": 0.6373822094426942,
  "num__V14": -5.596204341292053,
  "num__V15": 1.7938989348790997,
  "num__V16": -3.3072017403687815,
  "num__V17": -2.595864275863158,
  "num__V18": -0.2394253004246466,
  "num__V19": 2.4329936457084127,
  "num__V20": 1.4972209951279762,
  "num__V21": 1.2544964554365656,
  "num__V22": 1.5779174347534404,
  "num__V23": 1.661738146643279,
  "num__V24": 1.4860809771442032,
  "num__V25": -1.0440933196586533,
  "num__V26": 0.3822980636178326,
  "num__V27": 0.4549469975992204,
  "num__V28": -0.09951165787283,
  "num__Amount": 1.025381709584401,
  "num__ip_reputation": 1.731632980408186,
  "num__txn_count_5m": -0.7827457849133089,
  "num__txn_count_30m": -0.782042640415279,
  "num__txn_count_60m": -0.7798141786807419,
  "num__avg_amount_7d": 1.276568859006467,
  "num__account_age_days": -0.7795274226024729,
  "num__token_age_days": -1.7299328479907892,
  "num__avg_spend_user_30d": -0.5458814824493503,
  "num__geo_distance_km": -0.8738392868082272,
  "num__amount_zscore": -0.1305077828269447,
  "cat__device_os_Android": 0.0,
  "cat__device_os_MacOS": 0.0,
  "cat__device_os_Windows": 1.0,
  "cat__device_os_iOS": 0.0,
  "cat__browser_Chrome": 0.0,
  "cat__browser_Edge": 0.0,
  "cat__browser_Firefox": 0.0,
  "cat__browser_Safari": 1.0,
  "cat__is_new_device_False": 1.0,
  "cat__is_new_device_True": 0.0,
  "cat__ip_country_AU": 0.0,
  "cat__ip_country_BR": 0.0,
  "cat__ip_country_CA": 0.0,
  "cat__ip_country_DE": 0.0,
  "cat__ip_country_ES": 0.0,
  "cat__ip_country_FR": 0.0,
  "cat__ip_country_GB": 0.0,
  "cat__ip_country_IE": 0.0,
  "cat__ip_country_IN": 0.0,
  "cat__ip_country_IT": 0.0,
  "cat__ip_country_NL": 0.0,
  "cat__ip_country_PL": 0.0,
  "cat__ip_country_PT": 1.0,
  "cat__ip_country_SE": 0.0,
  "cat__ip_country_US": 0.0,
  "cat__is_proxy_vpn_False": 1.0,
  "cat__is_proxy_vpn_True": 0.0,
  "cat__billing_country_AU": 0.0,
  "cat__billing_country_BR": 0.0,
  "cat__billing_country_CA": 0.0,
  "cat__billing_country_DE": 0.0,
  "cat__billing_country_ES": 1.0,
  "cat__billing_country_FR": 0.0,
  "cat__billing_country_GB": 0.0,
  "cat__billing_country_IE": 0.0,
  "cat__billing_country_IN": 0.0,
  "cat__billing_country_IT": 0.0,
  "cat__billing_country_NL": 0.0,
  "cat__billing_country_PL": 0.0,
  "cat__billing_country_PT": 0.0,
  "cat__billing_country_SE": 0.0,
  "cat__billing_country_US": 0.0,
  "cat__shipping_country_AU": 0.0,
  "cat__shipping_country_BR": 0.0,
  "cat__shipping_country_CA": 0.0,
  "cat__shipping_country_DE": 0.0,
  "cat__shipping_country_ES": 0.0,
  "cat__shipping_country_FR": 0.0,
  "cat__shipping_country_GB": 0.0,
  "cat__shipping_country_IE": 0.0,
  "cat__shipping_country_IN": 0.0,
  "cat__shipping_country_IT": 1.0,
  "cat__shipping_country_NL": 0.0,
  "cat__shipping_country_PL": 0.0,
  "cat__shipping_country_PT": 0.0,
  "cat__shipping_country_SE": 0.0,
  "cat__shipping_country_US": 0.0,
  "cat__country_mismatch_False": 0.0,
  "cat__country_mismatch_True": 1.0,
  "cat__night_txn_False": 1.0,
  "cat__night_txn_True": 0.0,
  "cat__weekend_txn_False": 1.0,
  "cat__weekend_txn_True": 0.0
}