{
  "num__V1": 0.6929238191285645,
  "num__V2": 1.9943033082106896,
  "num__V3": -4.373738025517713,
  "num__V4": 4.034630095969788,
  "num__V5": 1.2196186052197584,
  "num__V6": -1.805519105420306,
  "num__V7": -0.6003721758650619,
  "num__V8": 0.0491679945206225,
  "num__V9": -2.628304520111251,
  "num__V10": -3.7146820478727607,
  "num__V11": 3.1395434103671596,
  "num__V12": -4.092761822476333,
  "num__V13": -0.0977731352887015,
  "num__V14": -10.873467787739427,
  "num__V15": -0.0327271711246408,
  "num__V16": 0.2370577765925369,
  "num__V17": 0.4897867620522063,
  "num__V18": 1.0447979805561858,
  "num__V19": -2.6953334933175443,
  "num__V20": 0.4248304762114768,
  "num__V21": 0.1530996362745608,
  "num__V22": -1.1542355543515548,
  "num__V23": -0.0257206573987721,
  "num__V24": 0.6906427508834017,
  "num__V25": 0.6667683443526139,
  "num__V26": 0.1019397569171915,
  "num__V27": 1.2441073951980053,
  "num__V28": 1.0799377097329528,
  "num__Amount": -0.3606557961445956,
  "num__ip_reputation": 1.731632980408186,
  "num__txn_count_5m": -0.7827457849133089,
  "num__txn_count_30m": -0.782042640415279,
  "num__txn_count_60m": -0.7798141786807419,
  "num__avg_amount_7d": -0.4535415013538304,
  "num__account_age_days": -1.1356145744235344,
  "num__token_age_days": -1.6826094493644714,
  "num__avg_spend_user_30d": -0.0343582612158678,
  "num__geo_distance_km": 3.5362634674906084,
  "num__amount_zscore": -0.9235067777822438,
  "cat__device_os_Android": 0.0,
  "cat__device_os_MacOS": 1.0,
  "cat__device_os_Windows": 0.0,
  "cat__device_os_iOS": 0.0,
  "cat__browser_Chrome": 0.0,
  "cat__browser_Edge": 1.0,
  "cat__browser_Firefox": 0.0,
  "cat__browser_Safari": 0.0,
  "cat__is_new_device_False": 1.0,
  "cat__is_new_device_True": 0.0,
  "cat__ip_country_AU": 0.0,
  "cat__ip_country_BR": 0.0,
  "cat__ip_country_CA": 0.0,
  "cat__ip_country_DE": 0.0,
  "cat__ip_country_ES": 1.0,
  "cat__ip_country_FR": 0.0,
  "cat__ip_country_GB": 0.0,
  "cat__ip_country_IE": 0.0,
  "cat__ip_country_IN": 0.0,
  "cat__ip_country_IT": 0.0,
  "cat__ip_country_NL": 0.0,
  "cat__ip_country_PL": 0.0,
  "cat__ip_country_PT": 0.0,
  "cat__ip_country_SE": 0.0,
  "cat__ip_country_US": 0.0,
  "cat__is_proxy_vpn_False": 1.0,
  "cat__is_proxy_vpn_True": 0.0,
  "cat__billing_country_AU": 1.0,
  "cat__billing_country_BR": 0.0,
  "cat__billing_country_CA": 0.0,
  "cat__billing_country_DE": 0.0,
  "cat__billing_country_ES": 0.0,
  "cat__billing_country_FR": 0.0,
  "cat__billing_country_GB": 0.0,
  "cat__billing_country_IE": 0.0,
  "cat__billing_country_IN": 0.0,
  "cat__billing_country_IT": 0.0,
  "cat__billing_country_NL": 0.0,
  "cat__billing_country_PL": 0.0,
  "cat__billing_country_PT": 0.0,
  "cat__billing_country_SE": 0.0,
  "cat__billing_country_US": 0.0,
  "cat__shipping_country_AU": 0.0,
  "cat__shipping_country_BR": 0.0,
  "cat__shipping_country_CA": 0.0,
  "cat__shipping_country_DE": 0.0,
  "cat__shipping_country_ES": 0.0,
  "cat__shipping_country_FR": 0.0,
  "cat__shipping_country_GB": 0.0,
  "cat__shipping_country_IE": 1.0,
  "cat__shipping_country_IN": 0.0,
  "cat__shipping_country_IT": 0.0,
  "cat__shipping_country_NL": 0.0,
  "cat__shipping_country_PL": 0.0,
  "cat__shipping_country_PT": 0.0,
  "cat__shipping_country_SE": 0.0,
  "cat__shipping_country_US": 0.0,
  "cat__country_mismatch_False": 0.0,
  "cat__country_mismatch_True": 1.0,
  "cat__night_txn_False": 1.0,
  "cat__night_txn_True": 0.0,
  "cat__weekend_txn_False": 1.0,
  "cat__weekend_txn_True": 0.0
}