{
  "num__V1": 0.92117400572015,
  "num__V2": -0.6605119658754355,
  "num__V3": 0.3755868023894818,
  "num__V4": 1.321935517929256,
  "num__V5": -1.061260627626741,
  "num__V6": 0.5430615718102475,
  "num__V7": -1.0595956776834945,
  "num__V8": 0.3035181204500801,
  "num__V9": 2.1265075191172045,
  "num__V10": -0.2019631334001621,
  "num__V11": -1.9020605900390664,
  "num__V12": 0.7731165399558555,
  "num__V13": -0.228629985607932,
  "num__V14": -1.2946260983353413,
  "num__V15": -1.7127818323583657,
  "num__V16": -0.294046741681485,
  "num__V17": -0.0012535598565408,
  "num__V18": 0.1899435290972679,
  "num__V19": -0.2932605438246653,
  "num__V20": -0.1487012861000551,
  "num__V21": 0.2669401697386854,
  "num__V22": 1.360283955200967,
  "num__V23": 0.0949907294072406,
  "num__V24": 0.0178663337238489,
  "num__V25": -0.5006505919323849,
  "num__V26": -0.9978518255322112,
  "num__V27": 0.297044701012525,
  "num__V28": -0.0092664887228225,
  "num__Amount": 0.0732342056488293,
  "num__ip_reputation": 0.979271802914809,
  "num__txn_count_5m": 0.7206244202239912,
  "num__txn_count_30m": 0.7191021433953892,
  "num__txn_count_60m": 0.7154478020114323,
  "num__avg_amount_7d": -0.2188984179878643,
  "num__account_age_days": -1.080300065402787,
  "num__token_age_days": 0.7308838805777371,
  "num__avg_spend_user_30d": 0.0844044831079487,
  "num__geo_distance_km": -0.8234517989565151,
  "num__amount_zscore": 2.6134678189639855,
  "cat__device_os_Android": 0.0,
  "cat__device_os_MacOS": 1.0,
  "cat__device_os_Windows": 0.0,
  "cat__device_os_iOS": 0.0,
  "cat__browser_Chrome": 1.0,
  "cat__browser_Edge": 0.0,
  "cat__browser_Firefox": 0.0,
  "cat__browser_Safari": 0.0,
  "cat__is_new_device_False": 1.0,
  "cat__is_new_device_True": 0.0,
  "cat__ip_country_AU": 0.0,
  "cat__ip_country_BR": 0.0,
  "cat__ip_country_CA": 0.0,
  "cat__ip_country_DE": 0.0,
  "cat__ip_country_ES": 0.0,
  "cat__ip_country_FR": 0.0,
  "cat__ip_country_GB": 0.0,
  "cat__ip_country_IE": 0.0,
  "cat__ip_country_IN": 0.0,
  "cat__ip_country_IT": 1.0,
  "cat__ip_country_NL": 0.0,
  "cat__ip_country_PL": 0.0,
  "cat__ip_country_PT": 0.0,
  "cat__ip_country_SE": 0.0,
  "cat__ip_country_US": 0.0,
  "cat__is_proxy_vpn_False": 1.0,
  "cat__is_proxy_vpn_True": 0.0,
  "cat__billing_country_AU": 0.0,
  "cat__billing_country_BR": 0.0,
  "cat__billing_country_CA": 0.0,
  "cat__billing_country_DE": 0.0,
  "cat__billing_country_ES": 1.0,
  "cat__billing_country_FR": 0.0,
  "cat__billing_country_GB": 0.0,
  "cat__billing_country_IE": 0.0,
  "cat__billing_country_IN": 0.0,
  "cat__billing_country_IT": 0.0,
  "cat__billing_country_NL": 0.0,
  "cat__billing_country_PL": 0.0,
  "cat__billing_country_PT": 0.0,
  "cat__billing_country_SE": 0.0,
  "cat__billing_country_US": 0.0,
  "cat__shipping_country_AU": 0.0,
  "cat__shipping_country_BR": 0.0,
  "cat__shipping_country_CA": 0.0,
  "cat__shipping_country_DE": 1.0,
  "cat__shipping_country_ES": 0.0,
  "cat__shipping_country_FR": 0.0,
  "cat__shipping_country_GB": 0.0,
  "cat__shipping_country_IE": 0.0,
  "cat__shipping_country_IN": 0.0,
  "cat__shipping_country_IT": 0.0,
  "cat__shipping_country_NL": 0.0,
  "cat__shipping_country_PL": 0.0,
  "cat__shipping_country_PT": 0.0,
  "cat__shipping_country_SE": 0.0,
  "cat__shipping_country_US": 0.0,
  "cat__country_mismatch_False": 0.0,
  "cat__country_mismatch_True": 1.0,
  "cat__night_txn_False": 1.0,
  "cat__night_txn_True": 0.0,
  "cat__weekend_txn_False": 1.0,
  "cat__weekend_txn_True": 0.0
}