{
  "num__V1": -0.5015382388330561,
  "num__V2": 2.687821053501998,
  "num__V3": -4.38286339952934,
  "num__V4": 3.7370994631667926,
  "num__V5": 1.1699234135875531,
  "num__V6": -1.7084619553954286,
  "num__V7": -1.2152295726664637,
  "num__V8": 0.5039965443924541,
  "num__V9": -3.562296543818233,
  "num__V10": -5.741932306535018,
  "num__V11": 3.275955472710207,
  "num__V12": -7.211293543741365,
  "num__V13": -1.6577920672858133,
  "num__V14": -12.87126777971073,
  "num__V15": -0.3155522852817961,
  "num__V16": -1.60084506001596,
  "num__V17": -3.671505851610614,
  "num__V18": 0.1143315702178495,
  "num__V19": -2.1837968422358047,
  "num__V20": 0.6829841293167402,
  "num__V21": 0.558979026909737,
  "num__V22": -1.2982147928776662,
  "num__V23": -0.5904487489413418,
  "num__V24": -0.3723849055793279,
  "num__V25": 0.413619506713534,
  "num__V26": 0.0874022873970706,
  "num__V27": 2.146003951439217,
  "num__V28": 1.6887932977910032,
  "num__Amount": -0.3606557961445956,
  "num__ip_reputation": 1.6484225275978586,
  "num__txn_count_5m": -0.7827457849133089,
  "num__txn_count_30m": -0.782042640415279,
  "num__txn_count_60m": -0.7798141786807419,
  "num__avg_amount_7d": -0.4535415013538304,
  "num__account_age_days": -1.4709587853618156,
  "num__token_age_days": 1.469128899148295,
  "num__avg_spend_user_30d": -0.3694470023982293,
  "num__geo_distance_km": -0.7826935509578484,
  "num__amount_zscore": -1.1059960862447602,
  "cat__device_os_Android": 1.0,
  "cat__device_os_MacOS": 0.0,
  "cat__device_os_Windows": 0.0,
  "cat__device_os_iOS": 0.0,
  "cat__browser_Chrome": 0.0,
  "cat__browser_Edge": 0.0,
  "cat__browser_Firefox": 1.0,
  "cat__browser_Safari": 0.0,
  "cat__is_new_device_False": 1.0,
  "cat__is_new_device_True": 0.0,
  "cat__ip_country_AU": 0.0,
  "cat__ip_country_BR": 0.0,
  "cat__ip_country_CA": 0.0,
  "cat__ip_country_DE": 0.0,
  "cat__ip_country_ES": 0.0,
  "cat__ip_country_FR": 0.0,
  "cat__ip_country_GB": 0.0,
  "cat__ip_country_IE": 0.0,
  "cat__ip_country_IN": 0.0,
  "cat__ip_country_IT": 0.0,
  "cat__ip_country_NL": 0.0,
  "cat__ip_country_PL": 0.0,
  "cat__ip_country_PT": 0.0,
  "cat__ip_country_SE": 1.0,
  "cat__ip_country_US": 0.0,
  "cat__is_proxy_vpn_False": 0.0,
  "cat__is_proxy_vpn_True": 1.0,
  "cat__billing_country_AU": 0.0,
  "cat__billing_country_BR": 0.0,
  "cat__billing_country_CA": 0.0,
  "cat__billing_country_DE": 0.0,
  "cat__billing_country_ES": 0.0,
  "cat__billing_country_FR": 0.0,
  "cat__billing_country_GB": 1.0,
  "cat__billing_country_IE": 0.0,
  "cat__billing_country_IN": 0.0,
  "cat__billing_country_IT": 0.0,
  "cat__billing_country_NL": 0.0,
  "cat__billing_country_PL": 0.0,
  "cat__billing_country_PT": 0.0,
  "cat__billing_country_SE": 0.0,
  "cat__billing_country_US": 0.0,
  "cat__shipping_country_AU": 0.0,
  "cat__shipping_country_BR": 0.0,
  "cat__shipping_country_CA": 0.0,
  "cat__shipping_country_DE": 0.0,
  "cat__shipping_country_ES": 0.0,
  "cat__shipping_country_FR": 0.0,
  "cat__shipping_country_GB": 0.0,
  "cat__shipping_country_IE": 0.0,
  "cat__shipping_country_IN": 0.0,
  "cat__shipping_country_IT": 0.0,
  "cat__shipping_country_NL": 0.0,
  "cat__shipping_country_PL": 0.0,
  "cat__shipping_country_PT": 1.0,
  "cat__shipping_country_SE": 0.0,
  "cat__shipping_country_US": 0.0,
  "cat__country_mismatch_False": 0.0,
  "cat__country_mismatch_True": 1.0,
  "cat__night_txn_False": 1.0,
  "cat__night_txn_True": 0.0,
  "cat__weekend_txn_False": 1.0,
  "cat__weekend_txn_True": 0.0
}