{
  "num__V1": 1.0594564794726178,
  "num__V2": 0.0660503627251828,
  "num__V3": -1.3536955129648256,
  "num__V4": 0.9707130714900586,
  "num__V5": 0.433647393535862,
  "num__V6": -0.8692018000463684,
  "num__V7": 0.7191517568486042,
  "num__V8": -0.4384184401229926,
  "num__V9": -0.0152218298477238,
  "num__V10": 0.181563877901706,
  "num__V11": -0.8354964138321057,
  "num__V12": 1.0122056928473488,
  "num__V13": 1.014936646567361,
  "num__V14": 0.2394195556270223,
  "num__V15": -0.7842967459774896,
  "num__V16": -0.8885498688078406,
  "num__V17": -0.2555023110116697,
  "num__V18": -0.9224495788634371,
  "num__V19": -0.2942751983433356,
  "num__V20": -0.1300154042429963,
  "num__V21": 0.1642505762284422,
  "num__V22": 0.7169574873571818,
  "num__V23": -0.1021252604799752,
  "num__V24": 0.0465753095681151,
  "num__V25": 0.8497405783660466,
  "num__V26": -1.0390457492222411,
  "num__V27": -0.0517242818558228,
  "num__V28": -0.1567956528335614,
  "num__Amount": -0.0524733698707657,
  "num__ip_reputation": -0.3416941354491387,
  "num__txn_count_5m": -0.0310606823446588,
  "num__txn_count_30m": -0.0314702485099449,
  "num__txn_count_60m": -0.0321831883346548,
  "num__avg_amount_7d": -0.2360992253386927,
  "num__account_age_days": -1.2462435924650292,
  "num__token_age_days": 0.5321256063472023,
  "num__avg_spend_user_30d": -0.0101953996067995,
  "num__geo_distance_km": 1.9112523193084048,
  "num__amount_zscore": -0.4479285799708372,
  "cat__device_os_Android": 0.0,
  "cat__device_os_MacOS": 1.0,
  "cat__device_os_Windows": 0.0,
  "cat__device_os_iOS": 0.0,
  "cat__browser_Chrome": 0.0,
  "cat__browser_Edge": 0.0,
  "cat__browser_Firefox": 0.0,
  "cat__browser_Safari": 1.0,
  "cat__is_new_device_False": 1.0,
  "cat__is_new_device_True": 0.0,
  "cat__ip_country_AU": 0.0,
  "cat__ip_country_BR": 0.0,
  "cat__ip_country_CA": 0.0,
  "cat__ip_country_DE": 0.0,
  "cat__ip_country_ES": 0.0,
  "cat__ip_country_FR": 0.0,
  "cat__ip_country_GB": 0.0,
  "cat__ip_country_IE": 0.0,
  "cat__ip_country_IN": 1.0,
  "cat__ip_country_IT": 0.0,
  "cat__ip_country_NL": 0.0,
  "cat__ip_country_PL": 0.0,
  "cat__ip_country_PT": 0.0,
  "cat__ip_country_SE": 0.0,
  "cat__ip_country_US": 0.0,
  "cat__is_proxy_vpn_False": 1.0,
  "cat__is_proxy_vpn_True": 0.0,
  "cat__billing_country_AU": 1.0,
  "cat__billing_country_BR": 0.0,
  "cat__billing_country_CA": 0.0,
  "cat__billing_country_DE": 0.0,
  "cat__billing_country_ES": 0.0,
  "cat__billing_country_FR": 0.0,
  "cat__billing_country_GB": 0.0,
  "cat__billing_country_IE": 0.0,
  "cat__billing_country_IN": 0.0,
  "cat__billing_country_IT": 0.0,
  "cat__billing_country_NL": 0.0,
  "cat__billing_country_PL": 0.0,
  "cat__billing_country_PT": 0.0,
  "cat__billing_country_SE": 0.0,
  "cat__billing_country_US": 0.0,
  "cat__shipping_country_AU": 0.0,
  "cat__shipping_country_BR": 0.0,
  "cat__shipping_country_CA": 0.0,
  "cat__shipping_country_DE": 0.0,
  "cat__shipping_country_ES": 0.0,
  "cat__shipping_country_FR": 0.0,
  "cat__shipping_country_GB": 0.0,
  "cat__shipping_country_IE": 0.0,
  "cat__shipping_country_IN": 0.0,
  "cat__shipping_country_IT": 0.0,
  "cat__shipping_country_NL": 1.0,
  "cat__shipping_country_PL": 0.0,
  "cat__shipping_country_PT": 0.0,
  "cat__shipping_country_SE": 0.0,
  "cat__shipping_country_US": 0.0,
  "cat__country_mismatch_False": 0.0,
  "cat__country_mismatch_True": 1.0,
  "cat__night_txn_False": 1.0,
  "cat__night_txn_True": 0.0,
  "cat__weekend_txn_False": 1.0,
  "cat__weekend_txn_True": 0.0
}