{
  "num__V1": 0.3032214068941807,
  "num__V2": 0.676026313814818,
  "num__V3": -4.095208378535473,
  "num__V4": 1.5217156650253445,
  "num__V5": -0.3425497606541964,
  "num__V6": -0.1679436767427491,
  "num__V7": -2.794278648508808,
  "num__V8": 0.8974308736846658,
  "num__V9": -0.9454958913603084,
  "num__V10": -4.946296707838584,
  "num__V11": 4.199934144237316,
  "num__V12": -4.524058264456562,
  "num__V13": -1.0242685284596045,
  "num__V14": -8.196599967393755,
  "num__V15": 0.6198144960428035,
  "num__V16": -5.041255186109252,
  "num__V17": -6.605383373797631,
  "num__V18": -2.628824230384166,
  "num__V19": -0.1958617768426365,
  "num__V20": 0.7603990102255717,
  "num__V21": 1.3521796442045544,
  "num__V22": 1.3709910391121178,
  "num__V23": -0.4413966791448089,
  "num__V24": -3.2041958270908606,
  "num__V25": 0.5273415923158417,
  "num__V26": 0.3365912712980097,
  "num__V27": 2.1576229579541697,
  "num__V28": 1.1795148501302344,
  "num__Amount": 0.1236136558570659,
  "num__ip_reputation": 1.731632980408186,
  "num__txn_count_5m": -0.7827457849133089,
  "num__txn_count_30m": -0.782042640415279,
  "num__txn_count_60m": -0.7798141786807419,
  "num__avg_amount_7d": 0.1509440141181413,
  "num__account_age_days": -0.9178136951543414,
  "num__token_age_days": 1.53538165722514,
  "num__avg_spend_user_30d": -0.5636617013692308,
  "num__geo_distance_km": -1.024607546234587,
  "num__amount_zscore": -0.2964071541565052,
  "cat__device_os_Android": 0.0,
  "cat__device_os_MacOS": 1.0,
  "cat__device_os_Windows": 0.0,
  "cat__device_os_iOS": 0.0,
  "cat__browser_Chrome": 0.0,
  "cat__browser_Edge": 0.0,
  "cat__browser_Firefox": 1.0,
  "cat__browser_Safari": 0.0,
  "cat__is_new_device_False": 1.0,
  "cat__is_new_device_True": 0.0,
  "cat__ip_country_AU": 0.0,
  "cat__ip_country_BR": 0.0,
  "cat__ip_country_CA": 0.0,
  "cat__ip_country_DE": 0.0,
  "cat__ip_country_ES": 0.0,
  "cat__ip_country_FR": 0.0,
  "cat__ip_country_GB": 1.0,
  "cat__ip_country_IE": 0.0,
  "cat__ip_country_IN": 0.0,
  "cat__ip_country_IT": 0.0,
  "cat__ip_country_NL": 0.0,
  "cat__ip_country_PL": 0.0,
  "cat__ip_country_PT": 0.0,
  "cat__ip_country_SE": 0.0,
  "cat__ip_country_US": 0.0,
  "cat__is_proxy_vpn_False": 1.0,
  "cat__is_proxy_vpn_True": 0.0,
  "cat__billing_country_AU": 0.0,
  "cat__billing_country_BR": 0.0,
  "cat__billing_country_CA": 0.0,
  "cat__billing_country_DE": 0.0,
  "cat__billing_country_ES": 0.0,
  "cat__billing_country_FR": 0.0,
  "cat__billing_country_GB": 0.0,
  "cat__billing_country_IE": 0.0,
  "cat__billing_country_IN": 0.0,
  "cat__billing_country_IT": 0.0,
  "cat__billing_country_NL": 0.0,
  "cat__billing_country_PL": 0.0,
  "cat__billing_country_PT": 1.0,
  "cat__billing_country_SE": 0.0,
  "cat__billing_country_US": 0.0,
  "cat__shipping_country_AU": 0.0,
  "cat__shipping_country_BR": 0.0,
  "cat__shipping_country_CA": 0.0,
  "cat__shipping_country_DE": 0.0,
  "cat__shipping_country_ES": 1.0,
  "cat__shipping_country_FR": 0.0,
  "cat__shipping_country_GB": 0.0,
  "cat__shipping_country_IE": 0.0,
  "cat__shipping_country_IN": 0.0,
  "cat__shipping_country_IT": 0.0,
  "cat__shipping_country_NL": 0.0,
  "cat__shipping_country_PL": 0.0,
  "cat__shipping_country_PT": 0.0,
  "cat__shipping_country_SE": 0.0,
  "cat__shipping_country_US": 0.0,
  "cat__country_mismatch_False": 0.0,
  "cat__country_mismatch_True": 1.0,
  "cat__night_txn_False": 1.0,
  "cat__night_txn_True": 0.0,
  "cat__weekend_txn_False": 1.0,
  "cat__weekend_txn_True": 0.0
}