{
  "num__V1": -0.6369662023035586,
  "num__V2": 0.0434669600436826,
  "num__V3": -0.3493636334640281,
  "num__V4": -1.085463841077906,
  "num__V5": 0.5377100525951309,
  "num__V6": -0.6071081118694526,
  "num__V7": 0.5859015648298148,
  "num__V8": 0.2431209033661178,
  "num__V9": 0.0859981591618227,
  "num__V10": -1.1193825857079758,
  "num__V11": -0.0888820828319617,
  "num__V12": 1.1817329734387512,
  "num__V13": 0.0311475468418097,
  "num__V14": 0.3340285911182322,
  "num__V15": -2.3510568753006553,
  "num__V16": 0.334429699454359,
  "num__V17": -0.976828239258532,
  "num__V18": -0.0932398888940176,
  "num__V19": -0.7772011273059477,
  "num__V20": -0.5607065771500814,
  "num__V21": 0.1078438570365787,
  "num__V22": 0.1737562642322846,
  "num__V23": -0.2379081895847102,
  "num__V24": -0.6097688240722703,
  "num__V25": -1.411448317046281,
  "num__V26": -0.8927131571592806,
  "num__V27": 0.0330307013763433,
  "num__V28": -0.0529961974602691,
  "num__Amount": -0.0369658198066674,
  "num__ip_reputation": -0.3035560112444055,
  "num__txn_count_5m": -0.0310606823446588,
  "num__txn_count_30m": -0.0314702485099449,
  "num__txn_count_60m": -0.0321831883346548,
  "num__avg_amount_7d": 0.2512402668926512,
  "num__account_age_days": 1.3639098019514897,
  "num__token_age_days": 0.1440737376113962,
  "num__avg_spend_user_30d": 0.6777623016778039,
  "num__geo_distance_km": 1.8258758263010144,
  "num__amount_zscore": 0.2090329304942223,
  "cat__device_os_Android": 1.0,
  "cat__device_os_MacOS": 0.0,
  "cat__device_os_Windows": 0.0,
  "cat__device_os_iOS": 0.0,
  "cat__browser_Chrome": 0.0,
  "cat__browser_Edge": 1.0,
  "cat__browser_Firefox": 0.0,
  "cat__browser_Safari": 0.0,
  "cat__is_new_device_False": 1.0,
  "cat__is_new_device_True": 0.0,
  "cat__ip_country_AU": 0.0,
  "cat__ip_country_BR": 0.0,
  "cat__ip_country_CA": 0.0,
  "cat__ip_country_DE": 0.0,
  "cat__ip_country_ES": 1.0,
  "cat__ip_country_FR": 0.0,
  "cat__ip_country_GB": 0.0,
  "cat__ip_country_IE": 0.0,
  "cat__ip_country_IN": 0.0,
  "cat__ip_country_IT": 0.0,
  "cat__ip_country_NL": 0.0,
  "cat__ip_country_PL": 0.0,
  "cat__ip_country_PT": 0.0,
  "cat__ip_country_SE": 0.0,
  "cat__ip_country_US": 0.0,
  "cat__is_proxy_vpn_False": 1.0,
  "cat__is_proxy_vpn_True": 0.0,
  "cat__billing_country_AU": 0.0,
  "cat__billing_country_BR": 0.0,
  "cat__billing_country_CA": 0.0,
  "cat__billing_country_DE": 0.0,
  "cat__billing_country_ES": 0.0,
  "cat__billing_country_FR": 0.0,
  "cat__billing_country_GB": 0.0,
  "cat__billing_country_IE": 0.0,
  "cat__billing_country_IN": 0.0,
  "cat__billing_country_IT": 1.0,
  "cat__billing_country_NL": 0.0,
  "cat__billing_country_PL": 0.0,
  "cat__billing_country_PT": 0.0,
  "cat__billing_country_SE": 0.0,
  "cat__billing_country_US": 0.0,
  "cat__shipping_country_AU": 1.0,
  "cat__shipping_country_BR": 0.0,
  "cat__shipping_country_CA": 0.0,
  "cat__shipping_country_DE": 0.0,
  "cat__shipping_country_ES": 0.0,
  "cat__shipping_country_FR": 0.0,
  "cat__shipping_country_GB": 0.0,
  "cat__shipping_country_IE": 0.0,
  "cat__shipping_country_IN": 0.0,
  "cat__shipping_country_IT": 0.0,
  "cat__shipping_country_NL": 0.0,
  "cat__shipping_country_PL": 0.0,
  "cat__shipping_country_PT": 0.0,
  "cat__shipping_country_SE": 0.0,
  "cat__shipping_country_US": 0.0,
  "cat__country_mismatch_False": 0.0,
  "cat__country_mismatch_True": 1.0,
  "cat__night_txn_False": 1.0,
  "cat__night_txn_True": 0.0,
  "cat__weekend_txn_False": 1.0,
  "cat__weekend_txn_True": 0.0
}