{
  "num__V1": 0.7227434091466068,
  "num__V2": 1.679050840674716,
  "num__V3": -3.976297992789597,
  "num__V4": 3.764417929039392,
  "num__V5": 1.1451753085277256,
  "num__V6": -1.135436373526877,
  "num__V7": -0.6962795576708892,
  "num__V8": 0.0875577035024785,
  "num__V9": -2.427771747834724,
  "num__V10": -2.9204803757347992,
  "num__V11": 1.7918914762510407,
  "num__V12": -3.5796987501765836,
  "num__V13": 0.5232528769180546,
  "num__V14": -8.78394759284874,
  "num__V15": -0.9305291169946563,
  "num__V16": -0.7452280580263158,
  "num__V17": -1.5709334319666175,
  "num__V18": -0.0813216719512771,
  "num__V19": -1.7743467469917271,
  "num__V20": 0.391690493810147,
  "num__V21": 0.303123165245594,
  "num__V22": -0.546806668702864,
  "num__V23": -0.2274578925999846,
  "num__V24": -0.0382792842023542,
  "num__V25": 1.163204664217719,
  "num__V26": 0.382221078949245,
  "num__V27": 1.1840973525152814,
  "num__V28": 0.8876116129293399,
  "num__Amount": -0.3542679711181923,
  "num__ip_reputation": 1.731632980408186,
  "num__txn_count_5m": 0.7206244202239912,
  "num__txn_count_30m": 0.7191021433953892,
  "num__txn_count_60m": 0.7154478020114323,
  "num__avg_amount_7d": -0.4289689194240754,
  "num__account_age_days": -1.2911866310443865,
  "num__token_age_days": 1.6110990950272484,
  "num__avg_spend_user_30d": 0.3048336074095431,
  "num__geo_distance_km": -1.0147706830195031,
  "num__amount_zscore": -1.060650258081347,
  "cat__device_os_Android": 0.0,
  "cat__device_os_MacOS": 0.0,
  "cat__device_os_Windows": 0.0,
  "cat__device_os_iOS": 1.0,
  "cat__browser_Chrome": 0.0,
  "cat__browser_Edge": 0.0,
  "cat__browser_Firefox": 0.0,
  "cat__browser_Safari": 1.0,
  "cat__is_new_device_False": 0.0,
  "cat__is_new_device_True": 1.0,
  "cat__ip_country_AU": 0.0,
  "cat__ip_country_BR": 0.0,
  "cat__ip_country_CA": 0.0,
  "cat__ip_country_DE": 0.0,
  "cat__ip_country_ES": 1.0,
  "cat__ip_country_FR": 0.0,
  "cat__ip_country_GB": 0.0,
  "cat__ip_country_IE": 0.0,
  "cat__ip_country_IN": 0.0,
  "cat__ip_country_IT": 0.0,
  "cat__ip_country_NL": 0.0,
  "cat__ip_country_PL": 0.0,
  "cat__ip_country_PT": 0.0,
  "cat__ip_country_SE": 0.0,
  "cat__ip_country_US": 0.0,
  "cat__is_proxy_vpn_False": 0.0,
  "cat__is_proxy_vpn_True": 1.0,
  "cat__billing_country_AU": 0.0,
  "cat__billing_country_BR": 0.0,
  "cat__billing_country_CA": 0.0,
  "cat__billing_country_DE": 0.0,
  "cat__billing_country_ES": 0.0,
  "cat__billing_country_FR": 0.0,
  "cat__billing_country_GB": 0.0,
  "cat__billing_country_IE": 0.0,
  "cat__billing_country_IN": 0.0,
  "cat__billing_country_IT": 0.0,
  "cat__billing_country_NL": 1.0,
  "cat__billing_country_PL": 0.0,
  "cat__billing_country_PT": 0.0,
  "cat__billing_country_SE": 0.0,
  "cat__billing_country_US": 0.0,
  "cat__shipping_country_AU": 0.0,
  "cat__shipping_country_BR": 0.0,
  "cat__shipping_country_CA": 0.0,
  "cat__shipping_country_DE": 0.0,
  "cat__shipping_country_ES": 0.0,
  "cat__shipping_country_FR": 1.0,
  "cat__shipping_country_GB": 0.0,
  "cat__shipping_country_IE": 0.0,
  "cat__shipping_country_IN": 0.0,
  "cat__shipping_country_IT": 0.0,
  "cat__shipping_country_NL": 0.0,
  "cat__shipping_country_PL": 0.0,
  "cat__shipping_country_PT": 0.0,
  "cat__shipping_country_SE": 0.0,
  "cat__shipping_country_US": 0.0,
  "cat__country_mismatch_False": 0.0,
  "cat__country_mismatch_True": 1.0,
  "cat__night_txn_False": 1.0,
  "cat__night_txn_True": 0.0,
  "cat__weekend_txn_False": 1.0,
  "cat__weekend_txn_True": 0.0
}