{
  "num__V1": 1.133798122804405,
  "num__V2": -0.1128682017976524,
  "num__V3": -0.983074210289526,
  "num__V4": 0.2518327445437953,
  "num__V5": -0.0935291363069852,
  "num__V6": -0.918755445913622,
  "num__V7": 0.1140628667779224,
  "num__V8": -0.2080900330039513,
  "num__V9": 0.6462561134288235,
  "num__V10": 0.102700507112992,
  "num__V11": -1.0049384006108684,
  "num__V12": -0.1703982131885013,
  "num__V13": -1.279955319936115,
  "num__V14": 0.5140810071885891,
  "num__V15": 0.1605691063154277,
  "num__V16": -0.1059059455025424,
  "num__V17": -0.2035162700872779,
  "num__V18": -0.9005047263661073,
  "num__V19": 0.1152286585269934,
  "num__V20": -0.4300086168856864,
  "num__V21": -0.3791005882445313,
  "num__V22": -1.0725310835346318,
  "num__V23": 0.6095809209599097,
  "num__V24": -0.0894031638392083,
  "num__V25": -0.8598363568732084,
  "num__V26": 0.4065561519475281,
  "num__V27": -0.2012168636253658,
  "num__V28": -0.2041041946183569,
  "num__Amount": -0.3247393459961398,
  "num__ip_reputation": 0.1645027858136864,
  "num__txn_count_5m": -0.0310606823446588,
  "num__txn_count_30m": -0.0314702485099449,
  "num__txn_count_60m": -0.0321831883346548,
  "num__avg_amount_7d": -0.3886999739351097,
  "num__account_age_days": 0.790021770861235,
  "num__token_age_days": 1.1946531871156516,
  "num__avg_spend_user_30d": -0.5946631087167145,
  "num__geo_distance_km": -0.871950793647393,
  "num__amount_zscore": -1.1059960862447602,
  "cat__device_os_Android": 0.0,
  "cat__device_os_MacOS": 0.0,
  "cat__device_os_Windows": 0.0,
  "cat__device_os_iOS": 1.0,
  "cat__browser_Chrome": 1.0,
  "cat__browser_Edge": 0.0,
  "cat__browser_Firefox": 0.0,
  "cat__browser_Safari": 0.0,
  "cat__is_new_device_False": 1.0,
  "cat__is_new_device_True": 0.0,
  "cat__ip_country_AU": 0.0,
  "cat__ip_country_BR": 0.0,
  "cat__ip_country_CA": 0.0,
  "cat__ip_country_DE": 0.0,
  "cat__ip_country_ES": 0.0,
  "cat__ip_country_FR": 0.0,
  "cat__ip_country_GB": 0.0,
  "cat__ip_country_IE": 0.0,
  "cat__ip_country_IN": 0.0,
  "cat__ip_country_IT": 0.0,
  "cat__ip_country_NL": 0.0,
  "cat__ip_country_PL": 0.0,
  "cat__ip_country_PT": 1.0,
  "cat__ip_country_SE": 0.0,
  "cat__ip_country_US": 0.0,
  "cat__is_proxy_vpn_False": 1.0,
  "cat__is_proxy_vpn_True": 0.0,
  "cat__billing_country_AU": 0.0,
  "cat__billing_country_BR": 0.0,
  "cat__billing_country_CA": 0.0,
  "cat__billing_country_DE": 0.0,
  "cat__billing_country_ES": 0.0,
  "cat__billing_country_FR": 1.0,
  "cat__billing_country_GB": 0.0,
  "cat__billing_country_IE": 0.0,
  "cat__billing_country_IN": 0.0,
  "cat__billing_country_IT": 0.0,
  "cat__billing_country_NL": 0.0,
  "cat__billing_country_PL": 0.0,
  "cat__billing_country_PT": 0.0,
  "cat__billing_country_SE": 0.0,
  "cat__billing_country_US": 0.0,
  "cat__shipping_country_AU": 0.0,
  "cat__shipping_country_BR": 0.0,
  "cat__shipping_country_CA": 0.0,
  "cat__shipping_country_DE": 0.0,
  "cat__shipping_country_ES": 0.0,
  "cat__shipping_country_FR": 0.0,
  "cat__shipping_country_GB": 0.0,
  "cat__shipping_country_IE": 0.0,
  "cat__shipping_country_IN": 0.0,
  "cat__shipping_country_IT": 0.0,
  "cat__shipping_country_NL": 0.0,
  "cat__shipping_country_PL": 1.0,
  "cat__shipping_country_PT": 0.0,
  "cat__shipping_country_SE": 0.0,
  "cat__shipping_country_US": 0.0,
  "cat__country_mismatch_False": 0.0,
  "cat__country_mismatch_True": 1.0,
  "cat__night_txn_False": 1.0,
  "cat__night_txn_True": 0.0,
  "cat__weekend_txn_False": 1.0,
  "cat__weekend_txn_True": 0.0
}