{
  "num__V1": -1.2439765031772283,
  "num__V2": -1.5412099278230416,
  "num__V3": -0.531400048126064,
  "num__V4": -1.4181224653795377,
  "num__V5": 0.5940652270142347,
  "num__V6": -0.0655324298308909,
  "num__V7": -1.907665358568852,
  "num__V8": -1.0982883934777783,
  "num__V9": -1.0715163514028965,
  "num__V10": 1.2912895308966177,
  "num__V11": -0.5942813348002955,
  "num__V12": -0.1098653601405706,
  "num__V13": 0.8001864191196492,
  "num__V14": -0.5403053597642868,
  "num__V15": 0.2962862425232341,
  "num__V16": -1.3359757574995317,
  "num__V17": 1.4924580547602468,
  "num__V18": -1.773792791044687,
  "num__V19": -1.8325331612587463,
  "num__V20": -2.408621831885145,
  "num__V21": 1.7539097138809148,
  "num__V22": -0.0001082787935062,
  "num__V23": -1.8952454255225024,
  "num__V24": -1.5066525072987316,
  "num__V25": -2.8746580910547066,
  "num__V26": -0.5234945920919206,
  "num__V27": 1.2411417108720264,
  "num__V28": -3.511581770423981,
  "num__Amount": -0.2698602957693048,
  "num__ip_reputation": 0.3482592024364926,
  "num__txn_count_5m": 0.7206244202239912,
  "num__txn_count_30m": 0.7191021433953892,
  "num__txn_count_60m": 0.7154478020114323,
  "num__avg_amount_7d": -0.0699083344913297,
  "num__account_age_days": 1.7130826401449577,
  "num__token_age_days": 0.3901554104682488,
  "num__avg_spend_user_30d": -0.4195963378132766,
  "num__geo_distance_km": 0.1208570394769526,
  "num__amount_zscore": -0.4302326470290173,
  "cat__device_os_Android": 1.0,
  "cat__device_os_MacOS": 0.0,
  "cat__device_os_Windows": 0.0,
  "cat__device_os_iOS": 0.0,
  "cat__browser_Chrome": 0.0,
  "cat__browser_Edge": 0.0,
  "cat__browser_Firefox": 0.0,
  "cat__browser_Safari": 1.0,
  "cat__is_new_device_False": 1.0,
  "cat__is_new_device_True": 0.0,
  "cat__ip_country_AU": 0.0,
  "cat__ip_country_BR": 0.0,
  "cat__ip_country_CA": 0.0,
  "cat__ip_country_DE": 0.0,
  "cat__ip_country_ES": 0.0,
  "cat__ip_country_FR": 0.0,
  "cat__ip_country_GB": 0.0,
  "cat__ip_country_IE": 0.0,
  "cat__ip_country_IN": 0.0,
  "cat__ip_country_IT": 0.0,
  "cat__ip_country_NL": 0.0,
  "cat__ip_country_PL": 0.0,
  "cat__ip_country_PT": 0.0,
  "cat__ip_country_SE": 1.0,
  "cat__ip_country_US": 0.0,
  "cat__is_proxy_vpn_False": 1.0,
  "cat__is_proxy_vpn_True": 0.0,
  "cat__billing_country_AU": 0.0,
  "cat__billing_country_BR": 0.0,
  "cat__billing_country_CA": 0.0,
  "cat__billing_country_DE": 0.0,
  "cat__billing_country_ES": 0.0,
  "cat__billing_country_FR": 0.0,
  "cat__billing_country_GB": 0.0,
  "cat__billing_country_IE": 0.0,
  "cat__billing_country_IN": 0.0,
  "cat__billing_country_IT": 0.0,
  "cat__billing_country_NL": 0.0,
  "cat__billing_country_PL": 1.0,
  "cat__billing_country_PT": 0.0,
  "cat__billing_country_SE": 0.0,
  "cat__billing_country_US": 0.0,
  "cat__shipping_country_AU": 0.0,
  "cat__shipping_country_BR": 0.0,
  "cat__shipping_country_CA": 0.0,
  "cat__shipping_country_DE": 0.0,
  "cat__shipping_country_ES": 0.0,
  "cat__shipping_country_FR": 0.0,
  "cat__shipping_country_GB": 0.0,
  "cat__shipping_country_IE": 0.0,
  "cat__shipping_country_IN": 1.0,
  "cat__shipping_country_IT": 0.0,
  "cat__shipping_country_NL": 0.0,
  "cat__shipping_country_PL": 0.0,
  "cat__shipping_country_PT": 0.0,
  "cat__shipping_country_SE": 0.0,
  "cat__shipping_country_US": 0.0,
  "cat__country_mismatch_False": 0.0,
  "cat__country_mismatch_True": 1.0,
  "cat__night_txn_False": 1.0,
  "cat__night_txn_True": 0.0,
  "cat__weekend_txn_False": 1.0,
  "cat__weekend_txn_True": 0.0
}