{
  "num__V1": 1.0251522611514834,
  "num__V2": 0.4572629930352008,
  "num__V3": -1.004327280240321,
  "num__V4": 2.72869969701661,
  "num__V5": 0.712662376021553,
  "num__V6": 0.6592363889212198,
  "num__V7": -0.3674779510981831,
  "num__V8": 0.270766996931911,
  "num__V9": -0.5958768556673748,
  "num__V10": 0.3746650463804811,
  "num__V11": 0.4685436875652185,
  "num__V12": 0.0433431191446092,
  "num__V13": 0.4019349804413488,
  "num__V14": -3.107481386944636,
  "num__V15": -1.11069805738466,
  "num__V16": 2.7885338725107696,
  "num__V17": 0.7236508092194787,
  "num__V18": 2.3309595114603363,
  "num__V19": -1.95747155736267,
  "num__V20": -0.1407451206183953,
  "num__V21": 0.0731031303464112,
  "num__V22": 0.3320748888912304,
  "num__V23": 0.1449024347172146,
  "num__V24": -0.2643940774229261,
  "num__V25": -0.4289197693636958,
  "num__V26": 0.0133995150488309,
  "num__V27": 0.0996475264276503,
  "num__V28": 0.0668722993186065,
  "num__Amount": -0.2907914708558209,
  "num__ip_reputation": 1.731632980408186,
  "num__txn_count_5m": 0.7206244202239912,
  "num__txn_count_30m": 0.7191021433953892,
  "num__txn_count_60m": 0.7154478020114323,
  "num__avg_amount_7d": -0.3493336947211145,
  "num__account_age_days": -1.5781306465895135,
  "num__token_age_days": -1.559568612936045,
  "num__avg_spend_user_30d": -0.5604703800246368,
  "num__geo_distance_km": 0.1309635907882309,
  "num__amount_zscore": -0.2576973008462744,
  "cat__device_os_Android": 0.0,
  "cat__device_os_MacOS": 1.0,
  "cat__device_os_Windows": 0.0,
  "cat__device_os_iOS": 0.0,
  "cat__browser_Chrome": 0.0,
  "cat__browser_Edge": 0.0,
  "cat__browser_Firefox": 1.0,
  "cat__browser_Safari": 0.0,
  "cat__is_new_device_False": 1.0,
  "cat__is_new_device_True": 0.0,
  "cat__ip_country_AU": 0.0,
  "cat__ip_country_BR": 0.0,
  "cat__ip_country_CA": 0.0,
  "cat__ip_country_DE": 0.0,
  "cat__ip_country_ES": 1.0,
  "cat__ip_country_FR": 0.0,
  "cat__ip_country_GB": 0.0,
  "cat__ip_country_IE": 0.0,
  "cat__ip_country_IN": 0.0,
  "cat__ip_country_IT": 0.0,
  "cat__ip_country_NL": 0.0,
  "cat__ip_country_PL": 0.0,
  "cat__ip_country_PT": 0.0,
  "cat__ip_country_SE": 0.0,
  "cat__ip_country_US": 0.0,
  "cat__is_proxy_vpn_False": 1.0,
  "cat__is_proxy_vpn_True": 0.0,
  "cat__billing_country_AU": 0.0,
  "cat__billing_country_BR": 0.0,
  "cat__billing_country_CA": 1.0,
  "cat__billing_country_DE": 0.0,
  "cat__billing_country_ES": 0.0,
  "cat__billing_country_FR": 0.0,
  "cat__billing_country_GB": 0.0,
  "cat__billing_country_IE": 0.0,
  "cat__billing_country_IN": 0.0,
  "cat__billing_country_IT": 0.0,
  "cat__billing_country_NL": 0.0,
  "cat__billing_country_PL": 0.0,
  "cat__billing_country_PT": 0.0,
  "cat__billing_country_SE": 0.0,
  "cat__billing_country_US": 0.0,
  "cat__shipping_country_AU": 0.0,
  "cat__shipping_country_BR": 0.0,
  "cat__shipping_country_CA": 0.0,
  "cat__shipping_country_DE": 0.0,
  "cat__shipping_country_ES": 0.0,
  "cat__shipping_country_FR": 0.0,
  "cat__shipping_country_GB": 0.0,
  "cat__shipping_country_IE": 0.0,
  "cat__shipping_country_IN": 0.0,
  "cat__shipping_country_IT": 1.0,
  "cat__shipping_country_NL": 0.0,
  "cat__shipping_country_PL": 0.0,
  "cat__shipping_country_PT": 0.0,
  "cat__shipping_country_SE": 0.0,
  "cat__shipping_country_US": 0.0,
  "cat__country_mismatch_False": 0.0,
  "cat__country_mismatch_True": 1.0,
  "cat__night_txn_False": 1.0,
  "cat__night_txn_True": 0.0,
  "cat__weekend_txn_False": 1.0,
  "cat__weekend_txn_True": 0.0
}