{
  "num__V1": 0.5482575384922747,
  "num__V2": -1.3772546260948744,
  "num__V3": -1.2266138789072982,
  "num__V4": 0.6685990300766678,
  "num__V5": -0.5663348226553835,
  "num__V6": 0.0254387777494141,
  "num__V7": 0.2844163997850036,
  "num__V8": -0.0894706543537288,
  "num__V9": 1.2047380993734642,
  "num__V10": -0.2879480120475536,
  "num__V11": -0.2300338925522487,
  "num__V12": 0.9367553743943074,
  "num__V13": -0.73025719829551,
  "num__V14": 0.0342573620025474,
  "num__V15": -1.9236330105674833,
  "num__V16": -0.5900967754525049,
  "num__V17": -0.2322901486354307,
  "num__V18": 0.7042977787221187,
  "num__V19": 0.6243702100508367,
  "num__V20": 1.0587234242642365,
  "num__V21": 0.8191466109301221,
  "num__V22": 1.384410061774254,
  "num__V23": -0.9986304208370526,
  "num__V24": -0.4000685350661939,
  "num__V25": 0.3119153010969486,
  "num__V26": 0.0201545160800391,
  "num__V27": -0.2254664566108205,
  "num__V28": 0.0663545196293908,
  "num__Amount": 1.837680037941925,
  "num__ip_reputation": 0.1090291506068014,
  "num__txn_count_5m": 0.7206244202239912,
  "num__txn_count_30m": 0.7191021433953892,
  "num__txn_count_60m": 0.7154478020114323,
  "num__avg_amount_7d": 2.1927249799752286,
  "num__account_age_days": 0.0674759967777219,
  "num__token_age_days": 1.66788717337883,
  "num__avg_spend_user_30d": -0.6555261657886129,
  "num__geo_distance_km": 0.4628195702926501,
  "num__amount_zscore": 0.0552995130621629,
  "cat__device_os_Android": 1.0,
  "cat__device_os_MacOS": 0.0,
  "cat__device_os_Windows": 0.0,
  "cat__device_os_iOS": 0.0,
  "cat__browser_Chrome": 0.0,
  "cat__browser_Edge": 0.0,
  "cat__browser_Firefox": 1.0,
  "cat__browser_Safari": 0.0,
  "cat__is_new_device_False": 1.0,
  "cat__is_new_device_True": 0.0,
  "cat__ip_country_AU": 0.0,
  "cat__ip_country_BR": 0.0,
  "cat__ip_country_CA": 0.0,
  "cat__ip_country_DE": 0.0,
  "cat__ip_country_ES": 0.0,
  "cat__ip_country_FR": 0.0,
  "cat__ip_country_GB": 0.0,
  "cat__ip_country_IE": 0.0,
  "cat__ip_country_IN": 0.0,
  "cat__ip_country_IT": 0.0,
  "cat__ip_country_NL": 0.0,
  "cat__ip_country_PL": 0.0,
  "cat__ip_country_PT": 1.0,
  "cat__ip_country_SE": 0.0,
  "cat__ip_country_US": 0.0,
  "cat__is_proxy_vpn_False": 1.0,
  "cat__is_proxy_vpn_True": 0.0,
  "cat__billing_country_AU": 0.0,
  "cat__billing_country_BR": 0.0,
  "cat__billing_country_CA": 0.0,
  "cat__billing_country_DE": 0.0,
  "cat__billing_country_ES": 0.0,
  "cat__billing_country_FR": 0.0,
  "cat__billing_country_GB": 0.0,
  "cat__billing_country_IE": 0.0,
  "cat__billing_country_IN": 1.0,
  "cat__billing_country_IT": 0.0,
  "cat__billing_country_NL": 0.0,
  "cat__billing_country_PL": 0.0,
  "cat__billing_country_PT": 0.0,
  "cat__billing_country_SE": 0.0,
  "cat__billing_country_US": 0.0,
  "cat__shipping_country_AU": 1.0,
  "cat__shipping_country_BR": 0.0,
  "cat__shipping_country_CA": 0.0,
  "cat__shipping_country_DE": 0.0,
  "cat__shipping_country_ES": 0.0,
  "cat__shipping_country_FR": 0.0,
  "cat__shipping_country_GB": 0.0,
  "cat__shipping_country_IE": 0.0,
  "cat__shipping_country_IN": 0.0,
  "cat__shipping_country_IT": 0.0,
  "cat__shipping_country_NL": 0.0,
  "cat__shipping_country_PL": 0.0,
  "cat__shipping_country_PT": 0.0,
  "cat__shipping_country_SE": 0.0,
  "cat__shipping_country_US": 0.0,
  "cat__country_mismatch_False": 0.0,
  "cat__country_mismatch_True": 1.0,
  "cat__night_txn_False": 1.0,
  "cat__night_txn_True": 0.0,
  "cat__weekend_txn_False": 1.0,
  "cat__weekend_txn_True": 0.0
}