{
  "num__V1": -3.303436263529577,
  "num__V2": -1.4638814083573024,
  "num__V3": -3.589692473493079,
  "num__V4": 1.614860790667298,
  "num__V5": -0.5122236613030927,
  "num__V6": -0.3505884449795943,
  "num__V7": -3.3099380029097794,
  "num__V8": 1.836672437330072,
  "num__V9": -1.756723607025243,
  "num__V10": -4.716858563459271,
  "num__V11": 2.706066313489671,
  "num__V12": -3.7070272212396103,
  "num__V13": -0.4558094977920693,
  "num__V14": -3.67231977578799,
  "num__V15": 0.3563434370948841,
  "num__V16": -5.755173891498601,
  "num__V17": -8.92749683083586,
  "num__V18": -4.02536876189369,
  "num__V19": 0.8931827371191853,
  "num__V20": 0.2229367848775488,
  "num__V21": 1.8151246607586329,
  "num__V22": 1.843808728030204,
  "num__V23": -2.406367987082344,
  "num__V24": -2.443763813098749,
  "num__V25": -0.6124569990134721,
  "num__V26": 0.2185211326566475,
  "num__V27": 2.306823290844972,
  "num__V28": -2.08020969536531,
  "num__Amount": 0.4254082571044925,
  "num__ip_reputation": 1.731632980408186,
  "num__txn_count_5m": 2.223994625361291,
  "num__txn_count_30m": 2.220246927206057,
  "num__txn_count_60m": 5.201233744087955,
  "num__avg_amount_7d": 0.5276567395392008,
  "num__account_age_days": -0.886699283830171,
  "num__token_age_days": -0.9538291105191772,
  "num__avg_spend_user_30d": -0.1344289805213486,
  "num__geo_distance_km": -0.5560081945866556,
  "num__amount_zscore": -0.5441502153419822,
  "cat__device_os_Android": 1.0,
  "cat__device_os_MacOS": 0.0,
  "cat__device_os_Windows": 0.0,
  "cat__device_os_iOS": 0.0,
  "cat__browser_Chrome": 0.0,
  "cat__browser_Edge": 0.0,
  "cat__browser_Firefox": 1.0,
  "cat__browser_Safari": 0.0,
  "cat__is_new_device_False": 1.0,
  "cat__is_new_device_True": 0.0,
  "cat__ip_country_AU": 0.0,
  "cat__ip_country_BR": 0.0,
  "cat__ip_country_CA": 0.0,
  "cat__ip_country_DE": 0.0,
  "cat__ip_country_ES": 0.0,
  "cat__ip_country_FR": 0.0,
  "cat__ip_country_GB": 0.0,
  "cat__ip_country_IE": 0.0,
  "cat__ip_country_IN": 0.0,
  "cat__ip_country_IT": 0.0,
  "cat__ip_country_NL": 0.0,
  "cat__ip_country_PL": 1.0,
  "cat__ip_country_PT": 0.0,
  "cat__ip_country_SE": 0.0,
  "cat__ip_country_US": 0.0,
  "cat__is_proxy_vpn_False": 0.0,
  "cat__is_proxy_vpn_True": 1.0,
  "cat__billing_country_AU": 0.0,
  "cat__billing_country_BR": 0.0,
  "cat__billing_country_CA": 0.0,
  "cat__billing_country_DE": 0.0,
  "cat__billing_country_ES": 0.0,
  "cat__billing_country_FR": 0.0,
  "cat__billing_country_GB": 0.0,
  "cat__billing_country_IE": 0.0,
  "cat__billing_country_IN": 0.0,
  "cat__billing_country_IT": 0.0,
  "cat__billing_country_NL": 0.0,
  "cat__billing_country_PL": 0.0,
  "cat__billing_country_PT": 1.0,
  "cat__billing_country_SE": 0.0,
  "cat__billing_country_US": 0.0,
  "cat__shipping_country_AU": 0.0,
  "cat__shipping_country_BR": 0.0,
  "cat__shipping_country_CA": 1.0,
  "cat__shipping_country_DE": 0.0,
  "cat__shipping_country_ES": 0.0,
  "cat__shipping_country_FR": 0.0,
  "cat__shipping_country_GB": 0.0,
  "cat__shipping_country_IE": 0.0,
  "cat__shipping_country_IN": 0.0,
  "cat__shipping_country_IT": 0.0,
  "cat__shipping_country_NL": 0.0,
  "cat__shipping_country_PL": 0.0,
  "cat__shipping_country_PT": 0.0,
  "cat__shipping_country_SE": 0.0,
  "cat__shipping_country_US": 0.0,
  "cat__country_mismatch_False": 0.0,
  "cat__country_mismatch_True": 1.0,
  "cat__night_txn_False": 1.0,
  "cat__night_txn_True": 0.0,
  "cat__weekend_txn_False": 1.0,
  "cat__weekend_txn_True": 0.0
}