{"num__V1": -1.1903177097687008, "num__V2": 1.074504231903051, "num__V3": -4.625407954399953, "num__V4": 1.212610250137562, "num__V5": -2.4436827450402157, "num__V6": 1.0769144665377417, "num__V7": -0.2561349846685764, "num__V8": 1.1792762421751983, "num__V9": -1.7047745437861477, "num__V10": -5.997479016244995, "num__V11": 2.2332257002577034, "num__V12": -5.140532102431201, "num__V13": -1.1558481133534897, "num__V14": -7.391074691090464, "num__V15": -0.1522455547999693, "num__V16": -5.181859406946285, "num__V17": -6.229391482166058, "num__V18": -4.160385254540973, "num__V19": -0.7934645052399047, "num__V20": 0.2334964741422853, "num__V21": 1.1821146888967111, "num__V22": 0.967889234722786, "num__V23": 1.605123952552845, "num__V24": -1.0333643885505654, "num__V25": -3.650768228784069, "num__V26": 0.2090801263610989, "num__V27": 2.865731345336248, "num__V28": 1.318452140132077, "num__Amount": 2.563722640942922, "num__ip_reputation": 1.0104757227186818, "num__txn_count_5m": -0.7827457849133089, "num__txn_count_30m": -0.782042640415279, "num__txn_count_60m": -0.7798141786807419, "num__avg_amount_7d": 3.1967907665008477, "num__account_age_days": -1.6783881941896184, "num__token_age_days": 0.4848022077208844, "num__avg_spend_user_30d": 0.0534030757604649, "num__geo_distance_km": -1.1586904640127584, "num__amount_zscore": 1.5904216957650292, "cat__device_os_Android": 0.0, "cat__device_os_MacOS": 0.0, "cat__device_os_Windows": 0.0, "cat__device_os_iOS": 1.0, "cat__browser_Chrome": 0.0, "cat__browser_Edge": 0.0, "cat__browser_Firefox": 1.0, "cat__browser_Safari": 0.0, "cat__is_new_device_False": 0.0, "cat__is_new_device_True": 1.0, "cat__ip_country_AU": 0.0, "cat__ip_country_BR": 0.0, "cat__ip_country_CA": 0.0, "cat__ip_country_DE": 0.0, "cat__ip_country_ES": 0.0, "cat__ip_country_FR": 0.0, "cat__ip_country_GB": 0.0, "cat__ip_country_IE": 0.0, "cat__ip_country_IN": 1.0, "cat__ip_country_IT": 0.0, "cat__ip_country_NL": 0.0, "cat__ip_country_PL": 0.0, "cat__ip_country_PT": 0.0, "cat__ip_country_SE": 0.0, "cat__ip_country_US": 0.0, "cat__is_proxy_vpn_False": 1.0, "cat__is_proxy_vpn_True": 0.0, "cat__billing_country_AU": 0.0, "cat__billing_country_BR": 0.0, "cat__billing_country_CA": 0.0, "cat__billing_country_DE": 0.0, "cat__billing_country_ES": 0.0, "cat__billing_country_FR": 0.0, "cat__billing_country_GB": 0.0, "cat__billing_country_IE": 0.0, "cat__billing_country_IN": 0.0, "cat__billing_country_IT": 0.0, "cat__billing_country_NL": 0.0, "cat__billing_country_PL": 0.0, "cat__billing_country_PT": 0.0, "cat__billing_country_SE": 1.0, "cat__billing_country_US": 0.0, "cat__shipping_country_AU": 0.0, "cat__shipping_country_BR": 0.0, "cat__shipping_country_CA": 0.0, "cat__shipping_country_DE": 0.0, "cat__shipping_country_ES": 0.0, "cat__shipping_country_FR": 0.0, "cat__shipping_country_GB": 0.0, "cat__shipping_country_IE": 0.0, "cat__shipping_country_IN": 0.0, "cat__shipping_country_IT": 0.0, "cat__shipping_country_NL": 0.0, "cat__shipping_country_PL": 0.0, "cat__shipping_country_PT": 0.0, "cat__shipping_country_SE": 1.0, "cat__shipping_country_US": 0.0, "cat__country_mismatch_False": 1.0, "cat__country_mismatch_True": 0.0, "cat__night_txn_False": 1.0, "cat__night_txn_True": 0.0, "cat__weekend_txn_False": 1.0, "cat__weekend_txn_True": 0.0}