{"num__V1": -1.3876345710974822, "num__V2": 2.0401943578554778, "num__V3": -3.152611928962222, "num__V4": 3.545887034068554, "num__V5": -0.1942036152688493, "num__V6": -1.203992870798835, "num__V7": -2.790138501575703, "num__V8": 1.5207033029053465, "num__V9": -3.1980515409138177, "num__V10": -5.163741326560698, "num__V11": 3.6661604806575703, "num__V12": -5.313876036426426, "num__V13": -1.342245402418365, "num__V14": -9.586887361045443, "num__V15": -2.692969991706859, "num__V16": -2.483006846050529, "num__V17": -6.439328706719302, "num__V18": -1.2838374836055446, "num__V19": -1.8837456058423747, "num__V20": 0.1927579723655932, "num__V21": 1.0052927369055802, "num__V22": -0.3667081659967379, "num__V23": -0.7972355606287809, "num__V24": -0.7730383779261437, "num__V25": 0.9157703593332815, "num__V26": 0.0827542045964586, "num__V27": 1.3020136944965248, "num__V28": 0.4431608470416542, "num__Amount": -0.3566382961279898, "num__ip_reputation": 1.731632980408186, "num__txn_count_5m": 2.223994625361291, "num__txn_count_30m": 4.47196410292206, "num__txn_count_60m": 2.9583407730496933, "num__avg_amount_7d": -0.439500025965399, "num__account_age_days": -1.0630142813338035, "num__token_age_days": -1.0106171888707585, "num__avg_spend_user_30d": 0.1265755151615112, "num__geo_distance_km": -0.8412368389437134, "num__amount_zscore": -1.257517512059092, "cat__device_os_Android": 0.0, "cat__device_os_MacOS": 1.0, "cat__device_os_Windows": 0.0, "cat__device_os_iOS": 0.0, "cat__browser_Chrome": 1.0, "cat__browser_Edge": 0.0, "cat__browser_Firefox": 0.0, "cat__browser_Safari": 0.0, "cat__is_new_device_False": 1.0, "cat__is_new_device_True": 0.0, "cat__ip_country_AU": 0.0, "cat__ip_country_BR": 0.0, "cat__ip_country_CA": 0.0, "cat__ip_country_DE": 0.0, "cat__ip_country_ES": 0.0, "cat__ip_country_FR": 0.0, "cat__ip_country_GB": 0.0, "cat__ip_country_IE": 0.0, "cat__ip_country_IN": 0.0, "cat__ip_country_IT": 0.0, "cat__ip_country_NL": 1.0, "cat__ip_country_PL": 0.0, "cat__ip_country_PT": 0.0, "cat__ip_country_SE": 0.0, "cat__ip_country_US": 0.0, "cat__is_proxy_vpn_False": 0.0, "cat__is_proxy_vpn_True": 1.0, "cat__billing_country_AU": 0.0, "cat__billing_country_BR": 0.0, "cat__billing_country_CA": 0.0, "cat__billing_country_DE": 0.0, "cat__billing_country_ES": 0.0, "cat__billing_country_FR": 0.0, "cat__billing_country_GB": 1.0, "cat__billing_country_IE": 0.0, "cat__billing_country_IN": 0.0, "cat__billing_country_IT": 0.0, "cat__billing_country_NL": 0.0, "cat__billing_country_PL": 0.0, "cat__billing_country_PT": 0.0, "cat__billing_country_SE": 0.0, "cat__billing_country_US": 0.0, "cat__shipping_country_AU": 0.0, "cat__shipping_country_BR": 0.0, "cat__shipping_country_CA": 0.0, "cat__shipping_country_DE": 0.0, "cat__shipping_country_ES": 0.0, "cat__shipping_country_FR": 0.0, "cat__shipping_country_GB": 0.0, "cat__shipping_country_IE": 0.0, "cat__shipping_country_IN": 0.0, "cat__shipping_country_IT": 0.0, "cat__shipping_country_NL": 0.0, "cat__shipping_country_PL": 1.0, "cat__shipping_country_PT": 0.0, "cat__shipping_country_SE": 0.0, "cat__shipping_country_US": 0.0, "cat__country_mismatch_False": 0.0, "cat__country_mismatch_True": 1.0, "cat__night_txn_False": 1.0, "cat__night_txn_True": 0.0, "cat__weekend_txn_False": 1.0, "cat__weekend_txn_True": 0.0}