{
  "num__V1": 0.0838424048144598,
  "num__V2": 0.5760743769715703,
  "num__V3": -0.395948138453596,
  "num__V4": -0.2856848920542054,
  "num__V5": 0.7110226560492222,
  "num__V6": -0.8662154811944077,
  "num__V7": 1.078997214438955,
  "num__V8": -0.5114385017314893,
  "num__V9": 0.271540605682506,
  "num__V10": 0.0361512758528023,
  "num__V11": 1.1492565422191814,
  "num__V12": -0.1762878331955722,
  "num__V13": -1.1746803444114833,
  "num__V14": -1.1175955106989688,
  "num__V15": 0.0964452644845625,
  "num__V16": 0.1025660650553046,
  "num__V17": 0.1205193549138229,
  "num__V18": 1.532058608076034,
  "num__V19": 0.0928865899091972,
  "num__V20": 0.0650745323472933,
  "num__V21": 0.3277256179388912,
  "num__V22": 1.6570268870722784,
  "num__V23": -0.4006048750975077,
  "num__V24": -0.0449354303942056,
  "num__V25": -1.094949623325283,
  "num__V26": -0.5105177309704633,
  "num__V27": -0.542067141666762,
  "num__V28": -0.84641477062424,
  "num__Amount": -0.3067007709215799,
  "num__ip_reputation": 0.0015489823934617,
  "num__txn_count_5m": -0.0310606823446588,
  "num__txn_count_30m": -0.0314702485099449,
  "num__txn_count_60m": -0.0321831883346548,
  "num__avg_amount_7d": 1.955373897784351,
  "num__account_age_days": 0.7934789276750317,
  "num__token_age_days": -0.5184538431570532,
  "num__avg_spend_user_30d": -0.6945058764975814,
  "num__geo_distance_km": -0.9443153612499136,
  "num__amount_zscore": -1.1059960862447602,
  "cat__device_os_Android": 0.0,
  "cat__device_os_MacOS": 0.0,
  "cat__device_os_Windows": 0.0,
  "cat__device_os_iOS": 1.0,
  "cat__browser_Chrome": 1.0,
  "cat__browser_Edge": 0.0,
  "cat__browser_Firefox": 0.0,
  "cat__browser_Safari": 0.0,
  "cat__is_new_device_False": 1.0,
  "cat__is_new_device_True": 0.0,
  "cat__ip_country_AU": 0.0,
  "cat__ip_country_BR": 0.0,
  "cat__ip_country_CA": 1.0,
  "cat__ip_country_DE": 0.0,
  "cat__ip_country_ES": 0.0,
  "cat__ip_country_FR": 0.0,
  "cat__ip_country_GB": 0.0,
  "cat__ip_country_IE": 0.0,
  "cat__ip_country_IN": 0.0,
  "cat__ip_country_IT": 0.0,
  "cat__ip_country_NL": 0.0,
  "cat__ip_country_PL": 0.0,
  "cat__ip_country_PT": 0.0,
  "cat__ip_country_SE": 0.0,
  "cat__ip_country_US": 0.0,
  "cat__is_proxy_vpn_False": 1.0,
  "cat__is_proxy_vpn_True": 0.0,
  "cat__billing_country_AU": 0.0,
  "cat__billing_country_BR": 0.0,
  "cat__billing_country_CA": 0.0,
  "cat__billing_country_DE": 0.0,
  "cat__billing_country_ES": 0.0,
  "cat__billing_country_FR": 0.0,
  "cat__billing_country_GB": 1.0,
  "cat__billing_country_IE": 0.0,
  "cat__billing_country_IN": 0.0,
  "cat__billing_country_IT": 0.0,
  "cat__billing_country_NL": 0.0,
  "cat__billing_country_PL": 0.0,
  "cat__billing_country_PT": 0.0,
  "cat__billing_country_SE": 0.0,
  "cat__billing_country_US": 0.0,
  "cat__shipping_country_AU": 0.0,
  "cat__shipping_country_BR": 0.0,
  "cat__shipping_country_CA": 0.0,
  "cat__shipping_country_DE": 1.0,
  "cat__shipping_country_ES": 0.0,
  "cat__shipping_country_FR": 0.0,
  "cat__shipping_country_GB": 0.0,
  "cat__shipping_country_IE": 0.0,
  "cat__shipping_country_IN": 0.0,
  "cat__shipping_country_IT": 0.0,
  "cat__shipping_country_NL": 0.0,
  "cat__shipping_country_PL": 0.0,
  "cat__shipping_country_PT": 0.0,
  "cat__shipping_country_SE": 0.0,
  "cat__shipping_country_US": 0.0,
  "cat__country_mismatch_False": 0.0,
  "cat__country_mismatch_True": 1.0,
  "cat__night_txn_False": 1.0,
  "cat__night_txn_True": 0.0,
  "cat__weekend_txn_False": 1.0,
  "cat__weekend_txn_True": 0.0
}