{
  "num__V1": -3.4782053064648464,
  "num__V2": -1.6759530314454314,
  "num__V3": -4.210843779810431,
  "num__V4": 0.9821876740801324,
  "num__V5": -0.4037291573499061,
  "num__V6": -0.9112304078476732,
  "num__V7": 0.7391020246087479,
  "num__V8": 0.3441063889543545,
  "num__V9": -1.1661721137723386,
  "num__V10": -2.5488265026084216,
  "num__V11": -0.5523477478057519,
  "num__V12": -2.2783046805834153,
  "num__V13": 0.1998474327426682,
  "num__V14": -1.268146581915314,
  "num__V15": -0.084490163363677,
  "num__V16": -2.5924440877552835,
  "num__V17": -5.021518926800747,
  "num__V18": -1.994332462503224,
  "num__V19": 1.2159316671146847,
  "num__V20": -2.600574219521486,
  "num__V21": 0.3186209137494551,
  "num__V22": 1.7863366208722282,
  "num__V23": 0.5752558144331883,
  "num__V24": 0.3502372142418813,
  "num__V25": 1.5110465032103668,
  "num__V26": 0.0773664092368839,
  "num__V27": -0.1435742314924149,
  "num__V28": 0.256247118153863,
  "num__Amount": 0.5925362577952932,
  "num__ip_reputation": 1.4126595779685975,
  "num__txn_count_5m": -0.0310606823446588,
  "num__txn_count_30m": -0.0314702485099449,
  "num__txn_count_60m": -0.0321831883346548,
  "num__avg_amount_7d": 0.1713041534313668,
  "num__account_age_days": -1.1805576130028916,
  "num__token_age_days": 0.6362370833251014,
  "num__avg_spend_user_30d": 0.8639986972873204,
  "num__geo_distance_km": -0.9075623789659836,
  "num__amount_zscore": 1.1059955314827126,
  "cat__device_os_Android": 0.0,
  "cat__device_os_MacOS": 0.0,
  "cat__device_os_Windows": 1.0,
  "cat__device_os_iOS": 0.0,
  "cat__browser_Chrome": 0.0,
  "cat__browser_Edge": 0.0,
  "cat__browser_Firefox": 1.0,
  "cat__browser_Safari": 0.0,
  "cat__is_new_device_False": 0.0,
  "cat__is_new_device_True": 1.0,
  "cat__ip_country_AU": 0.0,
  "cat__ip_country_BR": 0.0,
  "cat__ip_country_CA": 0.0,
  "cat__ip_country_DE": 0.0,
  "cat__ip_country_ES": 0.0,
  "cat__ip_country_FR": 1.0,
  "cat__ip_country_GB": 0.0,
  "cat__ip_country_IE": 0.0,
  "cat__ip_country_IN": 0.0,
  "cat__ip_country_IT": 0.0,
  "cat__ip_country_NL": 0.0,
  "cat__ip_country_PL": 0.0,
  "cat__ip_country_PT": 0.0,
  "cat__ip_country_SE": 0.0,
  "cat__ip_country_US": 0.0,
  "cat__is_proxy_vpn_False": 1.0,
  "cat__is_proxy_vpn_True": 0.0,
  "cat__billing_country_AU": 0.0,
  "cat__billing_country_BR": 0.0,
  "cat__billing_country_CA": 0.0,
  "cat__billing_country_DE": 0.0,
  "cat__billing_country_ES": 0.0,
  "cat__billing_country_FR": 0.0,
  "cat__billing_country_GB": 0.0,
  "cat__billing_country_IE": 0.0,
  "cat__billing_country_IN": 0.0,
  "cat__billing_country_IT": 0.0,
  "cat__billing_country_NL": 0.0,
  "cat__billing_country_PL": 0.0,
  "cat__billing_country_PT": 0.0,
  "cat__billing_country_SE": 1.0,
  "cat__billing_country_US": 0.0,
  "cat__shipping_country_AU": 0.0,
  "cat__shipping_country_BR": 0.0,
  "cat__shipping_country_CA": 0.0,
  "cat__shipping_country_DE": 0.0,
  "cat__shipping_country_ES": 0.0,
  "cat__shipping_country_FR": 0.0,
  "cat__shipping_country_GB": 0.0,
  "cat__shipping_country_IE": 0.0,
  "cat__shipping_country_IN": 0.0,
  "cat__shipping_country_IT": 0.0,
  "cat__shipping_country_NL": 1.0,
  "cat__shipping_country_PL": 0.0,
  "cat__shipping_country_PT": 0.0,
  "cat__shipping_country_SE": 0.0,
  "cat__shipping_country_US": 0.0,
  "cat__country_mismatch_False": 0.0,
  "cat__country_mismatch_True": 1.0,
  "cat__night_txn_False": 1.0,
  "cat__night_txn_True": 0.0,
  "cat__weekend_txn_False": 1.0,
  "cat__weekend_txn_True": 0.0
}