{
  "num__V1": 1.033927426159665,
  "num__V2": -0.2591692837579689,
  "num__V3": -2.4945458515848333,
  "num__V4": -0.4316519097516971,
  "num__V5": 1.9882335823279385,
  "num__V6": 2.2870179567339055,
  "num__V7": -0.1628057399934053,
  "num__V8": 0.563664615262074,
  "num__V9": 0.369254637146869,
  "num__V10": -0.4487666056260136,
  "num__V11": 0.2747368376901428,
  "num__V12": 0.123016475434787,
  "num__V13": -0.2078845970929844,
  "num__V14": -0.5692168729998278,
  "num__V15": 1.322959083100946,
  "num__V16": 0.1709114163765727,
  "num__V17": 0.3232316818775101,
  "num__V18": 0.5229783287839411,
  "num__V19": -0.7024214286441706,
  "num__V20": 0.0735204908067399,
  "num__V21": 0.363873932392852,
  "num__V22": 0.878150767113839,
  "num__V23": -0.0881177217351577,
  "num__V24": 1.056525144789705,
  "num__V25": 0.3901691766263654,
  "num__V26": -0.1995760870633818,
  "num__V27": -0.0100437562086228,
  "num__V28": -0.0706958499465416,
  "num__Amount": 0.0571642055824061,
  "num__ip_reputation": 0.4002657354429473,
  "num__txn_count_5m": -0.0310606823446588,
  "num__txn_count_30m": -0.0314702485099449,
  "num__txn_count_60m": -0.0321831883346548,
  "num__avg_amount_7d": 0.1643335638635383,
  "num__account_age_days": 1.6854253856345838,
  "num__token_age_days": -0.9538291105191772,
  "num__avg_spend_user_30d": -0.4296262048962861,
  "num__geo_distance_km": 0.4162090687626065,
  "num__amount_zscore": 0.7487588852197257,
  "cat__device_os_Android": 1.0,
  "cat__device_os_MacOS": 0.0,
  "cat__device_os_Windows": 0.0,
  "cat__device_os_iOS": 0.0,
  "cat__browser_Chrome": 0.0,
  "cat__browser_Edge": 1.0,
  "cat__browser_Firefox": 0.0,
  "cat__browser_Safari": 0.0,
  "cat__is_new_device_False": 1.0,
  "cat__is_new_device_True": 0.0,
  "cat__ip_country_AU": 0.0,
  "cat__ip_country_BR": 0.0,
  "cat__ip_country_CA": 0.0,
  "cat__ip_country_DE": 0.0,
  "cat__ip_country_ES": 0.0,
  "cat__ip_country_FR": 0.0,
  "cat__ip_country_GB": 0.0,
  "cat__ip_country_IE": 0.0,
  "cat__ip_country_IN": 1.0,
  "cat__ip_country_IT": 0.0,
  "cat__ip_country_NL": 0.0,
  "cat__ip_country_PL": 0.0,
  "cat__ip_country_PT": 0.0,
  "cat__ip_country_SE": 0.0,
  "cat__ip_country_US": 0.0,
  "cat__is_proxy_vpn_False": 1.0,
  "cat__is_proxy_vpn_True": 0.0,
  "cat__billing_country_AU": 0.0,
  "cat__billing_country_BR": 0.0,
  "cat__billing_country_CA": 0.0,
  "cat__billing_country_DE": 0.0,
  "cat__billing_country_ES": 0.0,
  "cat__billing_country_FR": 0.0,
  "cat__billing_country_GB": 0.0,
  "cat__billing_country_IE": 0.0,
  "cat__billing_country_IN": 0.0,
  "cat__billing_country_IT": 0.0,
  "cat__billing_country_NL": 0.0,
  "cat__billing_country_PL": 0.0,
  "cat__billing_country_PT": 0.0,
  "cat__billing_country_SE": 0.0,
  "cat__billing_country_US": 1.0,
  "cat__shipping_country_AU": 0.0,
  "cat__shipping_country_BR": 0.0,
  "cat__shipping_country_CA": 0.0,
  "cat__shipping_country_DE": 0.0,
  "cat__shipping_country_ES": 1.0,
  "cat__shipping_country_FR": 0.0,
  "cat__shipping_country_GB": 0.0,
  "cat__shipping_country_IE": 0.0,
  "cat__shipping_country_IN": 0.0,
  "cat__shipping_country_IT": 0.0,
  "cat__shipping_country_NL": 0.0,
  "cat__shipping_country_PL": 0.0,
  "cat__shipping_country_PT": 0.0,
  "cat__shipping_country_SE": 0.0,
  "cat__shipping_country_US": 0.0,
  "cat__country_mismatch_False": 0.0,
  "cat__country_mismatch_True": 1.0,
  "cat__night_txn_False": 1.0,
  "cat__night_txn_True": 0.0,
  "cat__weekend_txn_False": 1.0,
  "cat__weekend_txn_True": 0.0
}