{
  "num__V1": 1.1284723590830412,
  "num__V2": -0.0262923806568956,
  "num__V3": -0.9560929698978372,
  "num__V4": 0.2400339558844822,
  "num__V5": 0.0466010030150481,
  "num__V6": -0.8770840874380607,
  "num__V7": 0.2434533506945551,
  "num__V8": -0.3129218173029789,
  "num__V9": 0.3517023902344596,
  "num__V10": 0.0408610698121988,
  "num__V11": -0.6436530322358992,
  "num__V12": 0.9015556495608996,
  "num__V13": 0.857614637304504,
  "num__V14": 0.0640133829237908,
  "num__V15": -0.0947090056497993,
  "num__V16": -0.2217417998119665,
  "num__V17": -0.3447550821253988,
  "num__V18": -1.2211958384561512,
  "num__V19": 0.0946995062875053,
  "num__V20": -0.2250262391945651,
  "num__V21": -0.3397952096568999,
  "num__V22": -0.815969592289775,
  "num__V23": 0.5575217755186058,
  "num__V24": 0.0111181143719532,
  "num__V25": -0.7125057522772245,
  "num__V26": 0.3901075799426798,
  "num__V27": -0.1675421795053761,
  "num__V28": -0.1856606243024063,
  "num__Amount": -0.3004334708956749,
  "num__ip_reputation": -1.3575550801752194,
  "num__txn_count_5m": -0.7827457849133089,
  "num__txn_count_30m": -0.782042640415279,
  "num__txn_count_60m": -0.7798141786807419,
  "num__avg_amount_7d": -0.3783694598993352,
  "num__account_age_days": -0.6446983068644011,
  "num__token_age_days": 1.1567944682145974,
  "num__avg_spend_user_30d": -0.5214906693156682,
  "num__geo_distance_km": -0.5436020157273804,
  "num__amount_zscore": 1.1059955314827126,
  "cat__device_os_Android": 0.0,
  "cat__device_os_MacOS": 1.0,
  "cat__device_os_Windows": 0.0,
  "cat__device_os_iOS": 0.0,
  "cat__browser_Chrome": 0.0,
  "cat__browser_Edge": 0.0,
  "cat__browser_Firefox": 0.0,
  "cat__browser_Safari": 1.0,
  "cat__is_new_device_False": 1.0,
  "cat__is_new_device_True": 0.0,
  "cat__ip_country_AU": 0.0,
  "cat__ip_country_BR": 0.0,
  "cat__ip_country_CA": 0.0,
  "cat__ip_country_DE": 0.0,
  "cat__ip_country_ES": 0.0,
  "cat__ip_country_FR": 0.0,
  "cat__ip_country_GB": 0.0,
  "cat__ip_country_IE": 0.0,
  "cat__ip_country_IN": 0.0,
  "cat__ip_country_IT": 1.0,
  "cat__ip_country_NL": 0.0,
  "cat__ip_country_PL": 0.0,
  "cat__ip_country_PT": 0.0,
  "cat__ip_country_SE": 0.0,
  "cat__ip_country_US": 0.0,
  "cat__is_proxy_vpn_False": 1.0,
  "cat__is_proxy_vpn_True": 0.0,
  "cat__billing_country_AU": 0.0,
  "cat__billing_country_BR": 0.0,
  "cat__billing_country_CA": 0.0,
  "cat__billing_country_DE": 0.0,
  "cat__billing_country_ES": 0.0,
  "cat__billing_country_FR": 0.0,
  "cat__billing_country_GB": 0.0,
  "cat__billing_country_IE": 0.0,
  "cat__billing_country_IN": 0.0,
  "cat__billing_country_IT": 0.0,
  "cat__billing_country_NL": 0.0,
  "cat__billing_country_PL": 0.0,
  "cat__billing_country_PT": 0.0,
  "cat__billing_country_SE": 1.0,
  "cat__billing_country_US": 0.0,
  "cat__shipping_country_AU": 0.0,
  "cat__shipping_country_BR": 0.0,
  "cat__shipping_country_CA": 0.0,
  "cat__shipping_country_DE": 0.0,
  "cat__shipping_country_ES": 0.0,
  "cat__shipping_country_FR": 0.0,
  "cat__shipping_country_GB": 0.0,
  "cat__shipping_country_IE": 0.0,
  "cat__shipping_country_IN": 0.0,
  "cat__shipping_country_IT": 0.0,
  "cat__shipping_country_NL": 0.0,
  "cat__shipping_country_PL": 0.0,
  "cat__shipping_country_PT": 1.0,
  "cat__shipping_country_SE": 0.0,
  "cat__shipping_country_US": 0.0,
  "cat__country_mismatch_False": 0.0,
  "cat__country_mismatch_True": 1.0,
  "cat__night_txn_False": 1.0,
  "cat__night_txn_True": 0.0,
  "cat__weekend_txn_False": 1.0,
  "cat__weekend_txn_True": 0.0
}