{"num__V1": -0.5641193572518169, "num__V2": 1.0223098850781915, "num__V3": -2.3283974077144736, "num__V4": 1.7721006014000087, "num__V5": 2.7771570436709676, "num__V6": -2.447726525407885, "num__V7": -4.872524302526275, "num__V8": -1.816106767764183, "num__V9": -0.9941661395597974, "num__V10": -2.804365876039026, "num__V11": 0.8370472941564493, "num__V12": -2.8535086635732454, "num__V13": -1.504123412738866, "num__V14": -4.443195711891863, "num__V15": -0.2580340598189595, "num__V16": -3.2853689762405436, "num__V17": -3.1957424628033637, "num__V18": -1.645077051929548, "num__V19": 0.4132792558900668, "num__V20": 0.7050501614853067, "num__V21": -1.0802537728858463, "num__V22": -0.3579264002399854, "num__V23": -9.780191191206754, "num__V24": 1.176464497382073, "num__V25": -3.380864635284146, "num__V26": -1.312536958735533, "num__V27": 2.0838122640265384, "num__V28": 1.5691264221386791, "num__Amount": -0.352620796111384, "num__ip_reputation": 1.731632980408186, "num__txn_count_5m": -0.0310606823446588, "num__txn_count_30m": -0.0314702485099449, "num__txn_count_60m": -0.0321831883346548, "num__avg_amount_7d": -0.4466210599123892, "num__account_age_days": -1.1978433970718751, "num__token_age_days": -1.218840142826557, "num__avg_spend_user_30d": -0.4594878546207006, "num__geo_distance_km": -0.9322165534173156, "num__amount_zscore": -0.6967776369651778, "cat__device_os_Android": 1.0, "cat__device_os_MacOS": 0.0, "cat__device_os_Windows": 0.0, "cat__device_os_iOS": 0.0, "cat__browser_Chrome": 0.0, "cat__browser_Edge": 1.0, "cat__browser_Firefox": 0.0, "cat__browser_Safari": 0.0, "cat__is_new_device_False": 1.0, "cat__is_new_device_True": 0.0, "cat__ip_country_AU": 0.0, "cat__ip_country_BR": 0.0, "cat__ip_country_CA": 0.0, "cat__ip_country_DE": 0.0, "cat__ip_country_ES": 0.0, "cat__ip_country_FR": 0.0, "cat__ip_country_GB": 0.0, "cat__ip_country_IE": 0.0, "cat__ip_country_IN": 0.0, "cat__ip_country_IT": 0.0, "cat__ip_country_NL": 0.0, "cat__ip_country_PL": 0.0, "cat__ip_country_PT": 1.0, "cat__ip_country_SE": 0.0, "cat__ip_country_US": 0.0, "cat__is_proxy_vpn_False": 1.0, "cat__is_proxy_vpn_True": 0.0, "cat__billing_country_AU": 0.0, "cat__billing_country_BR": 0.0, "cat__billing_country_CA": 0.0, "cat__billing_country_DE": 0.0, "cat__billing_country_ES": 0.0, "cat__billing_country_FR": 0.0, "cat__billing_country_GB": 1.0, "cat__billing_country_IE": 0.0, "cat__billing_country_IN": 0.0, "cat__billing_country_IT": 0.0, "cat__billing_country_NL": 0.0, "cat__billing_country_PL": 0.0, "cat__billing_country_PT": 0.0, "cat__billing_country_SE": 0.0, "cat__billing_country_US": 0.0, "cat__shipping_country_AU": 0.0, "cat__shipping_country_BR": 0.0, "cat__shipping_country_CA": 0.0, "cat__shipping_country_DE": 0.0, "cat__shipping_country_ES": 0.0, "cat__shipping_country_FR": 1.0, "cat__shipping_country_GB": 0.0, "cat__shipping_country_IE": 0.0, "cat__shipping_country_IN": 0.0, "cat__shipping_country_IT": 0.0, "cat__shipping_country_NL": 0.0, "cat__shipping_country_PL": 0.0, "cat__shipping_country_PT": 0.0, "cat__shipping_country_SE": 0.0, "cat__shipping_country_US": 0.0, "cat__country_mismatch_False": 0.0, "cat__country_mismatch_True": 1.0, "cat__night_txn_False": 1.0, "cat__night_txn_True": 0.0, "cat__weekend_txn_False": 1.0, "cat__weekend_txn_True": 0.0}