{
  "num__V1": 1.1254354954977006,
  "num__V2": 0.1100090693908656,
  "num__V3": -1.4477282861808822,
  "num__V4": 0.3133811645165595,
  "num__V5": 0.2735788061270887,
  "num__V6": -1.1169174829999189,
  "num__V7": 0.3252445554731905,
  "num__V8": -0.3688276773168097,
  "num__V9": 0.4346423650575864,
  "num__V10": -0.4483333971888709,
  "num__V11": -0.4792902032771104,
  "num__V12": 0.3869492791841468,
  "num__V13": 0.6041737281668581,
  "num__V14": -0.935509906648019,
  "num__V15": 0.802168229857416,
  "num__V16": 0.2537187602814055,
  "num__V17": 0.3152057385924776,
  "num__V18": 0.60834963239017,
  "num__V19": -0.4582080443801755,
  "num__V20": -0.1777850869666293,
  "num__V21": 0.300818434935677,
  "num__V22": 1.1597932984233852,
  "num__V23": -0.0842068670025809,
  "num__V24": -0.264764936503998,
  "num__V25": 0.4580190956275712,
  "num__V26": -0.2153705498244553,
  "num__V27": -0.0112277848784468,
  "num__V28": -0.0926601318741303,
  "num__Amount": -0.2525448706977339,
  "num__ip_reputation": -1.444232635185977,
  "num__txn_count_5m": -0.7827457849133089,
  "num__txn_count_30m": -0.782042640415279,
  "num__txn_count_60m": -0.7798141786807419,
  "num__avg_amount_7d": -0.3185928932457272,
  "num__account_age_days": -1.204757710699469,
  "num__token_age_days": -0.8307882740907508,
  "num__avg_spend_user_30d": -0.3279598249185084,
  "num__geo_distance_km": -0.871950793647393,
  "num__amount_zscore": 1.5506058466459345,
  "cat__device_os_Android": 0.0,
  "cat__device_os_MacOS": 0.0,
  "cat__device_os_Windows": 1.0,
  "cat__device_os_iOS": 0.0,
  "cat__browser_Chrome": 1.0,
  "cat__browser_Edge": 0.0,
  "cat__browser_Firefox": 0.0,
  "cat__browser_Safari": 0.0,
  "cat__is_new_device_False": 1.0,
  "cat__is_new_device_True": 0.0,
  "cat__ip_country_AU": 0.0,
  "cat__ip_country_BR": 0.0,
  "cat__ip_country_CA": 0.0,
  "cat__ip_country_DE": 0.0,
  "cat__ip_country_ES": 0.0,
  "cat__ip_country_FR": 0.0,
  "cat__ip_country_GB": 0.0,
  "cat__ip_country_IE": 0.0,
  "cat__ip_country_IN": 1.0,
  "cat__ip_country_IT": 0.0,
  "cat__ip_country_NL": 0.0,
  "cat__ip_country_PL": 0.0,
  "cat__ip_country_PT": 0.0,
  "cat__ip_country_SE": 0.0,
  "cat__ip_country_US": 0.0,
  "cat__is_proxy_vpn_False": 1.0,
  "cat__is_proxy_vpn_True": 0.0,
  "cat__billing_country_AU": 0.0,
  "cat__billing_country_BR": 0.0,
  "cat__billing_country_CA": 0.0,
  "cat__billing_country_DE": 0.0,
  "cat__billing_country_ES": 0.0,
  "cat__billing_country_FR": 0.0,
  "cat__billing_country_GB": 0.0,
  "cat__billing_country_IE": 0.0,
  "cat__billing_country_IN": 0.0,
  "cat__billing_country_IT": 0.0,
  "cat__billing_country_NL": 0.0,
  "cat__billing_country_PL": 1.0,
  "cat__billing_country_PT": 0.0,
  "cat__billing_country_SE": 0.0,
  "cat__billing_country_US": 0.0,
  "cat__shipping_country_AU": 0.0,
  "cat__shipping_country_BR": 0.0,
  "cat__shipping_country_CA": 0.0,
  "cat__shipping_country_DE": 0.0,
  "cat__shipping_country_ES": 0.0,
  "cat__shipping_country_FR": 1.0,
  "cat__shipping_country_GB": 0.0,
  "cat__shipping_country_IE": 0.0,
  "cat__shipping_country_IN": 0.0,
  "cat__shipping_country_IT": 0.0,
  "cat__shipping_country_NL": 0.0,
  "cat__shipping_country_PL": 0.0,
  "cat__shipping_country_PT": 0.0,
  "cat__shipping_country_SE": 0.0,
  "cat__shipping_country_US": 0.0,
  "cat__country_mismatch_False": 0.0,
  "cat__country_mismatch_True": 1.0,
  "cat__night_txn_False": 1.0,
  "cat__night_txn_True": 0.0,
  "cat__weekend_txn_False": 1.0,
  "cat__weekend_txn_True": 0.0
}