{
  "num__V1": -0.1953685484283669,
  "num__V2": 0.9452151401879018,
  "num__V3": -0.5451934549478847,
  "num__V4": 0.5114705529720707,
  "num__V5": 0.7347826587406852,
  "num__V6": -0.2696108088886133,
  "num__V7": 0.886351548080518,
  "num__V8": 0.2051596823103335,
  "num__V9": -1.0389502281705885,
  "num__V10": -0.0620758435731111,
  "num__V11": 0.1003704882685938,
  "num__V12": 0.9723521098893926,
  "num__V13": 0.441998776519328,
  "num__V14": 0.8098259097817586,
  "num__V15": -1.2615875827618657,
  "num__V16": -0.9112252178354192,
  "num__V17": -0.1123543712776589,
  "num__V18": 0.294066557120518,
  "num__V19": 1.460771068074976,
  "num__V20": 0.0024844939014857,
  "num__V21": 0.279709194237735,
  "num__V22": 1.158368894320085,
  "num__V23": -0.4608856699639855,
  "num__V24": -0.720090888180932,
  "num__V25": 0.0778624130880807,
  "num__V26": -0.7659335126254457,
  "num__V27": 0.7921881467451923,
  "num__V28": 0.53131362521901,
  "num__Amount": -0.3041697459111182,
  "num__ip_reputation": 1.1526269129363242,
  "num__txn_count_5m": -0.0310606823446588,
  "num__txn_count_30m": -0.0314702485099449,
  "num__txn_count_60m": -0.0321831883346548,
  "num__avg_amount_7d": -0.4016381905430215,
  "num__account_age_days": -0.0016671394982123,
  "num__token_age_days": 1.6489578139283028,
  "num__avg_spend_user_30d": -0.4227876591578706,
  "num__geo_distance_km": 1.992499030568476,
  "num__amount_zscore": -0.8272851424110987,
  "cat__device_os_Android": 0.0,
  "cat__device_os_MacOS": 1.0,
  "cat__device_os_Windows": 0.0,
  "cat__device_os_iOS": 0.0,
  "cat__browser_Chrome": 0.0,
  "cat__browser_Edge": 0.0,
  "cat__browser_Firefox": 0.0,
  "cat__browser_Safari": 1.0,
  "cat__is_new_device_False": 1.0,
  "cat__is_new_device_True": 0.0,
  "cat__ip_country_AU": 0.0,
  "cat__ip_country_BR": 0.0,
  "cat__ip_country_CA": 0.0,
  "cat__ip_country_DE": 0.0,
  "cat__ip_country_ES": 0.0,
  "cat__ip_country_FR": 0.0,
  "cat__ip_country_GB": 0.0,
  "cat__ip_country_IE": 0.0,
  "cat__ip_country_IN": 0.0,
  "cat__ip_country_IT": 0.0,
  "cat__ip_country_NL": 0.0,
  "cat__ip_country_PL": 0.0,
  "cat__ip_country_PT": 0.0,
  "cat__ip_country_SE": 0.0,
  "cat__ip_country_US": 1.0,
  "cat__is_proxy_vpn_False": 1.0,
  "cat__is_proxy_vpn_True": 0.0,
  "cat__billing_country_AU": 1.0,
  "cat__billing_country_BR": 0.0,
  "cat__billing_country_CA": 0.0,
  "cat__billing_country_DE": 0.0,
  "cat__billing_country_ES": 0.0,
  "cat__billing_country_FR": 0.0,
  "cat__billing_country_GB": 0.0,
  "cat__billing_country_IE": 0.0,
  "cat__billing_country_IN": 0.0,
  "cat__billing_country_IT": 0.0,
  "cat__billing_country_NL": 0.0,
  "cat__billing_country_PL": 0.0,
  "cat__billing_country_PT": 0.0,
  "cat__billing_country_SE": 0.0,
  "cat__billing_country_US": 0.0,
  "cat__shipping_country_AU": 0.0,
  "cat__shipping_country_BR": 0.0,
  "cat__shipping_country_CA": 0.0,
  "cat__shipping_country_DE": 0.0,
  "cat__shipping_country_ES": 0.0,
  "cat__shipping_country_FR": 0.0,
  "cat__shipping_country_GB": 0.0,
  "cat__shipping_country_IE": 0.0,
  "cat__shipping_country_IN": 0.0,
  "cat__shipping_country_IT": 0.0,
  "cat__shipping_country_NL": 0.0,
  "cat__shipping_country_PL": 0.0,
  "cat__shipping_country_PT": 0.0,
  "cat__shipping_country_SE": 0.0,
  "cat__shipping_country_US": 1.0,
  "cat__country_mismatch_False": 0.0,
  "cat__country_mismatch_True": 1.0,
  "cat__night_txn_False": 1.0,
  "cat__night_txn_True": 0.0,
  "cat__weekend_txn_False": 1.0,
  "cat__weekend_txn_True": 0.0
}