{
  "num__V1": 1.111006711274192,
  "num__V2": -0.0157250330164184,
  "num__V3": -1.3015887964791566,
  "num__V4": 1.012838652877116,
  "num__V5": 0.5381434761488162,
  "num__V6": -0.1290056112523765,
  "num__V7": 0.2079412756191255,
  "num__V8": -0.0911979347164215,
  "num__V9": -0.9116101603633354,
  "num__V10": 1.297091205442623,
  "num__V11": -0.2994453092054965,
  "num__V12": -0.3774564288895848,
  "num__V13": -0.7726223682253378,
  "num__V14": 0.6964392172168318,
  "num__V15": -0.8680072650476505,
  "num__V16": 1.7790372351058508,
  "num__V17": -1.3511497261451677,
  "num__V18": -0.2584756014623623,
  "num__V19": -0.1066732726193446,
  "num__V20": -0.1574226807015193,
  "num__V21": -0.3098449254673902,
  "num__V22": -1.3347008262532,
  "num__V23": 0.3787893076497121,
  "num__V24": -1.7781723736054125,
  "num__V25": -1.2726643376854634,
  "num__V26": 4.157685838710005,
  "num__V27": -0.6297031379426745,
  "num__V28": -0.3184458386319642,
  "num__Amount": -0.1503798452754487,
  "num__ip_reputation": 0.1783711946154076,
  "num__txn_count_5m": -0.7827457849133089,
  "num__txn_count_30m": -0.782042640415279,
  "num__txn_count_60m": -0.7798141786807419,
  "num__avg_amount_7d": -0.1910662078429377,
  "num__account_age_days": 0.66902128237835,
  "num__token_age_days": 0.4090847699187759,
  "num__avg_spend_user_30d": 0.1354656246214514,
  "num__geo_distance_km": -1.0181741212434243,
  "num__amount_zscore": -2.7738102387101845e-07,
  "cat__device_os_Android": 0.0,
  "cat__device_os_MacOS": 1.0,
  "cat__device_os_Windows": 0.0,
  "cat__device_os_iOS": 0.0,
  "cat__browser_Chrome": 1.0,
  "cat__browser_Edge": 0.0,
  "cat__browser_Firefox": 0.0,
  "cat__browser_Safari": 0.0,
  "cat__is_new_device_False": 1.0,
  "cat__is_new_device_True": 0.0,
  "cat__ip_country_AU": 0.0,
  "cat__ip_country_BR": 0.0,
  "cat__ip_country_CA": 0.0,
  "cat__ip_country_DE": 0.0,
  "cat__ip_country_ES": 0.0,
  "cat__ip_country_FR": 0.0,
  "cat__ip_country_GB": 0.0,
  "cat__ip_country_IE": 0.0,
  "cat__ip_country_IN": 0.0,
  "cat__ip_country_IT": 0.0,
  "cat__ip_country_NL": 0.0,
  "cat__ip_country_PL": 1.0,
  "cat__ip_country_PT": 0.0,
  "cat__ip_country_SE": 0.0,
  "cat__ip_country_US": 0.0,
  "cat__is_proxy_vpn_False": 1.0,
  "cat__is_proxy_vpn_True": 0.0,
  "cat__billing_country_AU": 0.0,
  "cat__billing_country_BR": 0.0,
  "cat__billing_country_CA": 0.0,
  "cat__billing_country_DE": 0.0,
  "cat__billing_country_ES": 0.0,
  "cat__billing_country_FR": 0.0,
  "cat__billing_country_GB": 0.0,
  "cat__billing_country_IE": 0.0,
  "cat__billing_country_IN": 0.0,
  "cat__billing_country_IT": 0.0,
  "cat__billing_country_NL": 1.0,
  "cat__billing_country_PL": 0.0,
  "cat__billing_country_PT": 0.0,
  "cat__billing_country_SE": 0.0,
  "cat__billing_country_US": 0.0,
  "cat__shipping_country_AU": 0.0,
  "cat__shipping_country_BR": 0.0,
  "cat__shipping_country_CA": 0.0,
  "cat__shipping_country_DE": 0.0,
  "cat__shipping_country_ES": 0.0,
  "cat__shipping_country_FR": 0.0,
  "cat__shipping_country_GB": 1.0,
  "cat__shipping_country_IE": 0.0,
  "cat__shipping_country_IN": 0.0,
  "cat__shipping_country_IT": 0.0,
  "cat__shipping_country_NL": 0.0,
  "cat__shipping_country_PL": 0.0,
  "cat__shipping_country_PT": 0.0,
  "cat__shipping_country_SE": 0.0,
  "cat__shipping_country_US": 0.0,
  "cat__country_mismatch_False": 0.0,
  "cat__country_mismatch_True": 1.0,
  "cat__night_txn_False": 1.0,
  "cat__night_txn_True": 0.0,
  "cat__weekend_txn_False": 1.0,
  "cat__weekend_txn_True": 0.0
}