{"num__V1": -1.8552974130816593, "num__V2": -0.5709106739452383, "num__V3": -3.502986494168991, "num__V4": 2.3566690501625835, "num__V5": -0.3180686072072766, "num__V6": -0.928508285364297, "num__V7": -3.383830930023098, "num__V8": 1.239804271072541, "num__V9": -1.5713583184359965, "num__V10": -3.4253032718066745, "num__V11": 2.5030109903988804, "num__V12": -3.1253928946521365, "num__V13": 1.4634280330676992, "num__V14": -4.755976572663822, "num__V15": -0.6374650735393652, "num__V16": -4.778329360824269, "num__V17": -10.415305509988212, "num__V18": -2.857089511495417, "num__V19": 2.44231883640621, "num__V20": -0.4543550344533029, "num__V21": 1.0857227066603068, "num__V22": 1.361138528980362, "num__V23": 1.7198838130739202, "num__V24": 0.1547187444345144, "num__V25": -2.8628506962624445, "num__V26": -1.6269284673922308, "num__V27": 2.6744199454878803, "num__V28": 0.3124354210128349, "num__Amount": 0.2210782062599223, "num__ip_reputation": 0.8059166928932934, "num__txn_count_5m": 0.7206244202239912, "num__txn_count_30m": 0.7191021433953892, "num__txn_count_60m": 0.7154478020114323, "num__avg_amount_7d": 0.4322750031506417, "num__account_age_days": -1.0768429085889903, "num__token_age_days": -1.4175984170570917, "num__avg_spend_user_30d": 0.0244532321345057, "num__geo_distance_km": 1.7781446804777286, "num__amount_zscore": 0.0608294921064816, "cat__device_os_Android": 0.0, "cat__device_os_MacOS": 0.0, "cat__device_os_Windows": 0.0, "cat__device_os_iOS": 1.0, "cat__browser_Chrome": 0.0, "cat__browser_Edge": 0.0, "cat__browser_Firefox": 0.0, "cat__browser_Safari": 1.0, "cat__is_new_device_False": 1.0, "cat__is_new_device_True": 0.0, "cat__ip_country_AU": 0.0, "cat__ip_country_BR": 1.0, "cat__ip_country_CA": 0.0, "cat__ip_country_DE": 0.0, "cat__ip_country_ES": 0.0, "cat__ip_country_FR": 0.0, "cat__ip_country_GB": 0.0, "cat__ip_country_IE": 0.0, "cat__ip_country_IN": 0.0, "cat__ip_country_IT": 0.0, "cat__ip_country_NL": 0.0, "cat__ip_country_PL": 0.0, "cat__ip_country_PT": 0.0, "cat__ip_country_SE": 0.0, "cat__ip_country_US": 0.0, "cat__is_proxy_vpn_False": 1.0, "cat__is_proxy_vpn_True": 0.0, "cat__billing_country_AU": 1.0, "cat__billing_country_BR": 0.0, "cat__billing_country_CA": 0.0, "cat__billing_country_DE": 0.0, "cat__billing_country_ES": 0.0, "cat__billing_country_FR": 0.0, "cat__billing_country_GB": 0.0, "cat__billing_country_IE": 0.0, "cat__billing_country_IN": 0.0, "cat__billing_country_IT": 0.0, "cat__billing_country_NL": 0.0, "cat__billing_country_PL": 0.0, "cat__billing_country_PT": 0.0, "cat__billing_country_SE": 0.0, "cat__billing_country_US": 0.0, "cat__shipping_country_AU": 0.0, "cat__shipping_country_BR": 0.0, "cat__shipping_country_CA": 1.0, "cat__shipping_country_DE": 0.0, "cat__shipping_country_ES": 0.0, "cat__shipping_country_FR": 0.0, "cat__shipping_country_GB": 0.0, "cat__shipping_country_IE": 0.0, "cat__shipping_country_IN": 0.0, "cat__shipping_country_IT": 0.0, "cat__shipping_country_NL": 0.0, "cat__shipping_country_PL": 0.0, "cat__shipping_country_PT": 0.0, "cat__shipping_country_SE": 0.0, "cat__shipping_country_US": 0.0, "cat__country_mismatch_False": 0.0, "cat__country_mismatch_True": 1.0, "cat__night_txn_False": 1.0, "cat__night_txn_True": 0.0, "cat__weekend_txn_False": 1.0, "cat__weekend_txn_True": 0.0}