{
  "num__V1": 0.2978558154790327,
  "num__V2": 0.8447618145207465,
  "num__V3": -0.5593736788320031,
  "num__V4": 1.9509799630121545,
  "num__V5": 1.3878017032671617,
  "num__V6": 0.0415845599464714,
  "num__V7": 1.1047059962962102,
  "num__V8": -0.1264656873673608,
  "num__V9": -1.5009106759428688,
  "num__V10": 0.8842757360957667,
  "num__V11": -1.7565136725114507,
  "num__V12": -0.1554514849230038,
  "num__V13": 0.4062541561898027,
  "num__V14": 0.0913800937368929,
  "num__V15": -2.0910313312306616,
  "num__V16": 0.4270323329576003,
  "num__V17": -0.9260420495143036,
  "num__V18": -0.7873170225541528,
  "num__V19": -1.8112628130834427,
  "num__V20": -0.3798290427247364,
  "num__V21": 0.1629231570231338,
  "num__V22": 0.605989359377266,
  "num__V23": 0.1090840764560976,
  "num__V24": 0.6581332691357539,
  "num__V25": -1.5991562498137162,
  "num__V26": -0.4281999214903638,
  "num__V27": 0.2297581928915805,
  "num__V28": 0.2964543489983965,
  "num__Amount": -0.3606557961445956,
  "num__ip_reputation": 1.0971532777294393,
  "num__txn_count_5m": -0.7827457849133089,
  "num__txn_count_30m": -0.782042640415279,
  "num__txn_count_60m": -0.7798141786807419,
  "num__avg_amount_7d": -0.4535415013538304,
  "num__account_age_days": -1.211672024327062,
  "num__token_age_days": -0.5089891634317897,
  "num__avg_spend_user_30d": -0.3981688944995746,
  "num__geo_distance_km": 1.1636601017551165,
  "num__amount_zscore": -1.1059960862447602,
  "cat__device_os_Android": 0.0,
  "cat__device_os_MacOS": 1.0,
  "cat__device_os_Windows": 0.0,
  "cat__device_os_iOS": 0.0,
  "cat__browser_Chrome": 0.0,
  "cat__browser_Edge": 0.0,
  "cat__browser_Firefox": 1.0,
  "cat__browser_Safari": 0.0,
  "cat__is_new_device_False": 1.0,
  "cat__is_new_device_True": 0.0,
  "cat__ip_country_AU": 0.0,
  "cat__ip_country_BR": 0.0,
  "cat__ip_country_CA": 0.0,
  "cat__ip_country_DE": 0.0,
  "cat__ip_country_ES": 0.0,
  "cat__ip_country_FR": 0.0,
  "cat__ip_country_GB": 0.0,
  "cat__ip_country_IE": 1.0,
  "cat__ip_country_IN": 0.0,
  "cat__ip_country_IT": 0.0,
  "cat__ip_country_NL": 0.0,
  "cat__ip_country_PL": 0.0,
  "cat__ip_country_PT": 0.0,
  "cat__ip_country_SE": 0.0,
  "cat__ip_country_US": 0.0,
  "cat__is_proxy_vpn_False": 1.0,
  "cat__is_proxy_vpn_True": 0.0,
  "cat__billing_country_AU": 0.0,
  "cat__billing_country_BR": 1.0,
  "cat__billing_country_CA": 0.0,
  "cat__billing_country_DE": 0.0,
  "cat__billing_country_ES": 0.0,
  "cat__billing_country_FR": 0.0,
  "cat__billing_country_GB": 0.0,
  "cat__billing_country_IE": 0.0,
  "cat__billing_country_IN": 0.0,
  "cat__billing_country_IT": 0.0,
  "cat__billing_country_NL": 0.0,
  "cat__billing_country_PL": 0.0,
  "cat__billing_country_PT": 0.0,
  "cat__billing_country_SE": 0.0,
  "cat__billing_country_US": 0.0,
  "cat__shipping_country_AU": 0.0,
  "cat__shipping_country_BR": 0.0,
  "cat__shipping_country_CA": 0.0,
  "cat__shipping_country_DE": 0.0,
  "cat__shipping_country_ES": 0.0,
  "cat__shipping_country_FR": 0.0,
  "cat__shipping_country_GB": 0.0,
  "cat__shipping_country_IE": 0.0,
  "cat__shipping_country_IN": 0.0,
  "cat__shipping_country_IT": 0.0,
  "cat__shipping_country_NL": 0.0,
  "cat__shipping_country_PL": 0.0,
  "cat__shipping_country_PT": 0.0,
  "cat__shipping_country_SE": 0.0,
  "cat__shipping_country_US": 1.0,
  "cat__country_mismatch_False": 0.0,
  "cat__country_mismatch_True": 1.0,
  "cat__night_txn_False": 1.0,
  "cat__night_txn_True": 0.0,
  "cat__weekend_txn_False": 1.0,
  "cat__weekend_txn_True": 0.0
}