{
  "num__V1": -0.5625437647264453,
  "num__V2": 1.1466800405823026,
  "num__V3": -1.9591460944447765,
  "num__V4": 3.850838356068813,
  "num__V5": -0.1364818936939611,
  "num__V6": 1.0060579275199022,
  "num__V7": 0.6648303343184192,
  "num__V8": -0.112416543072613,
  "num__V9": -2.0275266457498486,
  "num__V10": -0.3775470659194086,
  "num__V11": 2.1612923297769617,
  "num__V12": -2.9018717661440303,
  "num__V13": -0.57551468369579,
  "num__V14": -5.354027244391551,
  "num__V15": -0.035226745709443,
  "num__V16": -1.146975419016337,
  "num__V17": -1.878404225514639,
  "num__V18": 0.193540967737562,
  "num__V19": 2.236785023919246,
  "num__V20": -0.426103100349163,
  "num__V21": -0.512632487528531,
  "num__V22": -0.955813140571613,
  "num__V23": 0.7970930178441188,
  "num__V24": -0.1373483615065212,
  "num__V25": -1.2325150338025646,
  "num__V26": 0.0174623834249839,
  "num__V27": -0.6154496264645432,
  "num__V28": -2.4947846562072993,
  "num__Amount": 0.9433845342454764,
  "num__ip_reputation": 1.405725373567737,
  "num__txn_count_5m": 4.479049933067241,
  "num__txn_count_30m": 6.723681278638062,
  "num__txn_count_60m": 10.434650676510564,
  "num__avg_amount_7d": 0.0042105963090331,
  "num__account_age_days": -1.1667289857477048,
  "num__token_age_days": -1.3797396981560377,
  "num__avg_spend_user_30d": 0.528909956104959,
  "num__geo_distance_km": -1.1586904640127584,
  "num__amount_zscore": 2.130147650490533,
  "cat__device_os_Android": 0.0,
  "cat__device_os_MacOS": 0.0,
  "cat__device_os_Windows": 0.0,
  "cat__device_os_iOS": 1.0,
  "cat__browser_Chrome": 0.0,
  "cat__browser_Edge": 0.0,
  "cat__browser_Firefox": 1.0,
  "cat__browser_Safari": 0.0,
  "cat__is_new_device_False": 1.0,
  "cat__is_new_device_True": 0.0,
  "cat__ip_country_AU": 0.0,
  "cat__ip_country_BR": 1.0,
  "cat__ip_country_CA": 0.0,
  "cat__ip_country_DE": 0.0,
  "cat__ip_country_ES": 0.0,
  "cat__ip_country_FR": 0.0,
  "cat__ip_country_GB": 0.0,
  "cat__ip_country_IE": 0.0,
  "cat__ip_country_IN": 0.0,
  "cat__ip_country_IT": 0.0,
  "cat__ip_country_NL": 0.0,
  "cat__ip_country_PL": 0.0,
  "cat__ip_country_PT": 0.0,
  "cat__ip_country_SE": 0.0,
  "cat__ip_country_US": 0.0,
  "cat__is_proxy_vpn_False": 0.0,
  "cat__is_proxy_vpn_True": 1.0,
  "cat__billing_country_AU": 0.0,
  "cat__billing_country_BR": 0.0,
  "cat__billing_country_CA": 0.0,
  "cat__billing_country_DE": 0.0,
  "cat__billing_country_ES": 0.0,
  "cat__billing_country_FR": 0.0,
  "cat__billing_country_GB": 0.0,
  "cat__billing_country_IE": 0.0,
  "cat__billing_country_IN": 0.0,
  "cat__billing_country_IT": 0.0,
  "cat__billing_country_NL": 0.0,
  "cat__billing_country_PL": 0.0,
  "cat__billing_country_PT": 0.0,
  "cat__billing_country_SE": 1.0,
  "cat__billing_country_US": 0.0,
  "cat__shipping_country_AU": 0.0,
  "cat__shipping_country_BR": 0.0,
  "cat__shipping_country_CA": 0.0,
  "cat__shipping_country_DE": 0.0,
  "cat__shipping_country_ES": 0.0,
  "cat__shipping_country_FR": 0.0,
  "cat__shipping_country_GB": 0.0,
  "cat__shipping_country_IE": 0.0,
  "cat__shipping_country_IN": 0.0,
  "cat__shipping_country_IT": 1.0,
  "cat__shipping_country_NL": 0.0,
  "cat__shipping_country_PL": 0.0,
  "cat__shipping_country_PT": 0.0,
  "cat__shipping_country_SE": 0.0,
  "cat__shipping_country_US": 0.0,
  "cat__country_mismatch_False": 0.0,
  "cat__country_mismatch_True": 1.0,
  "cat__night_txn_False": 1.0,
  "cat__night_txn_True": 0.0,
  "cat__weekend_txn_False": 1.0,
  "cat__weekend_txn_True": 0.0
}