{
  "num__V1": -2.0467735701321663,
  "num__V2": -0.7699535549535981,
  "num__V3": -2.782811274608633,
  "num__V4": 3.194111726247347,
  "num__V5": 3.057460117206378,
  "num__V6": -2.6343626619455014,
  "num__V7": -4.115157726820346,
  "num__V8": 0.8182582632893013,
  "num__V9": -2.8166478840579097,
  "num__V10": -3.87983292247875,
  "num__V11": 3.896579375847748,
  "num__V12": -4.107324491524532,
  "num__V13": 1.109832828415308,
  "num__V14": -7.219051650987589,
  "num__V15": 1.0916532424216452,
  "num__V16": -5.634226436533095,
  "num__V17": -7.23692945383559,
  "num__V18": -1.366801623972161,
  "num__V19": 4.3738914588409274,
  "num__V20": 2.788951181838241,
  "num__V21": 1.455482550420084,
  "num__V22": 0.0152229058085885,
  "num__V23": 0.5963548712087233,
  "num__V24": -0.2770362770912264,
  "num__V25": 0.7118975254585005,
  "num__V26": -0.2658946509566574,
  "num__V27": 2.2226542201262647,
  "num__V28": 2.120973067225069,
  "num__Amount": -0.3273105460067675,
  "num__ip_reputation": 1.731632980408186,
  "num__txn_count_5m": -0.0310606823446588,
  "num__txn_count_30m": -0.0314702485099449,
  "num__txn_count_60m": -0.0321831883346548,
  "num__avg_amount_7d": -0.4077061138358793,
  "num__account_age_days": -1.681845351003415,
  "num__token_age_days": 0.0494269403587605,
  "num__avg_spend_user_30d": -0.6334148679010693,
  "num__geo_distance_km": -0.8412368389437134,
  "num__amount_zscore": -0.7863632974831405,
  "cat__device_os_Android": 1.0,
  "cat__device_os_MacOS": 0.0,
  "cat__device_os_Windows": 0.0,
  "cat__device_os_iOS": 0.0,
  "cat__browser_Chrome": 0.0,
  "cat__browser_Edge": 0.0,
  "cat__browser_Firefox": 1.0,
  "cat__browser_Safari": 0.0,
  "cat__is_new_device_False": 1.0,
  "cat__is_new_device_True": 0.0,
  "cat__ip_country_AU": 0.0,
  "cat__ip_country_BR": 1.0,
  "cat__ip_country_CA": 0.0,
  "cat__ip_country_DE": 0.0,
  "cat__ip_country_ES": 0.0,
  "cat__ip_country_FR": 0.0,
  "cat__ip_country_GB": 0.0,
  "cat__ip_country_IE": 0.0,
  "cat__ip_country_IN": 0.0,
  "cat__ip_country_IT": 0.0,
  "cat__ip_country_NL": 0.0,
  "cat__ip_country_PL": 0.0,
  "cat__ip_country_PT": 0.0,
  "cat__ip_country_SE": 0.0,
  "cat__ip_country_US": 0.0,
  "cat__is_proxy_vpn_False": 0.0,
  "cat__is_proxy_vpn_True": 1.0,
  "cat__billing_country_AU": 0.0,
  "cat__billing_country_BR": 0.0,
  "cat__billing_country_CA": 0.0,
  "cat__billing_country_DE": 0.0,
  "cat__billing_country_ES": 0.0,
  "cat__billing_country_FR": 0.0,
  "cat__billing_country_GB": 0.0,
  "cat__billing_country_IE": 0.0,
  "cat__billing_country_IN": 0.0,
  "cat__billing_country_IT": 0.0,
  "cat__billing_country_NL": 0.0,
  "cat__billing_country_PL": 1.0,
  "cat__billing_country_PT": 0.0,
  "cat__billing_country_SE": 0.0,
  "cat__billing_country_US": 0.0,
  "cat__shipping_country_AU": 0.0,
  "cat__shipping_country_BR": 0.0,
  "cat__shipping_country_CA": 0.0,
  "cat__shipping_country_DE": 0.0,
  "cat__shipping_country_ES": 0.0,
  "cat__shipping_country_FR": 0.0,
  "cat__shipping_country_GB": 1.0,
  "cat__shipping_country_IE": 0.0,
  "cat__shipping_country_IN": 0.0,
  "cat__shipping_country_IT": 0.0,
  "cat__shipping_country_NL": 0.0,
  "cat__shipping_country_PL": 0.0,
  "cat__shipping_country_PT": 0.0,
  "cat__shipping_country_SE": 0.0,
  "cat__shipping_country_US": 0.0,
  "cat__country_mismatch_False": 0.0,
  "cat__country_mismatch_True": 1.0,
  "cat__night_txn_False": 1.0,
  "cat__night_txn_True": 0.0,
  "cat__weekend_txn_False": 1.0,
  "cat__weekend_txn_True": 0.0
}