{"num__V1": 0.5362387126808982, "num__V2": 1.7544149140778422, "num__V3": -4.122978459106934, "num__V4": 4.240864306807975, "num__V5": 0.2414956995242117, "num__V6": -1.863452609773831, "num__V7": -1.452073299366327, "num__V8": 0.2656617329473933, "num__V9": -2.490626671219496, "num__V10": -3.708130585224018, "num__V11": 2.704385992100518, "num__V12": -5.558502323252976, "num__V13": -1.9641181578482736, "num__V14": -9.46838054185346, "num__V15": -0.7288612850115723, "num__V16": -2.197024105144298, "num__V17": -3.277303305931488, "num__V18": -1.0433891780966087, "num__V19": -1.8925465650879505, "num__V20": 0.2963773379252581, "num__V21": 0.5715858606021891, "num__V22": -0.505577253107752, "num__V23": -0.1055860545958848, "num__V24": -0.2864252921771151, "num__V25": 0.8228958821997133, "num__V26": 0.4182334984280194, "num__V27": 1.6422221456150805, "num__V28": 1.1416808093201891, "num__Amount": -0.3559151461250007, "num__ip_reputation": 0.6915023202790931, "num__txn_count_5m": 1.4723095227926413, "num__txn_count_30m": 1.4696745353007232, "num__txn_count_60m": 1.4630787923575193, "num__avg_amount_7d": -0.24382203680233, "num__account_age_days": -1.273900846975403, "num__token_age_days": -0.5184538431570532, "num__avg_spend_user_30d": -0.1754602549518419, "num__geo_distance_km": 5.249336858839238, "num__amount_zscore": -1.039636337712936, "cat__device_os_Android": 0.0, "cat__device_os_MacOS": 0.0, "cat__device_os_Windows": 0.0, "cat__device_os_iOS": 1.0, "cat__browser_Chrome": 1.0, "cat__browser_Edge": 0.0, "cat__browser_Firefox": 0.0, "cat__browser_Safari": 0.0, "cat__is_new_device_False": 1.0, "cat__is_new_device_True": 0.0, "cat__ip_country_AU": 1.0, "cat__ip_country_BR": 0.0, "cat__ip_country_CA": 0.0, "cat__ip_country_DE": 0.0, "cat__ip_country_ES": 0.0, "cat__ip_country_FR": 0.0, "cat__ip_country_GB": 0.0, "cat__ip_country_IE": 0.0, "cat__ip_country_IN": 0.0, "cat__ip_country_IT": 0.0, "cat__ip_country_NL": 0.0, "cat__ip_country_PL": 0.0, "cat__ip_country_PT": 0.0, "cat__ip_country_SE": 0.0, "cat__ip_country_US": 0.0, "cat__is_proxy_vpn_False": 0.0, "cat__is_proxy_vpn_True": 1.0, "cat__billing_country_AU": 0.0, "cat__billing_country_BR": 0.0, "cat__billing_country_CA": 0.0, "cat__billing_country_DE": 0.0, "cat__billing_country_ES": 0.0, "cat__billing_country_FR": 0.0, "cat__billing_country_GB": 0.0, "cat__billing_country_IE": 1.0, "cat__billing_country_IN": 0.0, "cat__billing_country_IT": 0.0, "cat__billing_country_NL": 0.0, "cat__billing_country_PL": 0.0, "cat__billing_country_PT": 0.0, "cat__billing_country_SE": 0.0, "cat__billing_country_US": 0.0, "cat__shipping_country_AU": 1.0, "cat__shipping_country_BR": 0.0, "cat__shipping_country_CA": 0.0, "cat__shipping_country_DE": 0.0, "cat__shipping_country_ES": 0.0, "cat__shipping_country_FR": 0.0, "cat__shipping_country_GB": 0.0, "cat__shipping_country_IE": 0.0, "cat__shipping_country_IN": 0.0, "cat__shipping_country_IT": 0.0, "cat__shipping_country_NL": 0.0, "cat__shipping_country_PL": 0.0, "cat__shipping_country_PT": 0.0, "cat__shipping_country_SE": 0.0, "cat__shipping_country_US": 0.0, "cat__country_mismatch_False": 0.0, "cat__country_mismatch_True": 1.0, "cat__night_txn_False": 1.0, "cat__night_txn_True": 0.0, "cat__weekend_txn_False": 1.0, "cat__weekend_txn_True": 0.0}