{
  "num__V1": 1.1874079026028483,
  "num__V2": 0.0094248429957553,
  "num__V3": -1.6943252915844114,
  "num__V4": 0.0968296091807241,
  "num__V5": 0.6229937351148376,
  "num__V6": -0.3229120850149897,
  "num__V7": 0.0902913419491339,
  "num__V8": -0.0861494937101703,
  "num__V9": 0.6930693754576535,
  "num__V10": -0.2925209147402495,
  "num__V11": -1.7356336777396404,
  "num__V12": -0.8487141243100906,
  "num__V13": -1.331458883802892,
  "num__V14": -0.658601271936504,
  "num__V15": 0.3833120011636663,
  "num__V16": 0.7580449291256568,
  "num__V17": 0.2163269306769887,
  "num__V18": 0.2727706624596593,
  "num__V19": 0.5286236306796753,
  "num__V20": -0.3271737465196327,
  "num__V21": -0.582490801099993,
  "num__V22": -1.7347187436876186,
  "num__V23": 0.4209194467249734,
  "num__V24": -0.7596296134539414,
  "num__V25": -0.5004574769994431,
  "num__V26": 0.4694102980301965,
  "num__V27": -0.1923773838972421,
  "num__V28": -0.144279537956934,
  "num__Amount": -0.3527011461117161,
  "num__ip_reputation": -1.305548547168765,
  "num__txn_count_5m": -0.0310606823446588,
  "num__txn_count_30m": -0.0314702485099449,
  "num__txn_count_60m": -0.0321831883346548,
  "num__avg_amount_7d": -0.4197416641688206,
  "num__account_age_days": -0.0673531189603499,
  "num__token_age_days": 1.5448463369504035,
  "num__avg_spend_user_30d": -0.4540170180299682,
  "num__geo_distance_km": 0.7986185574955147,
  "num__amount_zscore": -1.1059960862447602,
  "cat__device_os_Android": 0.0,
  "cat__device_os_MacOS": 1.0,
  "cat__device_os_Windows": 0.0,
  "cat__device_os_iOS": 0.0,
  "cat__browser_Chrome": 0.0,
  "cat__browser_Edge": 1.0,
  "cat__browser_Firefox": 0.0,
  "cat__browser_Safari": 0.0,
  "cat__is_new_device_False": 1.0,
  "cat__is_new_device_True": 0.0,
  "cat__ip_country_AU": 0.0,
  "cat__ip_country_BR": 1.0,
  "cat__ip_country_CA": 0.0,
  "cat__ip_country_DE": 0.0,
  "cat__ip_country_ES": 0.0,
  "cat__ip_country_FR": 0.0,
  "cat__ip_country_GB": 0.0,
  "cat__ip_country_IE": 0.0,
  "cat__ip_country_IN": 0.0,
  "cat__ip_country_IT": 0.0,
  "cat__ip_country_NL": 0.0,
  "cat__ip_country_PL": 0.0,
  "cat__ip_country_PT": 0.0,
  "cat__ip_country_SE": 0.0,
  "cat__ip_country_US": 0.0,
  "cat__is_proxy_vpn_False": 1.0,
  "cat__is_proxy_vpn_True": 0.0,
  "cat__billing_country_AU": 0.0,
  "cat__billing_country_BR": 0.0,
  "cat__billing_country_CA": 0.0,
  "cat__billing_country_DE": 1.0,
  "cat__billing_country_ES": 0.0,
  "cat__billing_country_FR": 0.0,
  "cat__billing_country_GB": 0.0,
  "cat__billing_country_IE": 0.0,
  "cat__billing_country_IN": 0.0,
  "cat__billing_country_IT": 0.0,
  "cat__billing_country_NL": 0.0,
  "cat__billing_country_PL": 0.0,
  "cat__billing_country_PT": 0.0,
  "cat__billing_country_SE": 0.0,
  "cat__billing_country_US": 0.0,
  "cat__shipping_country_AU": 0.0,
  "cat__shipping_country_BR": 1.0,
  "cat__shipping_country_CA": 0.0,
  "cat__shipping_country_DE": 0.0,
  "cat__shipping_country_ES": 0.0,
  "cat__shipping_country_FR": 0.0,
  "cat__shipping_country_GB": 0.0,
  "cat__shipping_country_IE": 0.0,
  "cat__shipping_country_IN": 0.0,
  "cat__shipping_country_IT": 0.0,
  "cat__shipping_country_NL": 0.0,
  "cat__shipping_country_PL": 0.0,
  "cat__shipping_country_PT": 0.0,
  "cat__shipping_country_SE": 0.0,
  "cat__shipping_country_US": 0.0,
  "cat__country_mismatch_False": 0.0,
  "cat__country_mismatch_True": 1.0,
  "cat__night_txn_False": 1.0,
  "cat__night_txn_True": 0.0,
  "cat__weekend_txn_False": 1.0,
  "cat__weekend_txn_True": 0.0
}