{
  "num__V1": -0.796634134844776,
  "num__V2": -0.2541434800040497,
  "num__V3": -2.867333283326581,
  "num__V4": 4.412421384314792,
  "num__V5": -2.386120880919505,
  "num__V6": 0.8405703468463224,
  "num__V7": 1.5672501586433396,
  "num__V8": 0.3783536236730902,
  "num__V9": -3.387412727481995,
  "num__V10": -1.312474424848778,
  "num__V11": 1.909614200781257,
  "num__V12": -2.9154679635920613,
  "num__V13": -0.3417032214346103,
  "num__V14": -1.9127344112130096,
  "num__V15": -0.8745203761292523,
  "num__V16": -3.364900425179637,
  "num__V17": -5.436536317434486,
  "num__V18": -1.471687995993802,
  "num__V19": 2.093562866398956,
  "num__V20": 3.2110909436312767,
  "num__V21": 1.7072431134720216,
  "num__V22": 0.9609160844740198,
  "num__V23": 3.7117380964667865,
  "num__V24": -0.1166061825057045,
  "num__V25": 0.9728243791338488,
  "num__V26": 1.0955918985512323,
  "num__V27": -0.3497811280417029,
  "num__V28": -0.0374963300266952,
  "num__Amount": 3.641858945399251,
  "num__ip_reputation": 0.3239894870334804,
  "num__txn_count_5m": 1.4723095227926413,
  "num__txn_count_30m": 1.4696745353007232,
  "num__txn_count_60m": 1.4630787923575193,
  "num__avg_amount_7d": 0.8724251084515791,
  "num__account_age_days": -1.021528399568243,
  "num__token_age_days": 0.2671145740398224,
  "num__avg_spend_user_30d": 0.4160739514211024,
  "num__geo_distance_km": -0.6360136645756813,
  "num__amount_zscore": 2.2108853445375853,
  "cat__device_os_Android": 0.0,
  "cat__device_os_MacOS": 0.0,
  "cat__device_os_Windows": 1.0,
  "cat__device_os_iOS": 0.0,
  "cat__browser_Chrome": 0.0,
  "cat__browser_Edge": 0.0,
  "cat__browser_Firefox": 0.0,
  "cat__browser_Safari": 1.0,
  "cat__is_new_device_False": 1.0,
  "cat__is_new_device_True": 0.0,
  "cat__ip_country_AU": 0.0,
  "cat__ip_country_BR": 0.0,
  "cat__ip_country_CA": 0.0,
  "cat__ip_country_DE": 1.0,
  "cat__ip_country_ES": 0.0,
  "cat__ip_country_FR": 0.0,
  "cat__ip_country_GB": 0.0,
  "cat__ip_country_IE": 0.0,
  "cat__ip_country_IN": 0.0,
  "cat__ip_country_IT": 0.0,
  "cat__ip_country_NL": 0.0,
  "cat__ip_country_PL": 0.0,
  "cat__ip_country_PT": 0.0,
  "cat__ip_country_SE": 0.0,
  "cat__ip_country_US": 0.0,
  "cat__is_proxy_vpn_False": 1.0,
  "cat__is_proxy_vpn_True": 0.0,
  "cat__billing_country_AU": 0.0,
  "cat__billing_country_BR": 0.0,
  "cat__billing_country_CA": 0.0,
  "cat__billing_country_DE": 0.0,
  "cat__billing_country_ES": 0.0,
  "cat__billing_country_FR": 0.0,
  "cat__billing_country_GB": 0.0,
  "cat__billing_country_IE": 0.0,
  "cat__billing_country_IN": 0.0,
  "cat__billing_country_IT": 0.0,
  "cat__billing_country_NL": 0.0,
  "cat__billing_country_PL": 0.0,
  "cat__billing_country_PT": 1.0,
  "cat__billing_country_SE": 0.0,
  "cat__billing_country_US": 0.0,
  "cat__shipping_country_AU": 0.0,
  "cat__shipping_country_BR": 0.0,
  "cat__shipping_country_CA": 0.0,
  "cat__shipping_country_DE": 0.0,
  "cat__shipping_country_ES": 0.0,
  "cat__shipping_country_FR": 0.0,
  "cat__shipping_country_GB": 0.0,
  "cat__shipping_country_IE": 0.0,
  "cat__shipping_country_IN": 0.0,
  "cat__shipping_country_IT": 0.0,
  "cat__shipping_country_NL": 0.0,
  "cat__shipping_country_PL": 1.0,
  "cat__shipping_country_PT": 0.0,
  "cat__shipping_country_SE": 0.0,
  "cat__shipping_country_US": 0.0,
  "cat__country_mismatch_False": 0.0,
  "cat__country_mismatch_True": 1.0,
  "cat__night_txn_False": 1.0,
  "cat__night_txn_True": 0.0,
  "cat__weekend_txn_False": 1.0,
  "cat__weekend_txn_True": 0.0
}