{
  "num__V1": 1.1534156839920071,
  "num__V2": -0.1375248659586396,
  "num__V3": -0.7123526982960187,
  "num__V4": 0.1277058226956128,
  "num__V5": 0.0849125114069816,
  "num__V6": 0.0768767437471612,
  "num__V7": -0.3957952599556995,
  "num__V8": -0.0479119445769246,
  "num__V9": 0.7344885019105535,
  "num__V10": 0.0592088626750096,
  "num__V11": -1.330438869303125,
  "num__V12": 0.7615540451235013,
  "num__V13": 1.745342582569463,
  "num__V14": -0.4899471844436709,
  "num__V15": 0.7383546832375539,
  "num__V16": 0.7825859590284966,
  "num__V17": -1.220696881802786,
  "num__V18": 0.303630250620568,
  "num__V19": -0.2102930295311814,
  "num__V20": -0.1092734433860105,
  "num__V21": 0.2193564283922834,
  "num__V22": 0.9772858243131468,
  "num__V23": 0.2062558927616849,
  "num__V24": 0.1726091291058338,
  "num__V25": -0.3567587047147894,
  "num__V26": 0.7289696347455392,
  "num__V27": -0.0236002486375138,
  "num__V28": -0.1409734838556458,
  "num__Amount": -0.3606156211444295,
  "num__ip_reputation": -1.094055312942516,
  "num__txn_count_5m": -0.7827457849133089,
  "num__txn_count_30m": -0.782042640415279,
  "num__txn_count_60m": -0.7798141786807419,
  "num__avg_amount_7d": -0.4534913532274431,
  "num__account_age_days": -0.271325370974356,
  "num__token_age_days": 1.7152105720051476,
  "num__avg_spend_user_30d": -0.3384455950507455,
  "num__geo_distance_km": 0.2950757217319459,
  "num__amount_zscore": -1.5240625019952525,
  "cat__device_os_Android": 0.0,
  "cat__device_os_MacOS": 0.0,
  "cat__device_os_Windows": 0.0,
  "cat__device_os_iOS": 1.0,
  "cat__browser_Chrome": 0.0,
  "cat__browser_Edge": 0.0,
  "cat__browser_Firefox": 0.0,
  "cat__browser_Safari": 1.0,
  "cat__is_new_device_False": 1.0,
  "cat__is_new_device_True": 0.0,
  "cat__ip_country_AU": 0.0,
  "cat__ip_country_BR": 0.0,
  "cat__ip_country_CA": 0.0,
  "cat__ip_country_DE": 0.0,
  "cat__ip_country_ES": 0.0,
  "cat__ip_country_FR": 0.0,
  "cat__ip_country_GB": 0.0,
  "cat__ip_country_IE": 0.0,
  "cat__ip_country_IN": 0.0,
  "cat__ip_country_IT": 0.0,
  "cat__ip_country_NL": 1.0,
  "cat__ip_country_PL": 0.0,
  "cat__ip_country_PT": 0.0,
  "cat__ip_country_SE": 0.0,
  "cat__ip_country_US": 0.0,
  "cat__is_proxy_vpn_False": 1.0,
  "cat__is_proxy_vpn_True": 0.0,
  "cat__billing_country_AU": 0.0,
  "cat__billing_country_BR": 0.0,
  "cat__billing_country_CA": 0.0,
  "cat__billing_country_DE": 0.0,
  "cat__billing_country_ES": 0.0,
  "cat__billing_country_FR": 0.0,
  "cat__billing_country_GB": 0.0,
  "cat__billing_country_IE": 0.0,
  "cat__billing_country_IN": 0.0,
  "cat__billing_country_IT": 0.0,
  "cat__billing_country_NL": 0.0,
  "cat__billing_country_PL": 1.0,
  "cat__billing_country_PT": 0.0,
  "cat__billing_country_SE": 0.0,
  "cat__billing_country_US": 0.0,
  "cat__shipping_country_AU": 0.0,
  "cat__shipping_country_BR": 0.0,
  "cat__shipping_country_CA": 1.0,
  "cat__shipping_country_DE": 0.0,
  "cat__shipping_country_ES": 0.0,
  "cat__shipping_country_FR": 0.0,
  "cat__shipping_country_GB": 0.0,
  "cat__shipping_country_IE": 0.0,
  "cat__shipping_country_IN": 0.0,
  "cat__shipping_country_IT": 0.0,
  "cat__shipping_country_NL": 0.0,
  "cat__shipping_country_PL": 0.0,
  "cat__shipping_country_PT": 0.0,
  "cat__shipping_country_SE": 0.0,
  "cat__shipping_country_US": 0.0,
  "cat__country_mismatch_False": 0.0,
  "cat__country_mismatch_True": 1.0,
  "cat__night_txn_False": 1.0,
  "cat__night_txn_True": 0.0,
  "cat__weekend_txn_False": 1.0,
  "cat__weekend_txn_True": 0.0
}