{
  "db_path": "artifacts/stores/inference_store.sqlite",
  "train_base_rows": 397960,
  "feedback_rows": 5,
  "combined_rows": 397965,
  "val": {
    "rows": 42721,
    "fraud_rate": 0.001310830738980829,
    "roc_auc": 0.9979612763891447,
    "pr_auc": 0.9017066342218041,
    "f1@0.5": 0.8867924528301887
  },
  "test": {
    "rows": 42722,
    "fraud_rate": 0.0012171714807359207,
    "roc_auc": 0.9947265237691767,
    "pr_auc": 0.8408355155418017,
    "f1@0.5": 0.8155339805825242
  },
  "model_path": "artifacts/models/xgb_model_feedback.pkl"
}