run_name,endpoint,method,requests,failures,failure_rate,rps,avg_ms,min_ms,max_ms,p50_ms,p90_ms,p95_ms,p99_ms,status,notes
run1,Aggregated,UNKNOWN,25034,13100,0.5232883278740912,210.16614633233934,923.4078394115685,0.4002499999842257,5337.4277909997545,1100.0,1700.0,2000.0,2600.0,degraded,Failure rate 52.33% > 1% threshold
run2,Aggregated,UNKNOWN,23930,0,0.0,200.8825869850716,968.9424038725881,51.62266699971951,1323.069416999715,980.0,1000.0,1100.0,1100.0,healthy,
run3,Aggregated,UNKNOWN,108163,12385,0.11450311104536672,905.6608335803911,416.5371258810417,0.43295800060150214,7861.46374999953,160.0,1300.0,1400.0,1700.0,degraded,Failure rate 11.45% > 1% threshold
