Type,Name,Request Count,Failure Count,Median Response Time,Average Response Time,Min Response Time,Max Response Time,Average Content Size,Requests/s,Failures/s,50%,66%,75%,80%,90%,95%,98%,99%,99.9%,99.99%,100%
POST,/preauth/decision,108163,12385,160.0,416.5371258810417,0.43295800060150214,7861.46374999953,51.49648216118266,905.6608335803911,103.70098299689491,160,270,420,1100,1300,1400,1600,1700,7800,7900,7900
,Aggregated,108163,12385,160.0,416.5371258810417,0.43295800060150214,7861.46374999953,51.49648216118266,905.6608335803911,103.70098299689491,160,270,420,1100,1300,1400,1600,1700,7800,7900,7900
