{
  "meta": {
    "source": "demo_sampling",
    "scenario": "review_late_night_purchase",
    "category": "review_legit"
  },
  "features": {
    "num__V1": 0.3770756635994149,
    "num__V2": 1.225161447537374,
    "num__V3": -0.6277580522939586,
    "num__V4": 3.481682227257135,
    "num__V5": 0.811991665769548,
    "num__V6": -0.2389480535575589,
    "num__V7": 0.5922371097797089,
    "num__V8": 0.0045505083282341,
    "num__V9": -1.4879743749752947,
    "num__V10": 0.6978883771247951,
    "num__V11": -0.6061509909994125,
    "num__V12": -1.418095264439286,
    "num__V13": -0.9685480124915562,
    "num__V14": -2.438340669143766,
    "num__V15": 0.6820164840441568,
    "num__V16": 0.8428951572894865,
    "num__V17": 2.59354243616046,
    "num__V18": 1.22559249586627,
    "num__V19": 1.0213908118776096,
    "num__V20": 0.2855559702105177,
    "num__V21": -0.5619048073855039,
    "num__V22": -1.4552000991724794,
    "num__V23": 0.2863447618214063,
    "num__V24": -0.7284528521863645,
    "num__V25": -1.6195220327876545,
    "num__V26": 0.1080187529756295,
    "num__V27": 0.765812993269147,
    "num__V28": 0.2488652191861506,
    "num__Amount": -0.3497281960994278,
    "num__ip_reputation": 0.8059166928932934,
    "num__txn_count_5m": 1.4723095227926413,
    "num__txn_count_30m": 1.4696745353007232,
    "num__txn_count_60m": 1.4630787923575193,
    "num__avg_amount_7d": -0.3146813393875213,
    "num__account_age_days": -0.8002703634852532,
    "num__token_age_days": -1.4838511751339367,
    "num__avg_spend_user_30d": -0.256383046189759,
    "num__geo_distance_km": 0.2769378863190974,
    "num__amount_zscore": -0.6901416621119955,
    "cat__device_os_Android": 0.0,
    "cat__device_os_MacOS": 1.0,
    "cat__device_os_Windows": 0.0,
    "cat__device_os_iOS": 0.0,
    "cat__browser_Chrome": 0.0,
    "cat__browser_Edge": 1.0,
    "cat__browser_Firefox": 0.0,
    "cat__browser_Safari": 0.0,
    "cat__is_new_device_False": 1.0,
    "cat__is_new_device_True": 0.0,
    "cat__ip_country_AU": 0.0,
    "cat__ip_country_BR": 0.0,
    "cat__ip_country_CA": 0.0,
    "cat__ip_country_DE": 0.0,
    "cat__ip_country_ES": 0.0,
    "cat__ip_country_FR": 0.0,
    "cat__ip_country_GB": 0.0,
    "cat__ip_country_IE": 0.0,
    "cat__ip_country_IN": 0.0,
    "cat__ip_country_IT": 0.0,
    "cat__ip_country_NL": 0.0,
    "cat__ip_country_PL": 0.0,
    "cat__ip_country_PT": 0.0,
    "cat__ip_country_SE": 1.0,
    "cat__ip_country_US": 0.0,
    "cat__is_proxy_vpn_False": 1.0,
    "cat__is_proxy_vpn_True": 0.0,
    "cat__billing_country_AU": 0.0,
    "cat__billing_country_BR": 0.0,
    "cat__billing_country_CA": 1.0,
    "cat__billing_country_DE": 0.0,
    "cat__billing_country_ES": 0.0,
    "cat__billing_country_FR": 0.0,
    "cat__billing_country_GB": 0.0,
    "cat__billing_country_IE": 0.0,
    "cat__billing_country_IN": 0.0,
    "cat__billing_country_IT": 0.0,
    "cat__billing_country_NL": 0.0,
    "cat__billing_country_PL": 0.0,
    "cat__billing_country_PT": 0.0,
    "cat__billing_country_SE": 0.0,
    "cat__billing_country_US": 0.0,
    "cat__shipping_country_AU": 0.0,
    "cat__shipping_country_BR": 0.0,
    "cat__shipping_country_CA": 0.0,
    "cat__shipping_country_DE": 0.0,
    "cat__shipping_country_ES": 0.0,
    "cat__shipping_country_FR": 1.0,
    "cat__shipping_country_GB": 0.0,
    "cat__shipping_country_IE": 0.0,
    "cat__shipping_country_IN": 0.0,
    "cat__shipping_country_IT": 0.0,
    "cat__shipping_country_NL": 0.0,
    "cat__shipping_country_PL": 0.0,
    "cat__shipping_country_PT": 0.0,
    "cat__shipping_country_SE": 0.0,
    "cat__shipping_country_US": 0.0,
    "cat__country_mismatch_False": 0.0,
    "cat__country_mismatch_True": 1.0,
    "cat__night_txn_False": 0.0,
    "cat__night_txn_True": 1.0,
    "cat__weekend_txn_False": 1.0,
    "cat__weekend_txn_True": 0.0
  }
}