{
  "meta": {
    "source": "demo_sampling",
    "scenario": "review_velocity_spike_small",
    "category": "review_legit"
  },
  "features": {
    "num__V1": 1.0258316107057333,
    "num__V2": 0.1598071937151686,
    "num__V3": 0.3918023064976234,
    "num__V4": 2.6598774417579243,
    "num__V5": -0.3709504255208847,
    "num__V6": 0.3064790974405434,
    "num__V7": -0.6549007086203188,
    "num__V8": 0.1155324710887238,
    "num__V9": -0.2776136450043365,
    "num__V10": 1.242948599701973,
    "num__V11": -1.073634375634415,
    "num__V12": 0.5338496455580652,
    "num__V13": 1.6501423322862836,
    "num__V14": -0.7482369016869505,
    "num__V15": 0.0390017206366551,
    "num__V16": 1.9610361932398344,
    "num__V17": -1.5489978041202015,
    "num__V18": 0.364583431608037,
    "num__V19": -2.533889457596767,
    "num__V20": -0.2404617142778712,
    "num__V21": 0.3712112698005886,
    "num__V22": 1.3040508606347103,
    "num__V23": 0.4476244885244063,
    "num__V24": 0.0660053009047389,
    "num__V25": -1.0881818832095251,
    "num__V26": -0.1148876385923057,
    "num__V27": 0.1303109130078068,
    "num__V28": -0.0475834448094547,
    "num__Amount": -0.333216271031178,
    "num__ip_reputation": 1.7281658782077556,
    "num__txn_count_5m": -0.9392949418959706,
    "num__txn_count_30m": -0.9384511684983348,
    "num__txn_count_60m": -0.9357770144168902,
    "num__avg_amount_7d": -0.4192903310313353,
    "num__account_age_days": -1.6127022147274808,
    "num__token_age_days": -0.2155840919486192,
    "num__avg_spend_user_30d": -0.2604861736328084,
    "num__geo_distance_km": 0.5721031415558777,
    "num__amount_zscore": -0.8847969244720131,
    "cat__device_os_Android": 1.0,
    "cat__device_os_MacOS": 0.0,
    "cat__device_os_Windows": 0.0,
    "cat__device_os_iOS": 0.0,
    "cat__browser_Chrome": 1.0,
    "cat__browser_Edge": 0.0,
    "cat__browser_Firefox": 0.0,
    "cat__browser_Safari": 0.0,
    "cat__is_new_device_False": 1.0,
    "cat__is_new_device_True": 0.0,
    "cat__ip_country_AU": 0.0,
    "cat__ip_country_BR": 0.0,
    "cat__ip_country_CA": 0.0,
    "cat__ip_country_DE": 0.0,
    "cat__ip_country_ES": 0.0,
    "cat__ip_country_FR": 0.0,
    "cat__ip_country_GB": 0.0,
    "cat__ip_country_IE": 0.0,
    "cat__ip_country_IN": 1.0,
    "cat__ip_country_IT": 0.0,
    "cat__ip_country_NL": 0.0,
    "cat__ip_country_PL": 0.0,
    "cat__ip_country_PT": 0.0,
    "cat__ip_country_SE": 0.0,
    "cat__ip_country_US": 0.0,
    "cat__is_proxy_vpn_False": 0.0,
    "cat__is_proxy_vpn_True": 1.0,
    "cat__billing_country_AU": 0.0,
    "cat__billing_country_BR": 0.0,
    "cat__billing_country_CA": 0.0,
    "cat__billing_country_DE": 0.0,
    "cat__billing_country_ES": 0.0,
    "cat__billing_country_FR": 0.0,
    "cat__billing_country_GB": 0.0,
    "cat__billing_country_IE": 0.0,
    "cat__billing_country_IN": 0.0,
    "cat__billing_country_IT": 0.0,
    "cat__billing_country_NL": 0.0,
    "cat__billing_country_PL": 0.0,
    "cat__billing_country_PT": 1.0,
    "cat__billing_country_SE": 0.0,
    "cat__billing_country_US": 0.0,
    "cat__shipping_country_AU": 0.0,
    "cat__shipping_country_BR": 0.0,
    "cat__shipping_country_CA": 0.0,
    "cat__shipping_country_DE": 0.0,
    "cat__shipping_country_ES": 0.0,
    "cat__shipping_country_FR": 0.0,
    "cat__shipping_country_GB": 0.0,
    "cat__shipping_country_IE": 0.0,
    "cat__shipping_country_IN": 1.0,
    "cat__shipping_country_IT": 0.0,
    "cat__shipping_country_NL": 0.0,
    "cat__shipping_country_PL": 0.0,
    "cat__shipping_country_PT": 0.0,
    "cat__shipping_country_SE": 0.0,
    "cat__shipping_country_US": 0.0,
    "cat__country_mismatch_False": 0.0,
    "cat__country_mismatch_True": 1.0,
    "cat__night_txn_False": 1.0,
    "cat__night_txn_True": 0.0,
    "cat__weekend_txn_False": 1.0,
    "cat__weekend_txn_True": 0.0
  }
}