{
  "meta": {
    "source": "demo_sampling",
    "scenario": "review_amount_spike_moderate",
    "category": "review_legit"
  },
  "features": {
    "num__V1": 1.0997324845438134,
    "num__V2": -0.0451616488702324,
    "num__V3": -1.3502546618719369,
    "num__V4": 0.4543066303745243,
    "num__V5": 0.0465812718877525,
    "num__V6": -0.7459374364835791,
    "num__V7": -0.0783209026986752,
    "num__V8": -0.027822903199451,
    "num__V9": 0.7294140957912443,
    "num__V10": -0.4073626101344857,
    "num__V11": 0.7761258108984153,
    "num__V12": -0.0621802521430058,
    "num__V13": -2.0895722599391973,
    "num__V14": -1.2109413456791578,
    "num__V15": -1.0238491765005948,
    "num__V16": 0.3592794900912762,
    "num__V17": 1.29815694619606,
    "num__V18": 0.970471615863976,
    "num__V19": 0.1091953180466752,
    "num__V20": -0.4295113754803843,
    "num__V21": 0.0323620663346431,
    "num__V22": 0.4024512139603254,
    "num__V23": 0.1319089437664964,
    "num__V24": -0.1741510048003558,
    "num__V25": -0.1804696168983421,
    "num__V26": 1.267634505087341,
    "num__V27": -0.1385795162980276,
    "num__V28": -0.1466107746623376,
    "num__Amount": -0.3972438917439085,
    "num__ip_reputation": 1.66575803860001,
    "num__txn_count_5m": 2.223994625361291,
    "num__txn_count_30m": 2.220246927206057,
    "num__txn_count_60m": 2.2107097827036064,
    "num__avg_amount_7d": -0.1518503730081044,
    "num__account_age_days": -1.5159018239411728,
    "num__token_age_days": -1.6447507304634172,
    "num__avg_spend_user_30d": -0.2860167443895597,
    "num__geo_distance_km": 0.4315245407702522,
    "num__amount_zscore": -0.6868236746854042,
    "cat__device_os_Android": 0.0,
    "cat__device_os_MacOS": 1.0,
    "cat__device_os_Windows": 0.0,
    "cat__device_os_iOS": 0.0,
    "cat__browser_Chrome": 1.0,
    "cat__browser_Edge": 0.0,
    "cat__browser_Firefox": 0.0,
    "cat__browser_Safari": 0.0,
    "cat__is_new_device_False": 0.0,
    "cat__is_new_device_True": 1.0,
    "cat__ip_country_AU": 0.0,
    "cat__ip_country_BR": 0.0,
    "cat__ip_country_CA": 0.0,
    "cat__ip_country_DE": 0.0,
    "cat__ip_country_ES": 1.0,
    "cat__ip_country_FR": 0.0,
    "cat__ip_country_GB": 0.0,
    "cat__ip_country_IE": 0.0,
    "cat__ip_country_IN": 0.0,
    "cat__ip_country_IT": 0.0,
    "cat__ip_country_NL": 0.0,
    "cat__ip_country_PL": 0.0,
    "cat__ip_country_PT": 0.0,
    "cat__ip_country_SE": 0.0,
    "cat__ip_country_US": 0.0,
    "cat__is_proxy_vpn_False": 0.0,
    "cat__is_proxy_vpn_True": 1.0,
    "cat__billing_country_AU": 0.0,
    "cat__billing_country_BR": 0.0,
    "cat__billing_country_CA": 0.0,
    "cat__billing_country_DE": 0.0,
    "cat__billing_country_ES": 0.0,
    "cat__billing_country_FR": 0.0,
    "cat__billing_country_GB": 0.0,
    "cat__billing_country_IE": 0.0,
    "cat__billing_country_IN": 1.0,
    "cat__billing_country_IT": 0.0,
    "cat__billing_country_NL": 0.0,
    "cat__billing_country_PL": 0.0,
    "cat__billing_country_PT": 0.0,
    "cat__billing_country_SE": 0.0,
    "cat__billing_country_US": 0.0,
    "cat__shipping_country_AU": 0.0,
    "cat__shipping_country_BR": 0.0,
    "cat__shipping_country_CA": 0.0,
    "cat__shipping_country_DE": 1.0,
    "cat__shipping_country_ES": 0.0,
    "cat__shipping_country_FR": 0.0,
    "cat__shipping_country_GB": 0.0,
    "cat__shipping_country_IE": 0.0,
    "cat__shipping_country_IN": 0.0,
    "cat__shipping_country_IT": 0.0,
    "cat__shipping_country_NL": 0.0,
    "cat__shipping_country_PL": 0.0,
    "cat__shipping_country_PT": 0.0,
    "cat__shipping_country_SE": 0.0,
    "cat__shipping_country_US": 0.0,
    "cat__country_mismatch_False": 0.0,
    "cat__country_mismatch_True": 1.0,
    "cat__night_txn_False": 1.0,
    "cat__night_txn_True": 0.0,
    "cat__weekend_txn_False": 1.0,
    "cat__weekend_txn_True": 0.0
  }
}