{
  "meta": {
    "source": "demo_sampling",
    "scenario": "approve_low_ip_risk",
    "category": "approve"
  },
  "features": {
    "num__V1": 1.0342452514369267,
    "num__V2": 0.2048443600823951,
    "num__V3": -2.339380558073684,
    "num__V4": 0.4307268436443311,
    "num__V5": 0.7688706032917185,
    "num__V6": -1.1142111662642245,
    "num__V7": 0.5628708858396738,
    "num__V8": -0.2474706404798816,
    "num__V9": 0.2959846363789478,
    "num__V10": -1.2104579261502022,
    "num__V11": 1.4201070668901967,
    "num__V12": 0.0979608905400482,
    "num__V13": -0.9454448009076066,
    "num__V14": -2.5567470321982437,
    "num__V15": 0.1002018935636602,
    "num__V16": 0.8385134934547905,
    "num__V17": 2.2080650168961373,
    "num__V18": 2.1555379952781153,
    "num__V19": -0.1510538679021303,
    "num__V20": -0.0445832136637624,
    "num__V21": 0.0279505604817935,
    "num__V22": 0.0447657893480055,
    "num__V23": -0.2288080767967766,
    "num__V24": -1.1379384351310344,
    "num__V25": 0.5266468503208936,
    "num__V26": -1.0744988455018132,
    "num__V27": 0.021520191911081,
    "num__V28": 0.0408685395134862,
    "num__Amount": 0.0147795804072151,
    "num__ip_reputation": -0.26830955329801165,
    "num__txn_count_5m": -0.7827457849133089,
    "num__txn_count_30m": -0.782042640415279,
    "num__txn_count_60m": -0.7798141786807419,
    "num__avg_amount_7d": 0.0150927397350675,
    "num__account_age_days": 0.4823348144333275,
    "num__token_age_days": -0.1398666541465107,
    "num__avg_spend_user_30d": 1.1594238731868718,
    "num__geo_distance_km": -1.1586904640127584,
    "num__amount_zscore": 1.8248928072441413,
    "cat__device_os_Android": 0.0,
    "cat__device_os_MacOS": 0.0,
    "cat__device_os_Windows": 0.0,
    "cat__device_os_iOS": 1.0,
    "cat__browser_Chrome": 0.0,
    "cat__browser_Edge": 0.0,
    "cat__browser_Firefox": 1.0,
    "cat__browser_Safari": 0.0,
    "cat__is_new_device_False": 1.0,
    "cat__is_new_device_True": 0.0,
    "cat__ip_country_AU": 0.0,
    "cat__ip_country_BR": 0.0,
    "cat__ip_country_CA": 0.0,
    "cat__ip_country_DE": 1.0,
    "cat__ip_country_ES": 0.0,
    "cat__ip_country_FR": 0.0,
    "cat__ip_country_GB": 0.0,
    "cat__ip_country_IE": 0.0,
    "cat__ip_country_IN": 0.0,
    "cat__ip_country_IT": 0.0,
    "cat__ip_country_NL": 0.0,
    "cat__ip_country_PL": 0.0,
    "cat__ip_country_PT": 0.0,
    "cat__ip_country_SE": 0.0,
    "cat__ip_country_US": 0.0,
    "cat__is_proxy_vpn_False": 1.0,
    "cat__is_proxy_vpn_True": 0.0,
    "cat__billing_country_AU": 0.0,
    "cat__billing_country_BR": 0.0,
    "cat__billing_country_CA": 0.0,
    "cat__billing_country_DE": 0.0,
    "cat__billing_country_ES": 0.0,
    "cat__billing_country_FR": 0.0,
    "cat__billing_country_GB": 0.0,
    "cat__billing_country_IE": 0.0,
    "cat__billing_country_IN": 0.0,
    "cat__billing_country_IT": 0.0,
    "cat__billing_country_NL": 0.0,
    "cat__billing_country_PL": 0.0,
    "cat__billing_country_PT": 0.0,
    "cat__billing_country_SE": 0.0,
    "cat__billing_country_US": 1.0,
    "cat__shipping_country_AU": 0.0,
    "cat__shipping_country_BR": 0.0,
    "cat__shipping_country_CA": 0.0,
    "cat__shipping_country_DE": 0.0,
    "cat__shipping_country_ES": 0.0,
    "cat__shipping_country_FR": 0.0,
    "cat__shipping_country_GB": 0.0,
    "cat__shipping_country_IE": 0.0,
    "cat__shipping_country_IN": 0.0,
    "cat__shipping_country_IT": 0.0,
    "cat__shipping_country_NL": 0.0,
    "cat__shipping_country_PL": 0.0,
    "cat__shipping_country_PT": 0.0,
    "cat__shipping_country_SE": 0.0,
    "cat__shipping_country_US": 1.0,
    "cat__country_mismatch_False": 1.0,
    "cat__country_mismatch_True": 0.0,
    "cat__night_txn_False": 1.0,
    "cat__night_txn_True": 0.0,
    "cat__weekend_txn_False": 1.0,
    "cat__weekend_txn_True": 0.0
  }
}