{
  "meta": {
    "source": "demo_sampling",
    "scenario": "approve_regular_spend_pattern",
    "category": "approve"
  },
  "features": {
    "num__V1": -0.5682998941574526,
    "num__V2": -0.1334115810669021,
    "num__V3": 1.3421030050534146,
    "num__V4": -1.677873560473306,
    "num__V5": -0.5018150641573641,
    "num__V6": 1.3573125843020124,
    "num__V7": -1.1646725809782887,
    "num__V8": 0.9512341591056976,
    "num__V9": 0.1419647863348377,
    "num__V10": -0.6214749616432986,
    "num__V11": -1.2334477759613232,
    "num__V12": 0.5709939675845321,
    "num__V13": 1.0006420806145944,
    "num__V14": -1.7752759210808124,
    "num__V15": -3.3877586820647707,
    "num__V16": 1.6569132886138953,
    "num__V17": -0.0735405176523948,
    "num__V18": -0.2411379749373025,
    "num__V19": 1.250710597201341,
    "num__V20": 0.2426534690945014,
    "num__V21": 0.3852906301874862,
    "num__V22": 1.6028404730955346,
    "num__V23": -0.9553573806221874,
    "num__V24": -0.4220842554652662,
    "num__V25": 1.6740503924443664,
    "num__V26": 0.172498315394236,
    "num__V27": 0.5577581216359283,
    "num__V28": 0.1059462806498195,
    "num__Amount": -0.3413717960648878,
    "num__ip_reputation": -0.6259965158844242,
    "num__txn_count_5m": -0.7827457849133089,
    "num__txn_count_30m": -0.782042640415279,
    "num__txn_count_60m": -0.7798141786807419,
    "num__avg_amount_7d": -0.429470400687948,
    "num__account_age_days": 0.2852768760469149,
    "num__token_age_days": 1.5921697355767213,
    "num__avg_spend_user_30d": -0.5298917692216227,
    "num__geo_distance_km": -1.1586904640127584,
    "num__amount_zscore": -2.7738102387101845e-07,
    "cat__device_os_Android": 0.0,
    "cat__device_os_MacOS": 0.0,
    "cat__device_os_Windows": 0.0,
    "cat__device_os_iOS": 1.0,
    "cat__browser_Chrome": 0.0,
    "cat__browser_Edge": 1.0,
    "cat__browser_Firefox": 0.0,
    "cat__browser_Safari": 0.0,
    "cat__is_new_device_False": 1.0,
    "cat__is_new_device_True": 0.0,
    "cat__ip_country_AU": 0.0,
    "cat__ip_country_BR": 0.0,
    "cat__ip_country_CA": 0.0,
    "cat__ip_country_DE": 0.0,
    "cat__ip_country_ES": 0.0,
    "cat__ip_country_FR": 0.0,
    "cat__ip_country_GB": 0.0,
    "cat__ip_country_IE": 0.0,
    "cat__ip_country_IN": 0.0,
    "cat__ip_country_IT": 1.0,
    "cat__ip_country_NL": 0.0,
    "cat__ip_country_PL": 0.0,
    "cat__ip_country_PT": 0.0,
    "cat__ip_country_SE": 0.0,
    "cat__ip_country_US": 0.0,
    "cat__is_proxy_vpn_False": 1.0,
    "cat__is_proxy_vpn_True": 0.0,
    "cat__billing_country_AU": 0.0,
    "cat__billing_country_BR": 0.0,
    "cat__billing_country_CA": 0.0,
    "cat__billing_country_DE": 0.0,
    "cat__billing_country_ES": 0.0,
    "cat__billing_country_FR": 0.0,
    "cat__billing_country_GB": 0.0,
    "cat__billing_country_IE": 0.0,
    "cat__billing_country_IN": 0.0,
    "cat__billing_country_IT": 0.0,
    "cat__billing_country_NL": 0.0,
    "cat__billing_country_PL": 1.0,
    "cat__billing_country_PT": 0.0,
    "cat__billing_country_SE": 0.0,
    "cat__billing_country_US": 0.0,
    "cat__shipping_country_AU": 0.0,
    "cat__shipping_country_BR": 0.0,
    "cat__shipping_country_CA": 0.0,
    "cat__shipping_country_DE": 0.0,
    "cat__shipping_country_ES": 0.0,
    "cat__shipping_country_FR": 0.0,
    "cat__shipping_country_GB": 0.0,
    "cat__shipping_country_IE": 0.0,
    "cat__shipping_country_IN": 0.0,
    "cat__shipping_country_IT": 0.0,
    "cat__shipping_country_NL": 0.0,
    "cat__shipping_country_PL": 1.0,
    "cat__shipping_country_PT": 0.0,
    "cat__shipping_country_SE": 0.0,
    "cat__shipping_country_US": 0.0,
    "cat__country_mismatch_False": 1.0,
    "cat__country_mismatch_True": 0.0,
    "cat__night_txn_False": 1.0,
    "cat__night_txn_True": 0.0,
    "cat__weekend_txn_False": 1.0,
    "cat__weekend_txn_True": 0.0
  }
}