{
  "meta": {
    "source": "demo_sampling",
    "scenario": "approve_low_velocity",
    "category": "approve"
  },
  "features": {
    "num__V1": 1.0877583348692927,
    "num__V2": -0.9791379136851096,
    "num__V3": -0.4372105910124038,
    "num__V4": -0.9313599615498156,
    "num__V5": -0.7175470353742243,
    "num__V6": 0.7329926253129981,
    "num__V7": -1.2735406023399751,
    "num__V8": 0.2297240254074175,
    "num__V9": 0.2254081403405121,
    "num__V10": 0.731656048712736,
    "num__V11": -0.3255748711101264,
    "num__V12": 0.818060733432073,
    "num__V13": 1.5994139709945343,
    "num__V14": -0.803202852482509,
    "num__V15": 0.0733042449208123,
    "num__V16": -0.1617469826279388,
    "num__V17": -1.2718445729102985,
    "num__V18": 2.799803206542362,
    "num__V19": -0.4372330008994936,
    "num__V20": -0.301481415771366,
    "num__V21": -0.1612706015847893,
    "num__V22": 0.1032313613764673,
    "num__V23": 0.2752808113487486,
    "num__V24": -0.4684407412046567,
    "num__V25": -1.5183345646178987,
    "num__V26": 2.540707457020881,
    "num__V27": -0.1048363868855108,
    "num__V28": -0.1153371711762937,
    "num__Amount": 0.0692167056322235,
    "num__ip_reputation": -1.2362065031601586,
    "num__txn_count_5m": -0.5479220494393162,
    "num__txn_count_30m": -0.5474298482906953,
    "num__txn_count_60m": -0.5458699250765193,
    "num__avg_amount_7d": 0.083043450989798,
    "num__account_age_days": 1.439967251855017,
    "num__token_age_days": 0.9107127953577449,
    "num__avg_spend_user_30d": -0.4471784722915526,
    "num__geo_distance_km": -0.8596859644380181,
    "num__amount_zscore": 1.1059955314827126,
    "cat__device_os_Android": 0.0,
    "cat__device_os_MacOS": 0.0,
    "cat__device_os_Windows": 0.0,
    "cat__device_os_iOS": 1.0,
    "cat__browser_Chrome": 0.0,
    "cat__browser_Edge": 0.0,
    "cat__browser_Firefox": 0.0,
    "cat__browser_Safari": 1.0,
    "cat__is_new_device_False": 1.0,
    "cat__is_new_device_True": 0.0,
    "cat__ip_country_AU": 0.0,
    "cat__ip_country_BR": 0.0,
    "cat__ip_country_CA": 0.0,
    "cat__ip_country_DE": 1.0,
    "cat__ip_country_ES": 0.0,
    "cat__ip_country_FR": 0.0,
    "cat__ip_country_GB": 0.0,
    "cat__ip_country_IE": 0.0,
    "cat__ip_country_IN": 0.0,
    "cat__ip_country_IT": 0.0,
    "cat__ip_country_NL": 0.0,
    "cat__ip_country_PL": 0.0,
    "cat__ip_country_PT": 0.0,
    "cat__ip_country_SE": 0.0,
    "cat__ip_country_US": 0.0,
    "cat__is_proxy_vpn_False": 1.0,
    "cat__is_proxy_vpn_True": 0.0,
    "cat__billing_country_AU": 0.0,
    "cat__billing_country_BR": 0.0,
    "cat__billing_country_CA": 0.0,
    "cat__billing_country_DE": 0.0,
    "cat__billing_country_ES": 1.0,
    "cat__billing_country_FR": 0.0,
    "cat__billing_country_GB": 0.0,
    "cat__billing_country_IE": 0.0,
    "cat__billing_country_IN": 0.0,
    "cat__billing_country_IT": 0.0,
    "cat__billing_country_NL": 0.0,
    "cat__billing_country_PL": 0.0,
    "cat__billing_country_PT": 0.0,
    "cat__billing_country_SE": 0.0,
    "cat__billing_country_US": 0.0,
    "cat__shipping_country_AU": 0.0,
    "cat__shipping_country_BR": 0.0,
    "cat__shipping_country_CA": 0.0,
    "cat__shipping_country_DE": 0.0,
    "cat__shipping_country_ES": 0.0,
    "cat__shipping_country_FR": 0.0,
    "cat__shipping_country_GB": 0.0,
    "cat__shipping_country_IE": 1.0,
    "cat__shipping_country_IN": 0.0,
    "cat__shipping_country_IT": 0.0,
    "cat__shipping_country_NL": 0.0,
    "cat__shipping_country_PL": 0.0,
    "cat__shipping_country_PT": 0.0,
    "cat__shipping_country_SE": 0.0,
    "cat__shipping_country_US": 0.0,
    "cat__country_mismatch_False": 0.0,
    "cat__country_mismatch_True": 1.0,
    "cat__night_txn_False": 1.0,
    "cat__night_txn_True": 0.0,
    "cat__weekend_txn_False": 1.0,
    "cat__weekend_txn_True": 0.0
  }
}