{
  "meta": {
    "source": "demo_sampling",
    "scenario": "approve_daytime_purchase",
    "category": "approve"
  },
  "features": {
    "num__V1": -0.6431003880400044,
    "num__V2": 0.6529884639824795,
    "num__V3": 0.4130059881237075,
    "num__V4": -1.0816958823237,
    "num__V5": 0.4273216609984059,
    "num__V6": 0.5511058374320184,
    "num__V7": 0.686002081246762,
    "num__V8": 0.2495873626853857,
    "num__V9": 0.2568477953308342,
    "num__V10": -0.8590844397296818,
    "num__V11": -0.4757598501181699,
    "num__V12": 1.1079204656677732,
    "num__V13": 0.9567940676419426,
    "num__V14": -0.2836053898411524,
    "num__V15": -0.9222720789173466,
    "num__V16": 0.1066482723259053,
    "num__V17": -1.0938668953464294,
    "num__V18": 0.4670837405048674,
    "num__V19": 1.4316852433030864,
    "num__V20": -0.0002597853541151,
    "num__V21": -0.5949738719399695,
    "num__V22": -1.4036229724196736,
    "num__V23": -0.4845056615686001,
    "num__V24": -2.462314025616754,
    "num__V25": 1.293385521767958,
    "num__V26": -1.8724334977058592,
    "num__V27": -0.4594968806015258,
    "num__V28": -0.6695440643968175,
    "num__Amount": -0.1010851200716957,
    "num__ip_reputation": -1.343686671373498,
    "num__txn_count_5m": -0.7827457849133089,
    "num__txn_count_30m": -0.782042640415279,
    "num__txn_count_60m": -0.7798141786807419,
    "num__avg_amount_7d": -0.1295344567657759,
    "num__account_age_days": 1.056222845523582,
    "num__token_age_days": 0.9391068345335356,
    "num__avg_spend_user_30d": -0.2862446959141736,
    "num__geo_distance_km": -0.9756518961165056,
    "num__amount_zscore": 1.1059955314827126,
    "cat__device_os_Android": 0.0,
    "cat__device_os_MacOS": 0.0,
    "cat__device_os_Windows": 0.0,
    "cat__device_os_iOS": 1.0,
    "cat__browser_Chrome": 0.0,
    "cat__browser_Edge": 0.0,
    "cat__browser_Firefox": 0.0,
    "cat__browser_Safari": 1.0,
    "cat__is_new_device_False": 1.0,
    "cat__is_new_device_True": 0.0,
    "cat__ip_country_AU": 0.0,
    "cat__ip_country_BR": 0.0,
    "cat__ip_country_CA": 0.0,
    "cat__ip_country_DE": 0.0,
    "cat__ip_country_ES": 0.0,
    "cat__ip_country_FR": 0.0,
    "cat__ip_country_GB": 0.0,
    "cat__ip_country_IE": 1.0,
    "cat__ip_country_IN": 0.0,
    "cat__ip_country_IT": 0.0,
    "cat__ip_country_NL": 0.0,
    "cat__ip_country_PL": 0.0,
    "cat__ip_country_PT": 0.0,
    "cat__ip_country_SE": 0.0,
    "cat__ip_country_US": 0.0,
    "cat__is_proxy_vpn_False": 1.0,
    "cat__is_proxy_vpn_True": 0.0,
    "cat__billing_country_AU": 0.0,
    "cat__billing_country_BR": 0.0,
    "cat__billing_country_CA": 0.0,
    "cat__billing_country_DE": 0.0,
    "cat__billing_country_ES": 0.0,
    "cat__billing_country_FR": 0.0,
    "cat__billing_country_GB": 0.0,
    "cat__billing_country_IE": 0.0,
    "cat__billing_country_IN": 0.0,
    "cat__billing_country_IT": 0.0,
    "cat__billing_country_NL": 1.0,
    "cat__billing_country_PL": 0.0,
    "cat__billing_country_PT": 0.0,
    "cat__billing_country_SE": 0.0,
    "cat__billing_country_US": 0.0,
    "cat__shipping_country_AU": 0.0,
    "cat__shipping_country_BR": 0.0,
    "cat__shipping_country_CA": 0.0,
    "cat__shipping_country_DE": 0.0,
    "cat__shipping_country_ES": 0.0,
    "cat__shipping_country_FR": 0.0,
    "cat__shipping_country_GB": 0.0,
    "cat__shipping_country_IE": 1.0,
    "cat__shipping_country_IN": 0.0,
    "cat__shipping_country_IT": 0.0,
    "cat__shipping_country_NL": 0.0,
    "cat__shipping_country_PL": 0.0,
    "cat__shipping_country_PT": 0.0,
    "cat__shipping_country_SE": 0.0,
    "cat__shipping_country_US": 0.0,
    "cat__country_mismatch_False": 0.0,
    "cat__country_mismatch_True": 1.0,
    "cat__night_txn_False": 1.0,
    "cat__night_txn_True": 0.0,
    "cat__weekend_txn_False": 1.0,
    "cat__weekend_txn_True": 0.0
  }
}