{
  "test": {
    "count": 42722,
    "mean": 0.29932230710983276,
    "median": 0.18409791588783264,
    "std": 3.2158620357513428,
    "min": 0.06435824185609818,
    "max": 638.7640380859375,
    "p90": 0.3828669339418411,
    "p95": 0.57335340976715,
    "p99": 2.0590715885162356
  },
  "val": {
    "count": 42721,
    "mean": 0.3527754843235016,
    "median": 0.18746331334114075,
    "std": 1.6805921792984009,
    "min": 0.06399265676736832,
    "max": 129.49990844726562,
    "p90": 0.41958722472190857,
    "p95": 0.7030683755874634,
    "p99": 2.901013898849488
  },
  "legit": {
    "count": 42665,
    "mean": 0.35068190663731647,
    "median": 0.18734000623226166,
    "std": 1.680330088696571,
    "min": 0.06399265676736832,
    "max": 129.49990844726562,
    "p90": 0.4166518747806549,
    "p95": 0.6915820717811582,
    "p99": 2.8606350898742705
  }
}