{
  "xgb": {
    "threshold": 0.162,
    "val": {
      "cm": [
        [
          42654,
          11
        ],
        [
          6,
          50
        ]
      ],
      "precision": 0.819672131147541,
      "recall": 0.8928571428571429,
      "f1": 0.8547008547008547,
      "auc": 0.9980608896552878,
      "ap": 0.9083880297183039
    },
    "test": {
      "cm": [
        [
          42656,
          14
        ],
        [
          10,
          42
        ]
      ],
      "precision": 0.75,
      "recall": 0.8076923076923077,
      "f1": 0.7777777777777778,
      "auc": 0.9926583259721296,
      "ap": 0.8514309352448828
    }
  },
  "ae": {
    "threshold": 2.413630972099965,
    "val": {
      "cm": [
        [
          42150,
          515
        ],
        [
          32,
          24
        ]
      ],
      "precision": 0.04452690166975881,
      "recall": 0.42857142857142855,
      "f1": 0.08067226890756303,
      "auc": 0.9453797023321223,
      "ap": 0.02893819614950638
    },
    "test": {
      "cm": [
        [
          42362,
          308
        ],
        [
          29,
          23
        ]
      ],
      "precision": 0.06948640483383686,
      "recall": 0.4423076923076923,
      "f1": 0.12010443864229765,
      "auc": 0.9271448144075283,
      "ap": 0.044535622758506796
    }
  },
  "figures_saved_to": "/Users/lavanyasrinivas/Documents/AI-First-Preauth-Fraud-Detection/AI-First-Preauth-Fraud-Detection/docs/figures/models/06_model_comparison"
}