{
    "threshold": 0.162,
    "validation": {
        "precision": 0.819672131147541,
        "recall": 0.8928571428571429,
        "f1": 0.8547008547008547,
        "roc_auc": 0.9980608896552878,
        "confusion_matrix": [
            [
                42654,
                11
            ],
            [
                6,
                50
            ]
        ],
        "classification_report": {
            "0": {
                "precision": 0.9998593530239099,
                "recall": 0.9997421774288058,
                "f1-score": 0.9998007617931438,
                "support": 42665.0
            },
            "1": {
                "precision": 0.819672131147541,
                "recall": 0.8928571428571429,
                "f1-score": 0.8547008547008547,
                "support": 56.0
            },
            "accuracy": 0.9996020692399522,
            "macro avg": {
                "precision": 0.9097657420857255,
                "recall": 0.9462996601429743,
                "f1-score": 0.9272508082469992,
                "support": 42721.0
            },
            "weighted avg": {
                "precision": 0.9996231580747029,
                "recall": 0.9996020692399522,
                "f1-score": 0.999610560374704,
                "support": 42721.0
            }
        }
    },
    "test": {
        "precision": 0.75,
        "recall": 0.8076923076923077,
        "f1": 0.7777777777777778,
        "roc_auc": 0.9926583259721296,
        "confusion_matrix": [
            [
                42656,
                14
            ],
            [
                10,
                42
            ]
        ],
        "classification_report": {
            "0": {
                "precision": 0.9997656213378334,
                "recall": 0.999671900632763,
                "f1-score": 0.9997187587887878,
                "support": 42670.0
            },
            "1": {
                "precision": 0.75,
                "recall": 0.8076923076923077,
                "f1-score": 0.7777777777777778,
                "support": 52.0
            },
            "accuracy": 0.9994382285473526,
            "macro avg": {
                "precision": 0.8748828106689167,
                "recall": 0.9036821041625354,
                "f1-score": 0.8887482682832828,
                "support": 42722.0
            },
            "weighted avg": {
                "precision": 0.9994616137466728,
                "recall": 0.9994382285473526,
                "f1-score": 0.9994486185562946,
                "support": 42722.0
            }
        }
    },
    "best_params": {
        "subsample": 1.0,
        "n_estimators": 250,
        "max_depth": 6,
        "learning_rate": 0.05,
        "colsample_bytree": 0.7
    }
}