model,split,threshold,precision,recall,f1,roc_auc,pr_auc,tn,fp,fn,tp
XGB,val,0.162,0.819672131147541,0.8928571428571429,0.8547008547008547,0.9980608896552878,0.9083880297183039,42654,11,6,50
XGB,test,0.162,0.75,0.8076923076923077,0.7777777777777778,0.9926583259721296,0.8514309352448828,42656,14,10,42
AE,val,2.413630972099965,0.04452690166975881,0.42857142857142855,0.08067226890756303,0.9453797023321223,0.02893819614950638,42150,515,32,24
AE,test,2.413630972099965,0.06948640483383686,0.4423076923076923,0.12010443864229765,0.9271448144075283,0.044535622758506796,42362,308,29,23
DecisionEngine,flagged_(review_or_block),-,0.22798,0.84615,0.35918,-,-,42521,149,8,44
DecisionEngine,block_only,-,0.24832,0.71154,0.36816,-,-,42558,112,15,37
