{
  "meta": {
    "txn_id": "txn_00049",
    "timestamp": "2025-12-21T02:49:19.592080Z",
    "merchant_id": "m_568",
    "user_id": "u_6180",
    "country": "US",
    "currency": "EUR",
    "ip_country": "US"
  },
  "features": {
    "num__V1": -1.6304214607008083,
    "num__V2": 1.5810499032290941,
    "num__V3": 0.19421693478416246,
    "num__V4": 0.45461211048824457,
    "num__V5": -0.4867650025102159,
    "num__V6": -0.9668792299216935,
    "num__V7": -3.0262916504895525,
    "num__V8": 0.5200740410847599,
    "num__V9": -2.858998839881923,
    "num__V10": -4.659685800266637,
    "num__V11": 3.802131060135143,
    "num__V12": -1.1440490397380545,
    "num__V13": -0.08177754791208436,
    "num__V14": -3.13489102373398,
    "num__V15": -0.22264494194778006,
    "num__V16": 0.2102605615301698,
    "num__V17": -5.116922820100958,
    "num__V18": -1.2435953171605816,
    "num__V19": 1.3720207972381648,
    "num__V20": -0.31299382750824684,
    "num__V21": 3.764775099188542,
    "num__V22": -1.3278365056704207,
    "num__V23": 1.3593899711581792,
    "num__V24": -0.23055848779356244,
    "num__V25": -0.08485874871056548,
    "num__V26": -0.836382950342565,
    "num__V27": -0.35979756079438363,
    "num__V28": -0.6111892330348419,
    "num__Amount": -0.25213456166936815,
    "num__ip_reputation": 0.4734259984572904,
    "num__txn_count_5m": 0.824997227060001,
    "num__txn_count_30m": 0.4978849867321927,
    "num__txn_count_60m": 0.8246911799920597,
    "num__avg_amount_7d": -0.4643795803730995,
    "num__account_age_days": -1.0193616243317292,
    "num__token_age_days": 0.7934016859691516,
    "num__avg_spend_user_30d": -0.345412604269293,
    "num__geo_distance_km": 0.9775596191410286,
    "num__amount_zscore": -0.11731654507434217,
    "cat__device_os_Android": 0.23266687303569034,
    "cat__device_os_MacOS": 0.4575397868429908,
    "cat__device_os_Windows": 0.5113105852344537,
    "cat__device_os_iOS": 0.24303896265176028,
    "cat__browser_Chrome": 0.1782499558871135,
    "cat__browser_Edge": 0.25295749487761726,
    "cat__browser_Firefox": 0.3097452978126846,
    "cat__browser_Safari": 0.41040539936674425,
    "cat__is_new_device_False": 0.846733840839876,
    "cat__is_new_device_True": 0.25241087382695127,
    "cat__ip_country_AU": 0.27904598569105665,
    "cat__ip_country_BR": 0.1165137602620914,
    "cat__ip_country_CA": 0.10378953068898891,
    "cat__ip_country_DE": -0.10605857752664116,
    "cat__ip_country_ES": -0.2413141248082885,
    "cat__ip_country_FR": 0.10950190912492533,
    "cat__ip_country_GB": 0.0455394108693184,
    "cat__ip_country_IE": 0.005179152039698508,
    "cat__ip_country_IN": 0.09174084886456066,
    "cat__ip_country_IT": 0.05414545897492221,
    "cat__ip_country_NL": 0.21804660855207667,
    "cat__ip_country_PL": 0.07502457467754528,
    "cat__ip_country_PT": -0.02083909681439762,
    "cat__ip_country_SE": 0.17138469256633282,
    "cat__ip_country_US": 0.03933544831436815,
    "cat__is_proxy_vpn_False": 0.871636454719438,
    "cat__is_proxy_vpn_True": 0.13739245788420684,
    "cat__billing_country_AU": -0.005650670987962916,
    "cat__billing_country_BR": 0.07587259443677713,
    "cat__billing_country_CA": 0.06259519251886701,
    "cat__billing_country_DE": 0.12990213022749297,
    "cat__billing_country_ES": 0.03458963459147543,
    "cat__billing_country_FR": -0.1402871284976257,
    "cat__billing_country_GB": 0.008937348757473401,
    "cat__billing_country_IE": 0.17504487305178212,
    "cat__billing_country_IN": 0.0336950457880266,
    "cat__billing_country_IT": 0.04261997204897796,
    "cat__billing_country_NL": 0.18442240496920387,
    "cat__billing_country_PL": -0.01819443950278466,
    "cat__billing_country_PT": -0.10967307847803254,
    "cat__billing_country_SE": 0.042897396385583535,
    "cat__billing_country_US": 0.012037933601330007,
    "cat__shipping_country_AU": -0.04405328466997069,
    "cat__shipping_country_BR": 0.03719279974078687,
    "cat__shipping_country_CA": 0.12477994468595546,
    "cat__shipping_country_DE": 0.06840178313139718,
    "cat__shipping_country_ES": 0.10620976178975658,
    "cat__shipping_country_FR": 0.2796833860380737,
    "cat__shipping_country_GB": 0.02205264686189041,
    "cat__shipping_country_IE": 0.09281954609791697,
    "cat__shipping_country_IN": 0.01218552208453575,
    "cat__shipping_country_IT": -0.0288311423340661,
    "cat__shipping_country_NL": 0.0029772630694460678,
    "cat__shipping_country_PL": 0.010662377296709241,
    "cat__shipping_country_PT": 0.11893234740733091,
    "cat__shipping_country_SE": 0.3230693514371328,
    "cat__shipping_country_US": -0.01616903750543701,
    "cat__country_mismatch_False": 0.02237765118828574,
    "cat__country_mismatch_True": 0.9215387620822013,
    "cat__night_txn_False": 0.8357381134574071,
    "cat__night_txn_True": 0.30032261708329455,
    "cat__weekend_txn_False": 0.5215627922715838,
    "cat__weekend_txn_True": 0.23918658850080554
  }
}