{
  "meta": {
    "txn_id": "txn_00048",
    "timestamp": "2025-12-20T22:57:19.591779Z",
    "merchant_id": "m_344",
    "user_id": "u_5351",
    "country": "NL",
    "currency": "EUR",
    "ip_country": "DE"
  },
  "features": {
    "num__V1": -4.118524721399246,
    "num__V2": 0.7467845943818814,
    "num__V3": -7.457797473143582,
    "num__V4": 2.5280019551987256,
    "num__V5": -4.875167460654113,
    "num__V6": -0.5535077028252824,
    "num__V7": -8.077046386849071,
    "num__V8": -0.3327314507989426,
    "num__V9": 0.5324881345583965,
    "num__V10": -2.1176818608035792,
    "num__V11": 0.7428564261038706,
    "num__V12": -3.195082272773697,
    "num__V13": -0.04127295838897333,
    "num__V14": -2.57081224053443,
    "num__V15": -0.7639264489672212,
    "num__V16": -1.4020457351818711,
    "num__V17": -14.235056206279761,
    "num__V18": -2.557151190314123,
    "num__V19": 0.10183771799736868,
    "num__V20": 0.6848323656264685,
    "num__V21": 0.6211534440435292,
    "num__V22": -1.2193101072841324,
    "num__V23": -0.8063399281725904,
    "num__V24": 0.021446644608530185,
    "num__V25": 0.018458818798003325,
    "num__V26": -0.23377387915835413,
    "num__V27": -0.3944024176872948,
    "num__V28": 0.600534134914635,
    "num__Amount": -0.212050766357587,
    "num__ip_reputation": 0.49775709066280505,
    "num__txn_count_5m": 1.5482223569806761,
    "num__txn_count_30m": -0.6414670360235519,
    "num__txn_count_60m": -1.159950140861874,
    "num__avg_amount_7d": 0.3518449153378922,
    "num__account_age_days": -0.923762749690723,
    "num__token_age_days": -0.16770300571214822,
    "num__avg_spend_user_30d": -0.36529867020772044,
    "num__geo_distance_km": -0.037011955293775406,
    "num__amount_zscore": 0.7378349356005762,
    "cat__device_os_Android": 0.38858230915560193,
    "cat__device_os_MacOS": 0.41639800730546683,
    "cat__device_os_Windows": -0.027222763932406746,
    "cat__device_os_iOS": 0.03396593810543552,
    "cat__browser_Chrome": -0.3099344207927848,
    "cat__browser_Edge": 0.10148140633099834,
    "cat__browser_Firefox": 0.43155401524964476,
    "cat__browser_Safari": 0.3375741458054988,
    "cat__is_new_device_False": 0.8108155980510909,
    "cat__is_new_device_True": 0.1503909534974503,
    "cat__ip_country_AU": -0.004878487365774911,
    "cat__ip_country_BR": 0.09580598308714154,
    "cat__ip_country_CA": 0.15599886011776926,
    "cat__ip_country_DE": -0.1167280740454841,
    "cat__ip_country_ES": 0.1151855838679588,
    "cat__ip_country_FR": 0.17092325793876834,
    "cat__ip_country_GB": 0.011384223127504721,
    "cat__ip_country_IE": 0.13996726490628367,
    "cat__ip_country_IN": 0.3815302271030282,
    "cat__ip_country_IT": 0.04931798081365244,
    "cat__ip_country_NL": 0.1283095823664276,
    "cat__ip_country_PL": -0.01842692611171215,
    "cat__ip_country_PT": 0.08139475138382121,
    "cat__ip_country_SE": 0.11289750836463318,
    "cat__ip_country_US": 0.08537501935277705,
    "cat__is_proxy_vpn_False": 0.5874529261716106,
    "cat__is_proxy_vpn_True": 0.2630636863674562,
    "cat__billing_country_AU": 0.24112085120186505,
    "cat__billing_country_BR": 0.11715717864695685,
    "cat__billing_country_CA": 0.16710795425459296,
    "cat__billing_country_DE": 0.04534169255282791,
    "cat__billing_country_ES": 0.14929335917760425,
    "cat__billing_country_FR": 0.08784626942434962,
    "cat__billing_country_GB": -0.04598591253977929,
    "cat__billing_country_IE": 0.11750521880942534,
    "cat__billing_country_IN": -0.04604032264476643,
    "cat__billing_country_IT": -0.0025747179359455336,
    "cat__billing_country_NL": 0.09182543699241467,
    "cat__billing_country_PL": 0.09162800122657708,
    "cat__billing_country_PT": -0.06709883430391866,
    "cat__billing_country_SE": 0.17637924939131042,
    "cat__billing_country_US": 0.1330937469057001,
    "cat__shipping_country_AU": -0.014300112714858745,
    "cat__shipping_country_BR": -0.10847234111208433,
    "cat__shipping_country_CA": 0.05164867831844448,
    "cat__shipping_country_DE": 0.01803558976943525,
    "cat__shipping_country_ES": 0.08375008722122898,
    "cat__shipping_country_FR": 0.02744395209829062,
    "cat__shipping_country_GB": -0.16066038022671666,
    "cat__shipping_country_IE": 0.018913554328959928,
    "cat__shipping_country_IN": 0.03600264064957987,
    "cat__shipping_country_IT": 0.14166588960211834,
    "cat__shipping_country_NL": -0.010265929457755577,
    "cat__shipping_country_PL": 0.25215478387191104,
    "cat__shipping_country_PT": -0.15336437130239594,
    "cat__shipping_country_SE": 0.20777311453558064,
    "cat__shipping_country_US": 0.039299363984503684,
    "cat__country_mismatch_False": 0.17156930315825142,
    "cat__country_mismatch_True": 0.9382469361808182,
    "cat__night_txn_False": 0.9892167368007754,
    "cat__night_txn_True": 0.16600288785094713,
    "cat__weekend_txn_False": 0.022509838538098292,
    "cat__weekend_txn_True": 1.0449077963641842
  }
}