{
  "meta": {
    "txn_id": "txn_00000",
    "timestamp": "2025-12-24T05:55:19.571778Z",
    "merchant_id": "m_859",
    "user_id": "u_5506",
    "country": "DE",
    "currency": "EUR",
    "ip_country": "DE"
  },
  "features": {
    "num__V1": -0.6668970817228931,
    "num__V2": 1.1477675226451265,
    "num__V3": -1.2051232552068047,
    "num__V4": 3.4256259367706754,
    "num__V5": -1.855196416556983,
    "num__V6": -0.7290534210612121,
    "num__V7": 1.416339390752435,
    "num__V8": 2.030180339977309,
    "num__V9": -1.7469723040783718,
    "num__V10": -1.7118656946567503,
    "num__V11": 1.2955343841530245,
    "num__V12": -4.166559251243716,
    "num__V13": 0.07118942439471238,
    "num__V14": -8.434869560847849,
    "num__V15": -0.944616458095213,
    "num__V16": -3.839140505317517,
    "num__V17": -8.075458036643338,
    "num__V18": -1.117982527679763,
    "num__V19": -0.2243926821766764,
    "num__V20": -0.7620990625363482,
    "num__V21": 3.574170900840745,
    "num__V22": -0.1941724559701377,
    "num__V23": 0.06547456645584279,
    "num__V24": -0.6945912170536217,
    "num__V25": -0.27534329809118196,
    "num__V26": 0.08343782425666359,
    "num__V27": -1.285017238231704,
    "num__V28": 0.3768436626468943,
    "num__Amount": -0.2490119196829291,
    "num__ip_reputation": 0.39710899343873496,
    "num__txn_count_5m": -0.10547588644970213,
    "num__txn_count_30m": 1.6465882866654966,
    "num__txn_count_60m": 0.529525989918616,
    "num__avg_amount_7d": -0.447956802223422,
    "num__account_age_days": -0.2136981773495794,
    "num__token_age_days": -0.5774877609571708,
    "num__avg_spend_user_30d": 0.06310858395079899,
    "num__geo_distance_km": -0.9371331507745545,
    "num__amount_zscore": -0.6211971214182116,
    "cat__device_os_Android": 0.27059566012708586,
    "cat__device_os_MacOS": 0.3919359140691634,
    "cat__device_os_Windows": 0.2908334240568682,
    "cat__device_os_iOS": 0.24206714776037305,
    "cat__browser_Chrome": 0.19560733107495745,
    "cat__browser_Edge": -0.033043103119044515,
    "cat__browser_Firefox": 0.1015022642767156,
    "cat__browser_Safari": 0.1473847561359774,
    "cat__is_new_device_False": 1.014260733134021,
    "cat__is_new_device_True": 0.20861267047786314,
    "cat__ip_country_AU": -0.1359256037627963,
    "cat__ip_country_BR": 0.10980171856073706,
    "cat__ip_country_CA": 0.023705782880120922,
    "cat__ip_country_DE": -0.01342122059836185,
    "cat__ip_country_ES": 0.15314591253959517,
    "cat__ip_country_FR": 0.1820506765937382,
    "cat__ip_country_GB": 0.1549662190550462,
    "cat__ip_country_IE": -0.030798274732034038,
    "cat__ip_country_IN": 0.02944167012974381,
    "cat__ip_country_IT": 0.09717697811066536,
    "cat__ip_country_NL": 0.1994467096677619,
    "cat__ip_country_PL": 0.010927516042629391,
    "cat__ip_country_PT": 0.04098140497661566,
    "cat__ip_country_SE": -0.06001689066831941,
    "cat__ip_country_US": -0.07007990867577787,
    "cat__is_proxy_vpn_False": 0.9241986849608373,
    "cat__is_proxy_vpn_True": 0.4744009629403445,
    "cat__billing_country_AU": 0.06186219901694175,
    "cat__billing_country_BR": 0.18001242712086296,
    "cat__billing_country_CA": 0.10100270928889149,
    "cat__billing_country_DE": -0.0027999021770955673,
    "cat__billing_country_ES": 0.10554184589594844,
    "cat__billing_country_FR": 0.2235824378261271,
    "cat__billing_country_GB": 0.051014399150279055,
    "cat__billing_country_IE": 0.26836120303713673,
    "cat__billing_country_IN": -0.23300445016190008,
    "cat__billing_country_IT": 0.1675390951483637,
    "cat__billing_country_NL": 0.0799429277115422,
    "cat__billing_country_PL": 0.0267442585465816,
    "cat__billing_country_PT": 0.08714842332554984,
    "cat__billing_country_SE": -0.1578762336193796,
    "cat__billing_country_US": 0.042354267415489956,
    "cat__shipping_country_AU": 0.10650668479161533,
    "cat__shipping_country_BR": 0.21398258885350985,
    "cat__shipping_country_CA": 0.008744430582236472,
    "cat__shipping_country_DE": -0.02378289724128875,
    "cat__shipping_country_ES": 0.012503936293537979,
    "cat__shipping_country_FR": 0.17561268341870784,
    "cat__shipping_country_GB": 0.09577436202599832,
    "cat__shipping_country_IE": 0.0032373025918092657,
    "cat__shipping_country_IN": 0.13179865535749744,
    "cat__shipping_country_IT": 0.07985196552290441,
    "cat__shipping_country_NL": 0.18457872580512996,
    "cat__shipping_country_PL": -0.01433210710105598,
    "cat__shipping_country_PT": 0.03654757322348656,
    "cat__shipping_country_SE": 0.018564419452024722,
    "cat__shipping_country_US": -0.10048668456088883,
    "cat__country_mismatch_False": 0.10569910775619076,
    "cat__country_mismatch_True": 0.9594358849469656,
    "cat__night_txn_False": 0.7551178553038188,
    "cat__night_txn_True": 0.1975288844174963,
    "cat__weekend_txn_False": -0.04383259030946185,
    "cat__weekend_txn_True": 0.6592843873411015
  }
}