{
  "meta": {
    "txn_id": "txn_00044",
    "timestamp": "2025-12-17T21:13:19.590209Z",
    "merchant_id": "m_588",
    "user_id": "u_9238",
    "country": "DE",
    "currency": "EUR",
    "ip_country": "US"
  },
  "features": {
    "num__V1": -3.2561082180691567,
    "num__V2": 2.3018567195010182,
    "num__V3": -2.903164740445301,
    "num__V4": 1.73934103007102,
    "num__V5": -1.348246739945369,
    "num__V6": -0.6729698977729497,
    "num__V7": 0.4104020932912551,
    "num__V8": 0.181197559465902,
    "num__V9": -2.4483051183250404,
    "num__V10": -3.8001286815784145,
    "num__V11": 2.1825694807653377,
    "num__V12": -0.37714596981817916,
    "num__V13": 0.25254528969141204,
    "num__V14": -5.8228700073918045,
    "num__V15": 1.1799591305983463,
    "num__V16": -2.093786442554857,
    "num__V17": 0.2568050283914811,
    "num__V18": -1.8282620792386928,
    "num__V19": 0.8958522166122038,
    "num__V20": 0.8306421143583629,
    "num__V21": 3.0677765294721637,
    "num__V22": 0.9207746679870757,
    "num__V23": 0.7319901978828479,
    "num__V24": -0.2051580425555194,
    "num__V25": -0.29262061340436685,
    "num__V26": 0.18534549421028002,
    "num__V27": 1.484694795497634,
    "num__V28": -0.04085713538065329,
    "num__Amount": 0.49328061002086065,
    "num__ip_reputation": 1.2593848856675574,
    "num__txn_count_5m": -0.2931902093206425,
    "num__txn_count_30m": -0.23165024108957616,
    "num__txn_count_60m": 0.41292273359178977,
    "num__avg_amount_7d": 0.14509582684080913,
    "num__account_age_days": -0.8508845061035981,
    "num__token_age_days": 0.5906797643127722,
    "num__avg_spend_user_30d": 0.1562326046723726,
    "num__geo_distance_km": 0.1214464798750168,
    "num__amount_zscore": -0.6712188001704937,
    "cat__device_os_Android": -0.024275249373372332,
    "cat__device_os_MacOS": 0.3015137964548597,
    "cat__device_os_Windows": -0.1707388422283837,
    "cat__device_os_iOS": 0.4688140146203843,
    "cat__browser_Chrome": 0.22408165380922096,
    "cat__browser_Edge": 0.9161929706079798,
    "cat__browser_Firefox": 0.697559163195481,
    "cat__browser_Safari": 0.20170116176588773,
    "cat__is_new_device_False": 0.8291414227744838,
    "cat__is_new_device_True": 0.31234727458304234,
    "cat__ip_country_AU": 0.2869531720680765,
    "cat__ip_country_BR": -0.12033609725689008,
    "cat__ip_country_CA": -0.13736088960798148,
    "cat__ip_country_DE": -0.00738241758657892,
    "cat__ip_country_ES": 0.14962532892989328,
    "cat__ip_country_FR": 0.12175073369563985,
    "cat__ip_country_GB": 0.16973534544994973,
    "cat__ip_country_IE": -0.0707728429861389,
    "cat__ip_country_IN": -0.19675798942240996,
    "cat__ip_country_IT": 0.15504980447098135,
    "cat__ip_country_NL": -0.02093218109813004,
    "cat__ip_country_PL": -0.16361356900034882,
    "cat__ip_country_PT": 0.07740888550590298,
    "cat__ip_country_SE": 0.14964183592416128,
    "cat__ip_country_US": 0.04996031725716433,
    "cat__is_proxy_vpn_False": 0.6907153368086641,
    "cat__is_proxy_vpn_True": 0.19584690547438371,
    "cat__billing_country_AU": 0.02697657930926571,
    "cat__billing_country_BR": -0.08635972896616145,
    "cat__billing_country_CA": -0.01751155954666192,
    "cat__billing_country_DE": 0.13479203266571768,
    "cat__billing_country_ES": 0.10106910218279452,
    "cat__billing_country_FR": 0.07585443021329076,
    "cat__billing_country_GB": -0.050675178782313444,
    "cat__billing_country_IE": 0.05697214224661454,
    "cat__billing_country_IN": -0.18216733212493935,
    "cat__billing_country_IT": 0.09230063018772025,
    "cat__billing_country_NL": 0.23582759947894885,
    "cat__billing_country_PL": -0.10113211259496285,
    "cat__billing_country_PT": 0.005546443298366663,
    "cat__billing_country_SE": 0.09671775953358522,
    "cat__billing_country_US": 0.21112891222338132,
    "cat__shipping_country_AU": 0.014882603672294707,
    "cat__shipping_country_BR": -0.01807798559889648,
    "cat__shipping_country_CA": -0.15795321350551975,
    "cat__shipping_country_DE": 0.0814042961668934,
    "cat__shipping_country_ES": 0.30724950873486506,
    "cat__shipping_country_FR": 0.1016692102675967,
    "cat__shipping_country_GB": 0.057243412942766185,
    "cat__shipping_country_IE": 0.09766760695009956,
    "cat__shipping_country_IN": 0.07045738079153155,
    "cat__shipping_country_IT": -0.0249897888802271,
    "cat__shipping_country_NL": 0.16758637583412891,
    "cat__shipping_country_PL": 0.0895228720704227,
    "cat__shipping_country_PT": 0.07794455323547989,
    "cat__shipping_country_SE": -0.046226890870426765,
    "cat__shipping_country_US": 0.21164408550208955,
    "cat__country_mismatch_False": 0.14878717293374008,
    "cat__country_mismatch_True": 0.864280367035612,
    "cat__night_txn_False": 0.9607951899713689,
    "cat__night_txn_True": 0.14326063016844398,
    "cat__weekend_txn_False": 0.08882433045327642,
    "cat__weekend_txn_True": 0.5882697224050822
  }
}