{
  "meta": {
    "txn_id": "txn_00010",
    "timestamp": "2025-12-20T09:07:19.576184Z",
    "merchant_id": "m_266",
    "user_id": "u_7065",
    "country": "FR",
    "currency": "EUR",
    "ip_country": "DE"
  },
  "features": {
    "num__V1": 0.10305774704419135,
    "num__V2": 1.056583438197255,
    "num__V3": -2.86687426676433,
    "num__V4": 2.4393013115372915,
    "num__V5": -3.320818840983291,
    "num__V6": -0.3168889693658307,
    "num__V7": -2.251090499314542,
    "num__V8": 1.4328260714099303,
    "num__V9": -0.9285068695949892,
    "num__V10": 2.5551436477709264,
    "num__V11": 1.0547198658369161,
    "num__V12": -4.3124781261217295,
    "num__V13": -0.3632536238783116,
    "num__V14": -5.097680233922695,
    "num__V15": -0.3958083691146087,
    "num__V16": -0.14335645092469784,
    "num__V17": 0.7852170506483045,
    "num__V18": -2.46700496189371,
    "num__V19": -0.16558302853208684,
    "num__V20": 0.5703080165116029,
    "num__V21": -0.55523776615165,
    "num__V22": 0.551974270109455,
    "num__V23": 0.17762351755800693,
    "num__V24": -0.7347263646606634,
    "num__V25": 1.0454836588793157,
    "num__V26": 0.8580049262881986,
    "num__V27": -0.5697650589104375,
    "num__V28": -0.15601502454431238,
    "num__Amount": 0.14601818436189234,
    "num__ip_reputation": 0.706637897163022,
    "num__txn_count_5m": 0.6464515890678324,
    "num__txn_count_30m": 1.756890043967317,
    "num__txn_count_60m": 0.3793121823370205,
    "num__avg_amount_7d": -0.3352758466750826,
    "num__account_age_days": -1.2551838185299806,
    "num__token_age_days": -0.3550661267217009,
    "num__avg_spend_user_30d": -0.041606995057912405,
    "num__geo_distance_km": 1.050818997151879,
    "num__amount_zscore": -0.2448046057332451,
    "cat__device_os_Android": 0.2758445697716389,
    "cat__device_os_MacOS": 0.24272264201694915,
    "cat__device_os_Windows": 0.49458250582365304,
    "cat__device_os_iOS": 0.7731355644339815,
    "cat__browser_Chrome": 0.14984019729139875,
    "cat__browser_Edge": 0.16580259740369047,
    "cat__browser_Firefox": 0.4487712821375224,
    "cat__browser_Safari": 0.3696642195181833,
    "cat__is_new_device_False": 1.1398925090319922,
    "cat__is_new_device_True": 0.2468486490802137,
    "cat__ip_country_AU": 0.03533199157833503,
    "cat__ip_country_BR": 0.1410680293903035,
    "cat__ip_country_CA": 0.19540369779683542,
    "cat__ip_country_DE": 0.15132629331714495,
    "cat__ip_country_ES": 0.1404446921870977,
    "cat__ip_country_FR": 0.18607821094428373,
    "cat__ip_country_GB": 0.18034889413709534,
    "cat__ip_country_IE": 0.2155359624532271,
    "cat__ip_country_IN": 0.13740833030654281,
    "cat__ip_country_IT": 0.04242101254638793,
    "cat__ip_country_NL": 0.0981811105513499,
    "cat__ip_country_PL": 0.20206528709407306,
    "cat__ip_country_PT": -0.028550616617373695,
    "cat__ip_country_SE": 0.1027873327834018,
    "cat__ip_country_US": 0.019643574171428653,
    "cat__is_proxy_vpn_False": 0.7801467900653453,
    "cat__is_proxy_vpn_True": 0.4601041980082783,
    "cat__billing_country_AU": 0.09260422248153799,
    "cat__billing_country_BR": 0.07159858740619442,
    "cat__billing_country_CA": -0.0885524513590504,
    "cat__billing_country_DE": 0.16133058748458529,
    "cat__billing_country_ES": 0.13753452759114015,
    "cat__billing_country_FR": 0.2910012695146411,
    "cat__billing_country_GB": 0.0221870697968286,
    "cat__billing_country_IE": 0.10547537464412352,
    "cat__billing_country_IN": 0.09648461610410755,
    "cat__billing_country_IT": 0.2558887960194994,
    "cat__billing_country_NL": 0.05875930044752131,
    "cat__billing_country_PL": 0.08964501280432471,
    "cat__billing_country_PT": 0.1492974798713334,
    "cat__billing_country_SE": 0.08105780020172038,
    "cat__billing_country_US": 0.016363603620103598,
    "cat__shipping_country_AU": 0.08795943006003902,
    "cat__shipping_country_BR": 0.1707535108698784,
    "cat__shipping_country_CA": -0.04965910360212539,
    "cat__shipping_country_DE": 0.08481062605860551,
    "cat__shipping_country_ES": -0.010479821451232371,
    "cat__shipping_country_FR": 0.20802094611596572,
    "cat__shipping_country_GB": -0.10750430726111462,
    "cat__shipping_country_IE": 4.612482148641517e-06,
    "cat__shipping_country_IN": 0.11588243310113482,
    "cat__shipping_country_IT": 0.24901565277587823,
    "cat__shipping_country_NL": 0.06366380768508517,
    "cat__shipping_country_PL": 0.002105954858628273,
    "cat__shipping_country_PT": 0.30137514369437934,
    "cat__shipping_country_SE": -0.09873106848922733,
    "cat__shipping_country_US": -0.18343032422251132,
    "cat__country_mismatch_False": 0.12252063899595646,
    "cat__country_mismatch_True": 0.8702267810016212,
    "cat__night_txn_False": 0.5433251872730775,
    "cat__night_txn_True": 0.39211090985743,
    "cat__weekend_txn_False": 0.3036760257530125,
    "cat__weekend_txn_True": 0.6292426998617864
  }
}