{
  "meta": {
    "txn_id": "txn_00005",
    "timestamp": "2025-12-22T01:57:19.574107Z",
    "merchant_id": "m_881",
    "user_id": "u_6514",
    "country": "US",
    "currency": "EUR",
    "ip_country": "US"
  },
  "features": {
    "num__V1": -0.9207527230093248,
    "num__V2": 1.9096045650044755,
    "num__V3": -2.752870760958008,
    "num__V4": 1.1591975599705198,
    "num__V5": 0.6347946307064394,
    "num__V6": -0.6337440876363285,
    "num__V7": -0.2506128869689608,
    "num__V8": -0.8737026450459394,
    "num__V9": -0.7941418483935757,
    "num__V10": 0.07175112708697018,
    "num__V11": -1.6681503815925252,
    "num__V12": -4.589904290107389,
    "num__V13": 0.24784858477362295,
    "num__V14": -0.7515966802571579,
    "num__V15": 0.02833925923665402,
    "num__V16": -2.5479293226173665,
    "num__V17": 1.4773476486658383,
    "num__V18": 0.34498728909644627,
    "num__V19": -0.19373820338381254,
    "num__V20": 0.3192033953894198,
    "num__V21": 1.3118974995853834,
    "num__V22": 1.4953300804297829,
    "num__V23": 0.7269155666864827,
    "num__V24": -0.11186804023515073,
    "num__V25": 0.20733814530885428,
    "num__V26": -0.8335665391936051,
    "num__V27": 1.531873384675868,
    "num__V28": 0.565329977458933,
    "num__Amount": 0.5587775330035157,
    "num__ip_reputation": 0.47009499651015196,
    "num__txn_count_5m": 0.32992736377071713,
    "num__txn_count_30m": 0.016701965564710708,
    "num__txn_count_60m": -0.513155113617426,
    "num__avg_amount_7d": -0.2501219275588731,
    "num__account_age_days": -1.4632957161935698,
    "num__token_age_days": 0.3920098882376457,
    "num__avg_spend_user_30d": -0.9684000199352518,
    "num__geo_distance_km": 1.1766256720795316,
    "num__amount_zscore": -0.8236274011677402,
    "cat__device_os_Android": 0.5245989093310841,
    "cat__device_os_MacOS": 0.06648068183655972,
    "cat__device_os_Windows": 0.36889821401384204,
    "cat__device_os_iOS": 0.11409242725415861,
    "cat__browser_Chrome": 0.5889800320071821,
    "cat__browser_Edge": 0.272985781144473,
    "cat__browser_Firefox": 0.45458292953716584,
    "cat__browser_Safari": 0.2517972696918297,
    "cat__is_new_device_False": 0.902220683078182,
    "cat__is_new_device_True": 0.2519686015339136,
    "cat__ip_country_AU": 0.014661260415937738,
    "cat__ip_country_BR": -0.07837672767135646,
    "cat__ip_country_CA": -0.08164047629148674,
    "cat__ip_country_DE": 0.06664894683699701,
    "cat__ip_country_ES": 0.019285198892890175,
    "cat__ip_country_FR": -0.1765992989051094,
    "cat__ip_country_GB": 0.11035332263463121,
    "cat__ip_country_IE": -0.07285674941615888,
    "cat__ip_country_IN": -0.06648656298368522,
    "cat__ip_country_IT": 0.05620851868257122,
    "cat__ip_country_NL": -0.029719202515970725,
    "cat__ip_country_PL": 0.07915132189426431,
    "cat__ip_country_PT": 0.27879783421326143,
    "cat__ip_country_SE": 0.020256435227369994,
    "cat__ip_country_US": -0.05481127667044314,
    "cat__is_proxy_vpn_False": 0.8082230994769672,
    "cat__is_proxy_vpn_True": 0.0826556219310702,
    "cat__billing_country_AU": 0.0730511106192983,
    "cat__billing_country_BR": 0.10209180128529183,
    "cat__billing_country_CA": 0.05730704942298696,
    "cat__billing_country_DE": 0.07997218177535681,
    "cat__billing_country_ES": 0.0864755101352771,
    "cat__billing_country_FR": 0.2299527669317296,
    "cat__billing_country_GB": 0.028002196468534763,
    "cat__billing_country_IE": 0.09437221756732321,
    "cat__billing_country_IN": 0.16739397794641686,
    "cat__billing_country_IT": 0.12651090980133742,
    "cat__billing_country_NL": 0.028215340184619325,
    "cat__billing_country_PL": 0.15742229454828313,
    "cat__billing_country_PT": -0.028809479841651706,
    "cat__billing_country_SE": 0.03563124167736108,
    "cat__billing_country_US": -0.020847019049635637,
    "cat__shipping_country_AU": 0.13142960816293603,
    "cat__shipping_country_BR": 0.18315434848829892,
    "cat__shipping_country_CA": 0.09396401262281115,
    "cat__shipping_country_DE": 0.07815476246039993,
    "cat__shipping_country_ES": -0.030743501695601888,
    "cat__shipping_country_FR": -0.011893422947266308,
    "cat__shipping_country_GB": -0.07128976976764925,
    "cat__shipping_country_IE": -0.17933079673161942,
    "cat__shipping_country_IN": 0.02601052863798478,
    "cat__shipping_country_IT": 0.03432726737002266,
    "cat__shipping_country_NL": 0.3253425375967137,
    "cat__shipping_country_PL": 0.2391858645953458,
    "cat__shipping_country_PT": 0.14245158892484025,
    "cat__shipping_country_SE": 0.29367637120847867,
    "cat__shipping_country_US": 0.22150263960589323,
    "cat__country_mismatch_False": -0.16360689591156258,
    "cat__country_mismatch_True": 1.0537058449481116,
    "cat__night_txn_False": 0.90087548916001,
    "cat__night_txn_True": 0.18622247358343663,
    "cat__weekend_txn_False": -0.04379735659121453,
    "cat__weekend_txn_True": 0.8720923508588029
  }
}