{
  "meta": {
    "txn_id": "txn_00032",
    "timestamp": "2025-12-21T19:45:19.585136Z",
    "merchant_id": "m_385",
    "user_id": "u_8953",
    "country": "DE",
    "currency": "EUR",
    "ip_country": "DE"
  },
  "features": {
    "num__V1": -1.3957639842081115,
    "num__V2": -0.021144706360145316,
    "num__V3": -6.923584169805875,
    "num__V4": -0.12170427046616727,
    "num__V5": -2.5672508560080454,
    "num__V6": -0.6856101121559963,
    "num__V7": 0.8110983589880889,
    "num__V8": 2.0989420860562076,
    "num__V9": -2.1455732893000246,
    "num__V10": -2.010562937336044,
    "num__V11": 4.217214816197715,
    "num__V12": 1.0642255202956141,
    "num__V13": -0.20821128202109568,
    "num__V14": -1.377168667646092,
    "num__V15": 0.6272633976146706,
    "num__V16": -5.83292283987009,
    "num__V17": -6.253228835706331,
    "num__V18": 1.787042208111739,
    "num__V19": 0.24735911508916675,
    "num__V20": -1.8348661825870416,
    "num__V21": 0.32730287162770777,
    "num__V22": 0.9792156374463784,
    "num__V23": 0.014932907173494861,
    "num__V24": 0.24933800595856992,
    "num__V25": 0.660779645869926,
    "num__V26": -0.13071617045678224,
    "num__V27": -0.44564600593159553,
    "num__V28": 0.221706563810318,
    "num__Amount": 0.09785438054961654,
    "num__ip_reputation": 0.5680359168562579,
    "num__txn_count_5m": 0.31030683117652913,
    "num__txn_count_30m": -0.16992608917909108,
    "num__txn_count_60m": 1.231458820306814,
    "num__avg_amount_7d": 0.271765856138763,
    "num__account_age_days": -1.2346977043272016,
    "num__token_age_days": -0.19990298389323313,
    "num__avg_spend_user_30d": 0.013005971919144946,
    "num__geo_distance_km": -0.1823729814492138,
    "num__amount_zscore": 0.29151491462737933,
    "cat__device_os_Android": 0.21918325422551357,
    "cat__device_os_MacOS": 0.2793881146075915,
    "cat__device_os_Windows": 0.17622435910882905,
    "cat__device_os_iOS": -0.13526036821533,
    "cat__browser_Chrome": -0.15282644200772072,
    "cat__browser_Edge": 0.38273520087995105,
    "cat__browser_Firefox": 0.2957590091939721,
    "cat__browser_Safari": 0.3223439196273764,
    "cat__is_new_device_False": 0.8674569488002273,
    "cat__is_new_device_True": 0.18807923839588314,
    "cat__ip_country_AU": 0.19738679188706965,
    "cat__ip_country_BR": 0.12393941297350256,
    "cat__ip_country_CA": 0.18761133057351537,
    "cat__ip_country_DE": 0.07991972933691502,
    "cat__ip_country_ES": 0.042188063000205396,
    "cat__ip_country_FR": 0.0875808375279506,
    "cat__ip_country_GB": -0.03352073895612097,
    "cat__ip_country_IE": 0.020142528958132545,
    "cat__ip_country_IN": 0.08430667394988099,
    "cat__ip_country_IT": 0.07883512572546961,
    "cat__ip_country_NL": 0.06725368702752953,
    "cat__ip_country_PL": -0.09214418514928577,
    "cat__ip_country_PT": 0.1315282076906218,
    "cat__ip_country_SE": 0.15417303484294637,
    "cat__ip_country_US": 0.2472892232587196,
    "cat__is_proxy_vpn_False": 0.8560582031473088,
    "cat__is_proxy_vpn_True": 0.22540492170172136,
    "cat__billing_country_AU": -0.04808774287374813,
    "cat__billing_country_BR": 0.23534492464264611,
    "cat__billing_country_CA": 0.08847174603243194,
    "cat__billing_country_DE": 0.09611119010877779,
    "cat__billing_country_ES": 0.03623263974343399,
    "cat__billing_country_FR": 0.02344467196304313,
    "cat__billing_country_GB": 0.12776928906632284,
    "cat__billing_country_IE": -0.04471094022820332,
    "cat__billing_country_IN": 0.25450918104982695,
    "cat__billing_country_IT": 0.23601854453857696,
    "cat__billing_country_NL": 0.028697193290165138,
    "cat__billing_country_PL": -0.03472316351092954,
    "cat__billing_country_PT": -0.16655615125263062,
    "cat__billing_country_SE": -0.07697554808393159,
    "cat__billing_country_US": 0.15119230967129205,
    "cat__shipping_country_AU": 0.10175438573152958,
    "cat__shipping_country_BR": 0.10873456305726986,
    "cat__shipping_country_CA": -0.14377954611509305,
    "cat__shipping_country_DE": 0.023817638257462317,
    "cat__shipping_country_ES": 0.22906227753559538,
    "cat__shipping_country_FR": 0.05839717456243443,
    "cat__shipping_country_GB": -0.07996503430117993,
    "cat__shipping_country_IE": 0.04959185115721126,
    "cat__shipping_country_IN": -0.018441168944837563,
    "cat__shipping_country_IT": 0.10710824247306705,
    "cat__shipping_country_NL": 0.07375127688389095,
    "cat__shipping_country_PL": 0.1250661851933876,
    "cat__shipping_country_PT": -0.0701908067963133,
    "cat__shipping_country_SE": 0.012276062997297478,
    "cat__shipping_country_US": 0.18760856907283302,
    "cat__country_mismatch_False": -0.08723615958515725,
    "cat__country_mismatch_True": 0.8116520720976292,
    "cat__night_txn_False": 0.7951888502889789,
    "cat__night_txn_True": 0.30510574741996116,
    "cat__weekend_txn_False": 0.15022450628633202,
    "cat__weekend_txn_True": 0.6890703676156706
  }
}