{
  "meta": {
    "txn_id": "txn_00002",
    "timestamp": "2025-12-23T11:09:19.572721Z",
    "merchant_id": "m_323",
    "user_id": "u_4811",
    "country": "US",
    "currency": "EUR",
    "ip_country": "DE"
  },
  "features": {
    "num__V1": -3.626630958974487,
    "num__V2": 0.1849724897252627,
    "num__V3": -1.5213191906021253,
    "num__V4": 2.252046646982711,
    "num__V5": -0.6194496013222911,
    "num__V6": 2.003037893834388,
    "num__V7": -1.201196333561882,
    "num__V8": 2.829881409196959,
    "num__V9": -0.2112486774342195,
    "num__V10": -1.4690811255558744,
    "num__V11": 1.500191498807585,
    "num__V12": -1.4284811286969883,
    "num__V13": -0.43842327115555535,
    "num__V14": -4.3144858468917935,
    "num__V15": -0.31909166609779815,
    "num__V16": -2.479763526033832,
    "num__V17": 4.041164010894291,
    "num__V18": -4.443327761126222,
    "num__V19": 1.0146870206522767,
    "num__V20": -0.9038561703148584,
    "num__V21": -0.3909284744629056,
    "num__V22": 0.9482170817371299,
    "num__V23": 0.06278406014620604,
    "num__V24": -0.5415400509434933,
    "num__V25": -0.38326353672315816,
    "num__V26": 0.34485551688323046,
    "num__V27": -0.7260213114043571,
    "num__V28": 0.265693335381721,
    "num__Amount": 0.03894232486530726,
    "num__ip_reputation": 0.21919411900112595,
    "num__txn_count_5m": 1.5327139576567437,
    "num__txn_count_30m": 0.795640025076499,
    "num__txn_count_60m": -1.3192161588881381,
    "num__avg_amount_7d": 0.09246853747224261,
    "num__account_age_days": -0.9157895496549726,
    "num__token_age_days": 0.36378360961635625,
    "num__avg_spend_user_30d": -0.37021632290582673,
    "num__geo_distance_km": 0.039802690374751024,
    "num__amount_zscore": 0.23004173185740176,
    "cat__device_os_Android": 0.4009852694254619,
    "cat__device_os_MacOS": 0.00871535238059254,
    "cat__device_os_Windows": 0.18948837317467893,
    "cat__device_os_iOS": 0.16986072333999547,
    "cat__browser_Chrome": 0.1254471767973487,
    "cat__browser_Edge": 0.619127666110574,
    "cat__browser_Firefox": 0.322939943508985,
    "cat__browser_Safari": -0.008303085202770816,
    "cat__is_new_device_False": 0.9921028730197183,
    "cat__is_new_device_True": 0.4915978432612925,
    "cat__ip_country_AU": 0.20512671707316343,
    "cat__ip_country_BR": -0.10641847693270325,
    "cat__ip_country_CA": 0.012309131948828246,
    "cat__ip_country_DE": 0.2004433343436078,
    "cat__ip_country_ES": -0.007361163766052142,
    "cat__ip_country_FR": 0.11576120431819947,
    "cat__ip_country_GB": 0.13826101848131117,
    "cat__ip_country_IE": -0.04052499241618348,
    "cat__ip_country_IN": 0.05758369651853313,
    "cat__ip_country_IT": -0.29532829606133176,
    "cat__ip_country_NL": -0.04490259954997422,
    "cat__ip_country_PL": 0.036622131827662746,
    "cat__ip_country_PT": -0.07600634990580062,
    "cat__ip_country_SE": 0.24227257182924916,
    "cat__ip_country_US": -0.09622299296667419,
    "cat__is_proxy_vpn_False": 0.693987533326805,
    "cat__is_proxy_vpn_True": 0.24916519137568782,
    "cat__billing_country_AU": 0.23867622132213387,
    "cat__billing_country_BR": -0.09630686291067087,
    "cat__billing_country_CA": 0.1892596994012572,
    "cat__billing_country_DE": 0.07450744369091361,
    "cat__billing_country_ES": -0.04568953794779676,
    "cat__billing_country_FR": 0.10756189162510157,
    "cat__billing_country_GB": 0.07591262956594362,
    "cat__billing_country_IE": 0.006282533532738138,
    "cat__billing_country_IN": 0.07586157069302557,
    "cat__billing_country_IT": 0.026374285442094997,
    "cat__billing_country_NL": 0.0830181086067254,
    "cat__billing_country_PL": 0.1313347196860515,
    "cat__billing_country_PT": 0.26707513083568024,
    "cat__billing_country_SE": -0.07548113768379922,
    "cat__billing_country_US": 0.31201340422608487,
    "cat__shipping_country_AU": -0.15621353391735357,
    "cat__shipping_country_BR": 0.03971571431768447,
    "cat__shipping_country_CA": 0.1359047689473773,
    "cat__shipping_country_DE": 0.10188431541041323,
    "cat__shipping_country_ES": -0.0015092706337117845,
    "cat__shipping_country_FR": 0.045406398633693064,
    "cat__shipping_country_GB": 0.005574441321183156,
    "cat__shipping_country_IE": -0.0033701113393200324,
    "cat__shipping_country_IN": 0.1711441796421579,
    "cat__shipping_country_IT": 0.10979657734046783,
    "cat__shipping_country_NL": -0.00964754928778809,
    "cat__shipping_country_PL": 0.1649490043643852,
    "cat__shipping_country_PT": 0.11267664459266019,
    "cat__shipping_country_SE": 0.15241876807082172,
    "cat__shipping_country_US": 0.13562794526351132,
    "cat__country_mismatch_False": -0.02582923402512824,
    "cat__country_mismatch_True": 0.863431634066308,
    "cat__night_txn_False": 0.9082711504664022,
    "cat__night_txn_True": 0.37189087747866156,
    "cat__weekend_txn_False": 0.24823490042090965,
    "cat__weekend_txn_True": 0.7719611995603861
  }
}