{
  "meta": {
    "txn_id": "txn_00040",
    "timestamp": "2025-12-19T23:14:19.588651Z",
    "merchant_id": "m_160",
    "user_id": "u_3697",
    "country": "NL",
    "currency": "EUR",
    "ip_country": "US"
  },
  "features": {
    "num__V1": -1.3271539583437257,
    "num__V2": -1.2490665604322448,
    "num__V3": -1.6568692779221195,
    "num__V4": 0.5153514032231297,
    "num__V5": -3.3713082003777295,
    "num__V6": -1.7005295868110957,
    "num__V7": -7.340011249790972,
    "num__V8": -2.581416078890597,
    "num__V9": -2.005408197073299,
    "num__V10": 1.4351725384855363,
    "num__V11": 1.2092473565733333,
    "num__V12": -2.727921542030396,
    "num__V13": 0.15079560260168187,
    "num__V14": -3.4103062612459265,
    "num__V15": -0.11324015092853412,
    "num__V16": -5.174976126464295,
    "num__V17": 0.8959995520890081,
    "num__V18": 1.1577650639262522,
    "num__V19": -0.826439665610002,
    "num__V20": -0.48746126624075586,
    "num__V21": 0.002232418466141528,
    "num__V22": -0.8360954315515828,
    "num__V23": 0.42863683648696715,
    "num__V24": -0.38739982081797536,
    "num__V25": 1.4354079094384,
    "num__V26": 0.5797375736878073,
    "num__V27": 0.5271080824092126,
    "num__V28": 0.8314477901224542,
    "num__Amount": 0.5114293897124513,
    "num__ip_reputation": 0.262524104045264,
    "num__txn_count_5m": -0.23346344841755023,
    "num__txn_count_30m": 0.40746500976329325,
    "num__txn_count_60m": 1.333790965836072,
    "num__avg_amount_7d": 0.07188214563588856,
    "num__account_age_days": -1.3486855101474096,
    "num__token_age_days": -0.38770631165369307,
    "num__avg_spend_user_30d": -0.059282068654494806,
    "num__geo_distance_km": 0.06049161893119523,
    "num__amount_zscore": 0.9115047061063789,
    "cat__device_os_Android": -0.03795412324494918,
    "cat__device_os_MacOS": 0.34590481850457677,
    "cat__device_os_Windows": 0.5548282133454117,
    "cat__device_os_iOS": 0.7217922763480742,
    "cat__browser_Chrome": 0.1750321509616768,
    "cat__browser_Edge": 0.3629970206788457,
    "cat__browser_Firefox": 0.35537891951587774,
    "cat__browser_Safari": 0.27503311543444864,
    "cat__is_new_device_False": 0.8303334517293937,
    "cat__is_new_device_True": 0.22330771283401615,
    "cat__ip_country_AU": -0.22976890883567666,
    "cat__ip_country_BR": 0.1517901283486793,
    "cat__ip_country_CA": 0.0824707704717544,
    "cat__ip_country_DE": 0.03657799233099265,
    "cat__ip_country_ES": 0.32774570420869614,
    "cat__ip_country_FR": -0.010540038379766858,
    "cat__ip_country_GB": 0.012666530095635224,
    "cat__ip_country_IE": 0.28311328751394854,
    "cat__ip_country_IN": -0.029488218855433707,
    "cat__ip_country_IT": 0.0003420406249284025,
    "cat__ip_country_NL": 0.06229242983288147,
    "cat__ip_country_PL": 0.16059051919516426,
    "cat__ip_country_PT": 0.08431925135854773,
    "cat__ip_country_SE": -0.08057871387205628,
    "cat__ip_country_US": 0.004128829923096856,
    "cat__is_proxy_vpn_False": 0.6632374706855748,
    "cat__is_proxy_vpn_True": 0.21094371648838453,
    "cat__billing_country_AU": 0.12003208892619549,
    "cat__billing_country_BR": 0.11371025914019481,
    "cat__billing_country_CA": -0.13437574678058556,
    "cat__billing_country_DE": 0.1988059302142957,
    "cat__billing_country_ES": 0.0932863024647271,
    "cat__billing_country_FR": 0.20702966307374765,
    "cat__billing_country_GB": 0.10189768201922239,
    "cat__billing_country_IE": 0.2122714594916476,
    "cat__billing_country_IN": 0.12142332999415381,
    "cat__billing_country_IT": 0.2288503980650191,
    "cat__billing_country_NL": 0.13050264404886103,
    "cat__billing_country_PL": 0.04862698022077022,
    "cat__billing_country_PT": 0.3497282439723186,
    "cat__billing_country_SE": 0.1582520098684675,
    "cat__billing_country_US": 0.13329296695619694,
    "cat__shipping_country_AU": -0.07932892901060432,
    "cat__shipping_country_BR": -0.08181632409951077,
    "cat__shipping_country_CA": 0.10193653973407998,
    "cat__shipping_country_DE": 0.08625838743822206,
    "cat__shipping_country_ES": -0.0005154870902400466,
    "cat__shipping_country_FR": 0.08586449623070436,
    "cat__shipping_country_GB": 0.23406510276931544,
    "cat__shipping_country_IE": 0.1390517079871663,
    "cat__shipping_country_IN": -0.0617239317209361,
    "cat__shipping_country_IT": 0.055823006319240434,
    "cat__shipping_country_NL": -0.022746361492404776,
    "cat__shipping_country_PL": 0.020855032765800363,
    "cat__shipping_country_PT": 0.02624212972980787,
    "cat__shipping_country_SE": 0.00906247805910472,
    "cat__shipping_country_US": -0.07698067091699462,
    "cat__country_mismatch_False": 0.05615892446476986,
    "cat__country_mismatch_True": 0.8633817640213198,
    "cat__night_txn_False": 0.14955347374767325,
    "cat__night_txn_True": 0.6695803447338601,
    "cat__weekend_txn_False": 0.4806523027252894,
    "cat__weekend_txn_True": 0.6685722338570727
  }
}