{
  "meta": {
    "txn_id": "txn_00024",
    "timestamp": "2025-12-23T06:12:19.581582Z",
    "merchant_id": "m_471",
    "user_id": "u_6038",
    "country": "DE",
    "currency": "EUR",
    "ip_country": "US"
  },
  "features": {
    "num__V1": -1.2141613593296314,
    "num__V2": 2.079776044300553,
    "num__V3": -4.433855068334828,
    "num__V4": 1.604943566249871,
    "num__V5": -0.06848121021653886,
    "num__V6": 0.6125877384573796,
    "num__V7": 2.8368922753472483,
    "num__V8": 1.3036277758672794,
    "num__V9": -0.3342293895315266,
    "num__V10": 1.4983498730593978,
    "num__V11": 1.0089998958269069,
    "num__V12": -1.7174906202795124,
    "num__V13": 0.33553075677596156,
    "num__V14": -0.17390305355659397,
    "num__V15": -0.648002790257726,
    "num__V16": -4.634974685901925,
    "num__V17": -4.309504350145008,
    "num__V18": -1.0212175495116598,
    "num__V19": 1.354016005407258,
    "num__V20": 0.6029357904513557,
    "num__V21": 0.2649865462268747,
    "num__V22": 0.3638793206435405,
    "num__V23": 0.2588985516999778,
    "num__V24": 0.7034819984318024,
    "num__V25": 0.17298003902404702,
    "num__V26": -0.14365475649290987,
    "num__V27": 0.8421178566407064,
    "num__V28": 0.25314785663255646,
    "num__Amount": -0.6814062119862219,
    "num__ip_reputation": 0.5335664037474189,
    "num__txn_count_5m": 0.193426406651151,
    "num__txn_count_30m": -0.0269738147862027,
    "num__txn_count_60m": 1.4936518728439172,
    "num__avg_amount_7d": -0.3297951465018493,
    "num__account_age_days": -0.38725496413288785,
    "num__token_age_days": -0.09034994859883,
    "num__avg_spend_user_30d": 0.01933031810767965,
    "num__geo_distance_km": 0.3186088791689547,
    "num__amount_zscore": -0.611626040594487,
    "cat__device_os_Android": 0.2695819406406428,
    "cat__device_os_MacOS": 0.6984077051431142,
    "cat__device_os_Windows": -0.0553775686598425,
    "cat__device_os_iOS": 0.25373126838472865,
    "cat__browser_Chrome": 0.4793236308980402,
    "cat__browser_Edge": 0.3248374725043761,
    "cat__browser_Firefox": 0.37864953730485,
    "cat__browser_Safari": -0.22518413064402756,
    "cat__is_new_device_False": 0.9412489560732027,
    "cat__is_new_device_True": 0.03274610705854447,
    "cat__ip_country_AU": 0.11697081338249532,
    "cat__ip_country_BR": 0.06833722572765931,
    "cat__ip_country_CA": 0.3298426041952525,
    "cat__ip_country_DE": 0.12120369538283637,
    "cat__ip_country_ES": 0.06503004607192608,
    "cat__ip_country_FR": -0.10477980726016084,
    "cat__ip_country_GB": 0.06857121241036992,
    "cat__ip_country_IE": 0.153554744021469,
    "cat__ip_country_IN": 0.055213812314503286,
    "cat__ip_country_IT": 0.0052266344541816515,
    "cat__ip_country_NL": 0.010297884433433602,
    "cat__ip_country_PL": 0.1259396585593851,
    "cat__ip_country_PT": 0.14507367253481018,
    "cat__ip_country_SE": 0.2123387067632568,
    "cat__ip_country_US": -0.04759430344699088,
    "cat__is_proxy_vpn_False": 0.8715336925288801,
    "cat__is_proxy_vpn_True": 0.2027681580551002,
    "cat__billing_country_AU": 0.05949919057657419,
    "cat__billing_country_BR": 0.11185484713843719,
    "cat__billing_country_CA": 0.10607004098704106,
    "cat__billing_country_DE": 0.13567536285619453,
    "cat__billing_country_ES": -0.05424407201974679,
    "cat__billing_country_FR": -0.023121909729842592,
    "cat__billing_country_GB": 0.21231621562231942,
    "cat__billing_country_IE": 0.052242400349909804,
    "cat__billing_country_IN": 0.10298805410186342,
    "cat__billing_country_IT": 0.19475713720585955,
    "cat__billing_country_NL": 0.1236706831985529,
    "cat__billing_country_PL": 0.11875432199927055,
    "cat__billing_country_PT": 0.1838173998655358,
    "cat__billing_country_SE": -0.17206327434713056,
    "cat__billing_country_US": 0.01137588460363858,
    "cat__shipping_country_AU": 0.11919138934163923,
    "cat__shipping_country_BR": 0.20433189177457733,
    "cat__shipping_country_CA": 0.07589515757224297,
    "cat__shipping_country_DE": -0.027961039887792194,
    "cat__shipping_country_ES": -0.024148065190879503,
    "cat__shipping_country_FR": 0.1719573775082729,
    "cat__shipping_country_GB": 0.035784874653129004,
    "cat__shipping_country_IE": 0.06116528096965447,
    "cat__shipping_country_IN": 0.14370319449795452,
    "cat__shipping_country_IT": -0.26558414533402414,
    "cat__shipping_country_NL": 0.30518121692508515,
    "cat__shipping_country_PL": -0.01758054532885317,
    "cat__shipping_country_PT": 0.10483989432414614,
    "cat__shipping_country_SE": -0.12724476023912268,
    "cat__shipping_country_US": 0.016939148064432474,
    "cat__country_mismatch_False": 0.21658867355932004,
    "cat__country_mismatch_True": 0.7049140045334716,
    "cat__night_txn_False": 0.9864607603685766,
    "cat__night_txn_True": 0.18945851694103188,
    "cat__weekend_txn_False": 0.3546478475507887,
    "cat__weekend_txn_True": 0.8851038899670718
  }
}