{
  "meta": {
    "txn_id": "txn_00009",
    "timestamp": "2025-12-21T05:43:19.575580Z",
    "merchant_id": "m_181",
    "user_id": "u_4814",
    "country": "US",
    "currency": "EUR",
    "ip_country": "RU"
  },
  "features": {
    "num__V1": -1.0469483464593445,
    "num__V2": 2.497571394119687,
    "num__V3": 1.2208988438351493,
    "num__V4": 2.834140971171821,
    "num__V5": -4.505353076501972,
    "num__V6": -1.4279351217082477,
    "num__V7": -4.305175328970252,
    "num__V8": 0.41973874175842796,
    "num__V9": -0.6819990022963486,
    "num__V10": -4.541243515586194,
    "num__V11": 2.193720471580184,
    "num__V12": -4.814141268333649,
    "num__V13": -0.35741684770660787,
    "num__V14": -7.189708181309478,
    "num__V15": -0.5400568592515089,
    "num__V16": -5.505008354028936,
    "num__V17": -7.9408807569007935,
    "num__V18": 0.009098719002556876,
    "num__V19": -0.2565492382428318,
    "num__V20": 2.09881979534644,
    "num__V21": 1.5843757674724905,
    "num__V22": 0.16261596780508084,
    "num__V23": -0.7014465386917249,
    "num__V24": 0.24269817904625146,
    "num__V25": -0.29507790259585076,
    "num__V26": 0.08853457714493795,
    "num__V27": 3.646853085319825,
    "num__V28": 0.04755306300988242,
    "num__Amount": 0.530756544923116,
    "num__ip_reputation": 0.19369819474816974,
    "num__txn_count_5m": 0.23265593453082342,
    "num__txn_count_30m": 1.589681275396589,
    "num__txn_count_60m": -0.03426500368791874,
    "num__avg_amount_7d": 0.7987481057780526,
    "num__account_age_days": -0.26799545877974024,
    "num__token_age_days": -0.2785835107439692,
    "num__avg_spend_user_30d": 0.2463870921539935,
    "num__geo_distance_km": 0.6155488276967863,
    "num__amount_zscore": 0.2842886518854637,
    "cat__device_os_Android": -0.07386797945097745,
    "cat__device_os_MacOS": 0.10224114566811085,
    "cat__device_os_Windows": 0.20691432147837954,
    "cat__device_os_iOS": 0.2503499248240083,
    "cat__browser_Chrome": 0.37921676612544697,
    "cat__browser_Edge": 0.2999248798295874,
    "cat__browser_Firefox": -0.019667529651066135,
    "cat__browser_Safari": 0.3109696690001469,
    "cat__is_new_device_False": 0.9432118099243322,
    "cat__is_new_device_True": 0.24300806645405,
    "cat__ip_country_AU": 0.21102121521217593,
    "cat__ip_country_BR": 0.16960104956120697,
    "cat__ip_country_CA": 0.12074652384462836,
    "cat__ip_country_DE": 0.05333536481456057,
    "cat__ip_country_ES": -0.12333533191878698,
    "cat__ip_country_FR": 0.11415796425565693,
    "cat__ip_country_GB": 0.07780017816911251,
    "cat__ip_country_IE": 0.09238083171623392,
    "cat__ip_country_IN": -0.07960856922432277,
    "cat__ip_country_IT": -0.057991185080853304,
    "cat__ip_country_NL": 0.20892872555779593,
    "cat__ip_country_PL": 0.0607754421584291,
    "cat__ip_country_PT": 0.13649477609062638,
    "cat__ip_country_SE": 0.06522061457152585,
    "cat__ip_country_US": 0.06692601855008587,
    "cat__is_proxy_vpn_False": 0.9473118707176876,
    "cat__is_proxy_vpn_True": 0.13029187228196248,
    "cat__billing_country_AU": 0.0815068341409341,
    "cat__billing_country_BR": 0.013974918109322013,
    "cat__billing_country_CA": 0.013339820084997608,
    "cat__billing_country_DE": 0.036829468590236364,
    "cat__billing_country_ES": 0.0898588515568767,
    "cat__billing_country_FR": 0.006107465829602109,
    "cat__billing_country_GB": 0.1879239921504437,
    "cat__billing_country_IE": -0.029356460175922347,
    "cat__billing_country_IN": 0.04638531026418135,
    "cat__billing_country_IT": 0.020011024898178714,
    "cat__billing_country_NL": 0.2379327085673855,
    "cat__billing_country_PL": 0.08067103080651054,
    "cat__billing_country_PT": 0.20034600912380207,
    "cat__billing_country_SE": -0.10270737266802676,
    "cat__billing_country_US": 0.09814071798688132,
    "cat__shipping_country_AU": 0.16709185793641046,
    "cat__shipping_country_BR": 0.06474548045552743,
    "cat__shipping_country_CA": 0.19073661378365048,
    "cat__shipping_country_DE": 0.009806297702435185,
    "cat__shipping_country_ES": 0.2339373269775069,
    "cat__shipping_country_FR": 0.3359473232953096,
    "cat__shipping_country_GB": 0.019861763043706536,
    "cat__shipping_country_IE": 0.012577618970269315,
    "cat__shipping_country_IN": 0.2417766087314933,
    "cat__shipping_country_IT": 0.25063398290778033,
    "cat__shipping_country_NL": 0.010230277463767673,
    "cat__shipping_country_PL": 0.017218609785987958,
    "cat__shipping_country_PT": 0.04204808533870466,
    "cat__shipping_country_SE": -0.08722670995945084,
    "cat__shipping_country_US": -0.03902405282468839,
    "cat__country_mismatch_False": -0.04630414097939982,
    "cat__country_mismatch_True": 0.8391608259642296,
    "cat__night_txn_False": 0.7469052299155364,
    "cat__night_txn_True": 0.29426894232622225,
    "cat__weekend_txn_False": 0.5773604784544175,
    "cat__weekend_txn_True": 0.5382849834725248
  }
}