{
  "meta": {
    "txn_id": "txn_00035",
    "timestamp": "2025-12-19T05:13:19.586642Z",
    "merchant_id": "m_984",
    "user_id": "u_1887",
    "country": "US",
    "currency": "EUR",
    "ip_country": "US"
  },
  "features": {
    "num__V1": -0.06791418874998434,
    "num__V2": 3.0875828724759167,
    "num__V3": -4.188635832598807,
    "num__V4": 1.3876747200840367,
    "num__V5": -4.173176376424649,
    "num__V6": -0.8349005651974664,
    "num__V7": -0.09616017448004799,
    "num__V8": -0.6503205292921715,
    "num__V9": -0.5494932587515869,
    "num__V10": -3.347209311844173,
    "num__V11": 2.38337773491828,
    "num__V12": -5.69123125323306,
    "num__V13": -0.007529745100239092,
    "num__V14": -11.084008127431272,
    "num__V15": -0.1684740173619531,
    "num__V16": -6.093337146589613,
    "num__V17": 0.004107690170847,
    "num__V18": -0.4119737619218402,
    "num__V19": 0.8440220163493605,
    "num__V20": 1.3127127215163308,
    "num__V21": -1.3670383322043431,
    "num__V22": 1.5203234775783376,
    "num__V23": 0.7816843267727629,
    "num__V24": -0.17052054681406956,
    "num__V25": 0.7854176792602853,
    "num__V26": -0.47611154181422893,
    "num__V27": -0.8511395098990284,
    "num__V28": -0.31019663541057996,
    "num__Amount": -0.21707947206520756,
    "num__ip_reputation": 0.01900905221465421,
    "num__txn_count_5m": 0.9832831165098874,
    "num__txn_count_30m": 0.17209319618990548,
    "num__txn_count_60m": 0.8658892941763716,
    "num__avg_amount_7d": -0.23626349342130293,
    "num__account_age_days": -1.4639119670347247,
    "num__token_age_days": 0.09938389962720401,
    "num__avg_spend_user_30d": -0.8547542947363043,
    "num__geo_distance_km": 0.0642149946436241,
    "num__amount_zscore": -0.6398311233728304,
    "cat__device_os_Android": 0.6196068577610804,
    "cat__device_os_MacOS": 0.42611098196671926,
    "cat__device_os_Windows": 0.27768832715831,
    "cat__device_os_iOS": 0.5192703576266455,
    "cat__browser_Chrome": 0.08700595555291432,
    "cat__browser_Edge": 0.37346116647756517,
    "cat__browser_Firefox": 0.28254911440747577,
    "cat__browser_Safari": 0.2883672634529611,
    "cat__is_new_device_False": 1.0485064239200428,
    "cat__is_new_device_True": 0.27048682157802273,
    "cat__ip_country_AU": 0.11439006653306183,
    "cat__ip_country_BR": -0.12231343007127331,
    "cat__ip_country_CA": -0.042381415480499035,
    "cat__ip_country_DE": 0.047554450531615874,
    "cat__ip_country_ES": 0.09009083718632181,
    "cat__ip_country_FR": -0.06193753777809208,
    "cat__ip_country_GB": 0.31284009412449354,
    "cat__ip_country_IE": 0.23042163894026202,
    "cat__ip_country_IN": 0.13215703164206538,
    "cat__ip_country_IT": 0.06869638480408777,
    "cat__ip_country_NL": 0.054328384839173134,
    "cat__ip_country_PL": -0.04267643318755644,
    "cat__ip_country_PT": 0.06996492555610298,
    "cat__ip_country_SE": 0.09054443908077547,
    "cat__ip_country_US": -0.07517073323906451,
    "cat__is_proxy_vpn_False": 0.8362823686921125,
    "cat__is_proxy_vpn_True": 0.19660103364656964,
    "cat__billing_country_AU": -0.15263478586084853,
    "cat__billing_country_BR": -0.03112044100446261,
    "cat__billing_country_CA": 0.015640114525708078,
    "cat__billing_country_DE": 0.29597751045317444,
    "cat__billing_country_ES": 0.1275195420165922,
    "cat__billing_country_FR": -0.08627618258713532,
    "cat__billing_country_GB": 0.1063325670179347,
    "cat__billing_country_IE": -0.10837211806235013,
    "cat__billing_country_IN": 0.19218114547547188,
    "cat__billing_country_IT": 0.016340041174509087,
    "cat__billing_country_NL": 0.05895207447409004,
    "cat__billing_country_PL": 0.20355445125041394,
    "cat__billing_country_PT": -0.07889093722991436,
    "cat__billing_country_SE": -0.09298790703381457,
    "cat__billing_country_US": 0.0006421326681607387,
    "cat__shipping_country_AU": 0.18401508475394146,
    "cat__shipping_country_BR": -0.10652201554074874,
    "cat__shipping_country_CA": -0.2571491095531054,
    "cat__shipping_country_DE": 0.01743404647531064,
    "cat__shipping_country_ES": 0.13456926633935934,
    "cat__shipping_country_FR": 0.20862533132130584,
    "cat__shipping_country_GB": 0.008849793172873897,
    "cat__shipping_country_IE": 0.016355076542879418,
    "cat__shipping_country_IN": 0.2067420251987332,
    "cat__shipping_country_IT": -0.14672380750361985,
    "cat__shipping_country_NL": 0.025933771488004596,
    "cat__shipping_country_PL": 0.08556735219460593,
    "cat__shipping_country_PT": 0.12969212362074656,
    "cat__shipping_country_SE": 0.005489855058687036,
    "cat__shipping_country_US": 0.06848848027524353,
    "cat__country_mismatch_False": -0.21980867222340467,
    "cat__country_mismatch_True": 0.8519673521587207,
    "cat__night_txn_False": 0.8476468876671387,
    "cat__night_txn_True": 0.04323511097191643,
    "cat__weekend_txn_False": 0.2649667511941964,
    "cat__weekend_txn_True": 0.8409834620327999
  }
}