{
  "meta": {
    "txn_id": "txn_00030",
    "timestamp": "2025-12-24T07:00:19.584465Z",
    "merchant_id": "m_702",
    "user_id": "u_4770",
    "country": "DE",
    "currency": "EUR",
    "ip_country": "US"
  },
  "features": {
    "num__V1": 0.8979557718958264,
    "num__V2": 1.4169510897048805,
    "num__V3": -0.8208721167672373,
    "num__V4": 2.290045394995806,
    "num__V5": 0.7732603787338519,
    "num__V6": -0.7323870792239379,
    "num__V7": 2.170204453348416,
    "num__V8": -3.950448988038551,
    "num__V9": -0.31538862949070057,
    "num__V10": -4.85551430267374,
    "num__V11": 1.2550143928708748,
    "num__V12": -1.8522720213513408,
    "num__V13": 0.23160780627797214,
    "num__V14": -2.241966223965014,
    "num__V15": -0.7736657289890765,
    "num__V16": 0.4053515140571018,
    "num__V17": -7.666954545673875,
    "num__V18": -2.766598016342153,
    "num__V19": 0.9770988857937722,
    "num__V20": 0.03405679790425134,
    "num__V21": 1.2056717171125646,
    "num__V22": -1.8719000460719988,
    "num__V23": 0.24504917757966135,
    "num__V24": 0.029893870086221047,
    "num__V25": -0.25354457934642094,
    "num__V26": -0.9209972560002062,
    "num__V27": -0.03820750439292245,
    "num__V28": 0.08851636333266721,
    "num__Amount": -0.14500353446885386,
    "num__ip_reputation": -0.3663837963196507,
    "num__txn_count_5m": 1.2050282916987307,
    "num__txn_count_30m": -0.09331819860724733,
    "num__txn_count_60m": 0.337719697892161,
    "num__avg_amount_7d": -1.0351193147078515,
    "num__account_age_days": 0.15160602811537538,
    "num__token_age_days": -0.23503709604535364,
    "num__avg_spend_user_30d": 0.015335311275923642,
    "num__geo_distance_km": 0.6940152140118542,
    "num__amount_zscore": -0.31849407360844534,
    "cat__device_os_Android": 0.4199892623458893,
    "cat__device_os_MacOS": -0.16147772328044704,
    "cat__device_os_Windows": 0.36688553309871386,
    "cat__device_os_iOS": 0.581275447214588,
    "cat__browser_Chrome": 0.13997066719812948,
    "cat__browser_Edge": 0.4891403502501782,
    "cat__browser_Firefox": 0.6042469087395054,
    "cat__browser_Safari": 0.187422585671041,
    "cat__is_new_device_False": 0.7923563168838043,
    "cat__is_new_device_True": 0.011010645551252002,
    "cat__ip_country_AU": 0.01697851219927262,
    "cat__ip_country_BR": -0.023844568643326833,
    "cat__ip_country_CA": -0.035377435514073324,
    "cat__ip_country_DE": 0.1929534878535845,
    "cat__ip_country_ES": -0.017368214499251633,
    "cat__ip_country_FR": 0.0948421123782344,
    "cat__ip_country_GB": 0.059729074663050004,
    "cat__ip_country_IE": 0.22839236045376016,
    "cat__ip_country_IN": 0.007582411591458095,
    "cat__ip_country_IT": 0.10265767956250824,
    "cat__ip_country_NL": 0.17690773068817595,
    "cat__ip_country_PL": 0.23418163292715008,
    "cat__ip_country_PT": 0.004402844416432808,
    "cat__ip_country_SE": -0.006104988142130945,
    "cat__ip_country_US": -0.05505734810182235,
    "cat__is_proxy_vpn_False": 1.185875497375689,
    "cat__is_proxy_vpn_True": 0.4795898257789802,
    "cat__billing_country_AU": 0.06534508988260809,
    "cat__billing_country_BR": 0.2851197967563473,
    "cat__billing_country_CA": 0.049966341746276705,
    "cat__billing_country_DE": 0.15875391179429707,
    "cat__billing_country_ES": 0.06598873069588009,
    "cat__billing_country_FR": 0.10062847564817626,
    "cat__billing_country_GB": 0.08573914993278281,
    "cat__billing_country_IE": 0.027496112267722903,
    "cat__billing_country_IN": 0.1933074312053596,
    "cat__billing_country_IT": 0.1551499099719748,
    "cat__billing_country_NL": 0.18922252827492314,
    "cat__billing_country_PL": 0.09412898788446118,
    "cat__billing_country_PT": -0.03306280125381619,
    "cat__billing_country_SE": 0.24840529032353506,
    "cat__billing_country_US": 0.037439008442524464,
    "cat__shipping_country_AU": 0.10729790087742935,
    "cat__shipping_country_BR": 0.12388997556031131,
    "cat__shipping_country_CA": 0.10937207210623401,
    "cat__shipping_country_DE": 0.17506238232846333,
    "cat__shipping_country_ES": 0.19500964398581244,
    "cat__shipping_country_FR": 0.04346971600470535,
    "cat__shipping_country_GB": 0.23810890459077044,
    "cat__shipping_country_IE": 0.03237606122544194,
    "cat__shipping_country_IN": 0.1111489599237311,
    "cat__shipping_country_IT": 0.024008549827172945,
    "cat__shipping_country_NL": -0.007375583011310638,
    "cat__shipping_country_PL": 0.18113382962653146,
    "cat__shipping_country_PT": 0.4501343141353138,
    "cat__shipping_country_SE": 0.021935662139576317,
    "cat__shipping_country_US": 0.2016963269208843,
    "cat__country_mismatch_False": 0.032982307610525334,
    "cat__country_mismatch_True": 0.9276922591479698,
    "cat__night_txn_False": 1.1167505452329312,
    "cat__night_txn_True": 0.0244069352971312,
    "cat__weekend_txn_False": -0.02766083079513315,
    "cat__weekend_txn_True": 0.7291238194302716
  }
}