{
  "meta": {
    "txn_id": "txn_00025",
    "timestamp": "2025-12-18T01:49:19.581907Z",
    "merchant_id": "m_180",
    "user_id": "u_2403",
    "country": "NL",
    "currency": "EUR",
    "ip_country": "US"
  },
  "features": {
    "num__V1": -0.7542066093390151,
    "num__V2": 0.27272454615741815,
    "num__V3": -3.6179204624184305,
    "num__V4": -0.04494082971542612,
    "num__V5": -0.6578008384429956,
    "num__V6": 0.5653003655008543,
    "num__V7": -7.419312777333213,
    "num__V8": -1.291484269907222,
    "num__V9": -1.4365868291627057,
    "num__V10": -2.5355318599767847,
    "num__V11": 3.1502376659308036,
    "num__V12": -3.465595968852739,
    "num__V13": -0.20899103466132468,
    "num__V14": -1.0211773683958194,
    "num__V15": 0.2599080441669417,
    "num__V16": -1.5151354481900923,
    "num__V17": -3.977653530129554,
    "num__V18": -0.09835067909569495,
    "num__V19": -0.028759718293868586,
    "num__V20": -0.32383206869688047,
    "num__V21": 2.101675557934929,
    "num__V22": -1.4100140191291777,
    "num__V23": 0.08589350177124662,
    "num__V24": -0.20580712355937783,
    "num__V25": -0.8192172559697688,
    "num__V26": -0.3956528216946318,
    "num__V27": 0.09978118187980264,
    "num__V28": 0.8363177842013441,
    "num__Amount": -0.27232562968468416,
    "num__ip_reputation": 1.1411221843755843,
    "num__txn_count_5m": 0.291227608867712,
    "num__txn_count_30m": 1.2681093199759597,
    "num__txn_count_60m": -0.013609618459244244,
    "num__avg_amount_7d": -0.009722530209847901,
    "num__account_age_days": -0.42846998124039026,
    "num__token_age_days": -0.1047206760144617,
    "num__avg_spend_user_30d": 0.38512610626985483,
    "num__geo_distance_km": -1.068398651707228,
    "num__amount_zscore": 1.120399940711824,
    "cat__device_os_Android": 0.39942958839291426,
    "cat__device_os_MacOS": 0.21166811191800966,
    "cat__device_os_Windows": 0.14585059188447602,
    "cat__device_os_iOS": 0.09118756598265407,
    "cat__browser_Chrome": 0.38418526206921233,
    "cat__browser_Edge": 0.464231435715667,
    "cat__browser_Firefox": 0.21121810578107636,
    "cat__browser_Safari": 0.45236728991091535,
    "cat__is_new_device_False": 0.7017056537031874,
    "cat__is_new_device_True": -0.01850719016859173,
    "cat__ip_country_AU": 0.30039376671181905,
    "cat__ip_country_BR": 0.14112125394549457,
    "cat__ip_country_CA": 0.22852345876889035,
    "cat__ip_country_DE": -0.03289707600582311,
    "cat__ip_country_ES": -0.03362145489327517,
    "cat__ip_country_FR": 0.025171317622050562,
    "cat__ip_country_GB": -0.03222832862835753,
    "cat__ip_country_IE": 0.14048453436029154,
    "cat__ip_country_IN": -0.020366071117177892,
    "cat__ip_country_IT": -0.06794665009053052,
    "cat__ip_country_NL": 0.09760708122994531,
    "cat__ip_country_PL": -0.08100956096396494,
    "cat__ip_country_PT": -0.1367712698416894,
    "cat__ip_country_SE": 0.07680325410045828,
    "cat__ip_country_US": -0.13188122799787486,
    "cat__is_proxy_vpn_False": 0.9173531270035581,
    "cat__is_proxy_vpn_True": -0.03131353332895198,
    "cat__billing_country_AU": -0.19152731342314527,
    "cat__billing_country_BR": 0.033059115976851856,
    "cat__billing_country_CA": 0.07710405826119086,
    "cat__billing_country_DE": 0.13127616591051358,
    "cat__billing_country_ES": 0.08421479656146233,
    "cat__billing_country_FR": -0.05649619680469676,
    "cat__billing_country_GB": 0.13039753659346026,
    "cat__billing_country_IE": 0.19517962721131374,
    "cat__billing_country_IN": -0.07062347502453008,
    "cat__billing_country_IT": 0.05026480796670782,
    "cat__billing_country_NL": 0.037947212709474834,
    "cat__billing_country_PL": 0.0832638495184428,
    "cat__billing_country_PT": 0.051423971738959205,
    "cat__billing_country_SE": 0.053090642326059034,
    "cat__billing_country_US": 0.14109504775709053,
    "cat__shipping_country_AU": -0.06084666733653979,
    "cat__shipping_country_BR": 0.13479628691601453,
    "cat__shipping_country_CA": 0.19942998859624236,
    "cat__shipping_country_DE": 0.2579632439657835,
    "cat__shipping_country_ES": -0.17770404746220456,
    "cat__shipping_country_FR": 0.0483292366597116,
    "cat__shipping_country_GB": -0.15601112659811758,
    "cat__shipping_country_IE": -0.20797355505933401,
    "cat__shipping_country_IN": 0.08861143349509777,
    "cat__shipping_country_IT": 0.02268680056851051,
    "cat__shipping_country_NL": 0.10640050881258872,
    "cat__shipping_country_PL": 0.11866697300726117,
    "cat__shipping_country_PT": 0.22544996142042356,
    "cat__shipping_country_SE": 0.06811158772740038,
    "cat__shipping_country_US": 0.3943691034504498,
    "cat__country_mismatch_False": 0.10690198104036133,
    "cat__country_mismatch_True": 1.144307647562399,
    "cat__night_txn_False": 0.27266768508904854,
    "cat__night_txn_True": 0.5244641299070196,
    "cat__weekend_txn_False": 0.21475292153275424,
    "cat__weekend_txn_True": 0.33931167812977453
  }
}