{
  "meta": {
    "txn_id": "txn_00036",
    "timestamp": "2025-12-20T16:05:19.586988Z",
    "merchant_id": "m_919",
    "user_id": "u_2790",
    "country": "DE",
    "currency": "EUR",
    "ip_country": "DE"
  },
  "features": {
    "num__V1": -1.9921307666085828,
    "num__V2": 1.519523963404073,
    "num__V3": -5.043766688128475,
    "num__V4": 1.4143469931541277,
    "num__V5": -0.46247685228972313,
    "num__V6": -0.46759455014043966,
    "num__V7": -4.205784096281878,
    "num__V8": 0.8501319870714994,
    "num__V9": -0.4695177807785236,
    "num__V10": -7.495310807341992,
    "num__V11": 3.536897596475727,
    "num__V12": -3.8770899912930656,
    "num__V13": 0.16335456010498442,
    "num__V14": -0.789859859336183,
    "num__V15": -0.7663564440101687,
    "num__V16": -4.149679076011649,
    "num__V17": -5.438077543142322,
    "num__V18": -2.791698292811083,
    "num__V19": 1.8297196041497479,
    "num__V20": -0.36915608897750934,
    "num__V21": -0.5620395168259057,
    "num__V22": 0.17960583655214024,
    "num__V23": -0.9862128598274474,
    "num__V24": -0.24070525163766798,
    "num__V25": 0.268823618515471,
    "num__V26": -0.12056744036696009,
    "num__V27": 0.12049863248387833,
    "num__V28": -0.25487422282654054,
    "num__Amount": -0.6562192947176577,
    "num__ip_reputation": 0.7002789640569076,
    "num__txn_count_5m": 1.3006109089896665,
    "num__txn_count_30m": 0.3657393270243266,
    "num__txn_count_60m": 0.7489524180505606,
    "num__avg_amount_7d": 0.3123752542301634,
    "num__account_age_days": -1.2031589535856495,
    "num__token_age_days": 0.7497220144662025,
    "num__avg_spend_user_30d": 0.06028080754937338,
    "num__geo_distance_km": 0.9646650041627894,
    "num__amount_zscore": -0.3448362367308201,
    "cat__device_os_Android": 0.5866214240142753,
    "cat__device_os_MacOS": 0.39918793318641344,
    "cat__device_os_Windows": 0.3672969134776837,
    "cat__device_os_iOS": 0.31233941837621343,
    "cat__browser_Chrome": 0.2060798129431915,
    "cat__browser_Edge": 0.5055553189239409,
    "cat__browser_Firefox": 0.27084544127367094,
    "cat__browser_Safari": -0.14569164707017915,
    "cat__is_new_device_False": 0.6683040250077188,
    "cat__is_new_device_True": 0.12436904951635058,
    "cat__ip_country_AU": 0.11698566063828549,
    "cat__ip_country_BR": 0.06515233960249774,
    "cat__ip_country_CA": 0.2080779708633293,
    "cat__ip_country_DE": -0.15360913206820181,
    "cat__ip_country_ES": 0.09619989014010444,
    "cat__ip_country_FR": -0.13958368999790807,
    "cat__ip_country_GB": 0.1366697180021465,
    "cat__ip_country_IE": 0.05178997263182328,
    "cat__ip_country_IN": 0.11158666014142142,
    "cat__ip_country_IT": -0.03413085162473715,
    "cat__ip_country_NL": 0.23657925505483557,
    "cat__ip_country_PL": 0.18338057564110324,
    "cat__ip_country_PT": 0.12570536126000287,
    "cat__ip_country_SE": 0.047799487969859146,
    "cat__ip_country_US": 0.12840188045015843,
    "cat__is_proxy_vpn_False": 0.6449432572016913,
    "cat__is_proxy_vpn_True": 0.38237968119455484,
    "cat__billing_country_AU": 0.2630034715260054,
    "cat__billing_country_BR": 0.1876105617370478,
    "cat__billing_country_CA": -0.019154612527323714,
    "cat__billing_country_DE": 0.1159341715759695,
    "cat__billing_country_ES": -0.08078412744349246,
    "cat__billing_country_FR": 0.1194543960476257,
    "cat__billing_country_GB": 0.10257663043052259,
    "cat__billing_country_IE": -0.14741556056360466,
    "cat__billing_country_IN": -0.06557303463589213,
    "cat__billing_country_IT": 0.03832199893280509,
    "cat__billing_country_NL": 0.03487790526483555,
    "cat__billing_country_PL": -0.0723324934578832,
    "cat__billing_country_PT": 0.12293710093207955,
    "cat__billing_country_SE": 0.08818616456332823,
    "cat__billing_country_US": 0.0452658455577879,
    "cat__shipping_country_AU": -0.02010961268469265,
    "cat__shipping_country_BR": 0.16808824006876572,
    "cat__shipping_country_CA": 0.25852636264513906,
    "cat__shipping_country_DE": 0.01369655044520332,
    "cat__shipping_country_ES": -0.0002888926058144531,
    "cat__shipping_country_FR": 0.1264523935048289,
    "cat__shipping_country_GB": 0.02038964456238771,
    "cat__shipping_country_IE": 0.04651067362503696,
    "cat__shipping_country_IN": 0.15828199396385367,
    "cat__shipping_country_IT": -0.15128734863522747,
    "cat__shipping_country_NL": 0.22545167827055596,
    "cat__shipping_country_PL": 0.07238774221906434,
    "cat__shipping_country_PT": 0.026496610537240152,
    "cat__shipping_country_SE": 0.05220923441616923,
    "cat__shipping_country_US": 0.060365289817867436,
    "cat__country_mismatch_False": -0.13129904575664447,
    "cat__country_mismatch_True": 1.103679395627324,
    "cat__night_txn_False": 0.7625904534780099,
    "cat__night_txn_True": 0.3373534657319247,
    "cat__weekend_txn_False": 0.45191199882626265,
    "cat__weekend_txn_True": 0.5335078271777923
  }
}