{
  "meta": {
    "txn_id": "txn_00014",
    "timestamp": "2025-12-18T01:52:19.577620Z",
    "merchant_id": "m_997",
    "user_id": "u_6155",
    "country": "DE",
    "currency": "EUR",
    "ip_country": "RU"
  },
  "features": {
    "num__V1": -1.3974112454460366,
    "num__V2": 0.3870920786479367,
    "num__V3": -2.1917127845005995,
    "num__V4": -0.1546416130144077,
    "num__V5": -0.9232189854057432,
    "num__V6": -0.015313592950810584,
    "num__V7": -7.858790382240366,
    "num__V8": 1.1756339675308158,
    "num__V9": 0.08399843966837128,
    "num__V10": -5.620738790857205,
    "num__V11": 4.246260983220055,
    "num__V12": -2.1885129859575363,
    "num__V13": -0.4043683098606953,
    "num__V14": -3.869504873765156,
    "num__V15": 0.20759301902440774,
    "num__V16": -2.4921483686618533,
    "num__V17": -2.4255548400086697,
    "num__V18": -3.0004096815295433,
    "num__V19": 0.6129521939742633,
    "num__V20": -0.76309695752332,
    "num__V21": 0.34722628112985343,
    "num__V22": -0.7834128150327088,
    "num__V23": -0.5997069481936222,
    "num__V24": 0.47901360490970574,
    "num__V25": 0.7574401395178184,
    "num__V26": 0.31246550813485585,
    "num__V27": -1.2070328493452005,
    "num__V28": -0.10625189366283545,
    "num__Amount": 0.5591969655948793,
    "num__ip_reputation": 0.6113595913252419,
    "num__txn_count_5m": 1.6373575177085025,
    "num__txn_count_30m": 0.6275950308754844,
    "num__txn_count_60m": 0.7184271708894641,
    "num__avg_amount_7d": -0.12279145947738747,
    "num__account_age_days": -0.5395982941034299,
    "num__token_age_days": -0.09244418443954927,
    "num__avg_spend_user_30d": 0.2791448462484736,
    "num__geo_distance_km": 0.607154749974638,
    "num__amount_zscore": -0.3694267104415823,
    "cat__device_os_Android": -0.027280560547091937,
    "cat__device_os_MacOS": -0.11697994548672488,
    "cat__device_os_Windows": 0.3582719206421182,
    "cat__device_os_iOS": 0.04356951826796565,
    "cat__browser_Chrome": -0.17325193881381779,
    "cat__browser_Edge": 0.3423198294757268,
    "cat__browser_Firefox": 0.7339953871154362,
    "cat__browser_Safari": 0.23582101322978927,
    "cat__is_new_device_False": 0.9794740362099376,
    "cat__is_new_device_True": 0.16695913834472073,
    "cat__ip_country_AU": 0.06710115045309809,
    "cat__ip_country_BR": 0.1795888692669812,
    "cat__ip_country_CA": 0.034603121684342215,
    "cat__ip_country_DE": 0.09047419893518766,
    "cat__ip_country_ES": 0.11786812558833776,
    "cat__ip_country_FR": -0.00976743670870088,
    "cat__ip_country_GB": 0.16144608334035873,
    "cat__ip_country_IE": 0.04286300203102186,
    "cat__ip_country_IN": -0.020886686511705665,
    "cat__ip_country_IT": 0.11972690264138011,
    "cat__ip_country_NL": -0.029517891467976898,
    "cat__ip_country_PL": 0.06845598825006999,
    "cat__ip_country_PT": 0.06042641508598196,
    "cat__ip_country_SE": 0.18195082897648224,
    "cat__ip_country_US": 0.1166499627652321,
    "cat__is_proxy_vpn_False": 0.7702640204546404,
    "cat__is_proxy_vpn_True": 0.37543433690479205,
    "cat__billing_country_AU": 0.23270963314935866,
    "cat__billing_country_BR": 0.12952378236761836,
    "cat__billing_country_CA": 0.06232255516416887,
    "cat__billing_country_DE": -0.08144773905531834,
    "cat__billing_country_ES": -0.055104730135512675,
    "cat__billing_country_FR": 0.024818982197124417,
    "cat__billing_country_GB": -0.009797170752560723,
    "cat__billing_country_IE": 0.05631016746498517,
    "cat__billing_country_IN": 0.07435118434619427,
    "cat__billing_country_IT": 0.1333697913150152,
    "cat__billing_country_NL": 0.06164006006835633,
    "cat__billing_country_PL": 0.11222287431909497,
    "cat__billing_country_PT": 0.08386281155953662,
    "cat__billing_country_SE": -0.15654623081595168,
    "cat__billing_country_US": -0.04013113477691552,
    "cat__shipping_country_AU": 0.04948460533268259,
    "cat__shipping_country_BR": -0.07340999451944301,
    "cat__shipping_country_CA": 0.13723907406023,
    "cat__shipping_country_DE": 0.24603834940435673,
    "cat__shipping_country_ES": 0.21185480169809257,
    "cat__shipping_country_FR": 0.04478978696309003,
    "cat__shipping_country_GB": 0.22331898578225198,
    "cat__shipping_country_IE": 0.07844384537095697,
    "cat__shipping_country_IN": 0.03232154488661563,
    "cat__shipping_country_IT": -0.001994703170042203,
    "cat__shipping_country_NL": 0.03599265403558871,
    "cat__shipping_country_PL": 0.020801650699870257,
    "cat__shipping_country_PT": 0.0962649477381248,
    "cat__shipping_country_SE": 0.07995921796698291,
    "cat__shipping_country_US": 0.06494700508182451,
    "cat__country_mismatch_False": 0.12216101536275883,
    "cat__country_mismatch_True": 1.0681070268407475,
    "cat__night_txn_False": 0.9500088158606472,
    "cat__night_txn_True": -0.06048020510227525,
    "cat__weekend_txn_False": -0.28229864512794867,
    "cat__weekend_txn_True": 0.9430778986322828
  }
}