{
  "meta": {
    "txn_id": "txn_00037",
    "timestamp": "2025-12-19T10:14:19.587340Z",
    "merchant_id": "m_243",
    "user_id": "u_7912",
    "country": "DE",
    "currency": "EUR",
    "ip_country": "FR"
  },
  "features": {
    "num__V1": -0.7035976212373075,
    "num__V2": 0.9919778190129284,
    "num__V3": -0.7305854336957291,
    "num__V4": -0.8190034526911616,
    "num__V5": -1.632427349825491,
    "num__V6": -0.9755202561071625,
    "num__V7": -1.5610639960111876,
    "num__V8": 1.3841505524293893,
    "num__V9": -2.0039031273069585,
    "num__V10": -4.5109711857625125,
    "num__V11": 1.7828379891551667,
    "num__V12": -5.129956822467895,
    "num__V13": 0.37251215393345916,
    "num__V14": -4.639868660961541,
    "num__V15": -1.5411327559056796,
    "num__V16": -3.4435313588867995,
    "num__V17": -8.169087500052997,
    "num__V18": -4.08360204728067,
    "num__V19": -0.48040476122318354,
    "num__V20": 0.31425032630787103,
    "num__V21": 3.29379542110931,
    "num__V22": 0.2741401274615612,
    "num__V23": -0.49283289535017505,
    "num__V24": 0.1348993099758279,
    "num__V25": -0.22148930397978386,
    "num__V26": -0.28685785307405887,
    "num__V27": -1.289494621479525,
    "num__V28": -1.1081861739391616,
    "num__Amount": -0.1551163994955779,
    "num__ip_reputation": 0.6194353530237003,
    "num__txn_count_5m": 0.19588136409155632,
    "num__txn_count_30m": 0.0623598463166774,
    "num__txn_count_60m": -0.3272292557318719,
    "num__avg_amount_7d": 0.2756813538666512,
    "num__account_age_days": -1.225769111584001,
    "num__token_age_days": 0.3290954151166161,
    "num__avg_spend_user_30d": -0.46095732831114966,
    "num__geo_distance_km": -0.2978738426614661,
    "num__amount_zscore": -0.6855559971808682,
    "cat__device_os_Android": 0.13448097627493277,
    "cat__device_os_MacOS": 0.43875144087255213,
    "cat__device_os_Windows": 0.35980185664324094,
    "cat__device_os_iOS": 0.46193790904898,
    "cat__browser_Chrome": 0.3595905669534092,
    "cat__browser_Edge": 0.04231738208518479,
    "cat__browser_Firefox": 0.1780931671738748,
    "cat__browser_Safari": 0.08521423218584984,
    "cat__is_new_device_False": 1.057770097178008,
    "cat__is_new_device_True": -0.0364832148078752,
    "cat__ip_country_AU": 0.1881970406246169,
    "cat__ip_country_BR": 0.17652492698169273,
    "cat__ip_country_CA": 0.2782669005550748,
    "cat__ip_country_DE": 0.015980573245097017,
    "cat__ip_country_ES": 0.1653901437428224,
    "cat__ip_country_FR": 0.32324259146935824,
    "cat__ip_country_GB": -0.010215390598451585,
    "cat__ip_country_IE": -0.10795987201582102,
    "cat__ip_country_IN": -0.14760169072160775,
    "cat__ip_country_IT": 0.1390858085462863,
    "cat__ip_country_NL": -0.1498251465829245,
    "cat__ip_country_PL": 0.0230437083471706,
    "cat__ip_country_PT": 0.10959872338635199,
    "cat__ip_country_SE": 0.08253374327523251,
    "cat__ip_country_US": 0.11114571447348362,
    "cat__is_proxy_vpn_False": 0.8157186255030424,
    "cat__is_proxy_vpn_True": 0.46018027842314846,
    "cat__billing_country_AU": -0.04099394111331543,
    "cat__billing_country_BR": -0.01034719259683263,
    "cat__billing_country_CA": -0.0238956575707151,
    "cat__billing_country_DE": 0.17123218986980554,
    "cat__billing_country_ES": 0.1662417555133942,
    "cat__billing_country_FR": 0.10638887307264966,
    "cat__billing_country_GB": 0.1802640661479919,
    "cat__billing_country_IE": -0.06366901311770386,
    "cat__billing_country_IN": 0.2593085787891202,
    "cat__billing_country_IT": 0.24954925011777684,
    "cat__billing_country_NL": 0.15529103343002726,
    "cat__billing_country_PL": 0.253176342740159,
    "cat__billing_country_PT": -0.12337839765024206,
    "cat__billing_country_SE": 0.0029152671063099878,
    "cat__billing_country_US": -0.016745683208218426,
    "cat__shipping_country_AU": 0.1479610834834732,
    "cat__shipping_country_BR": -0.056348367610519146,
    "cat__shipping_country_CA": 0.15534536982154198,
    "cat__shipping_country_DE": 0.22755831102549054,
    "cat__shipping_country_ES": 0.15119174802246405,
    "cat__shipping_country_FR": 0.10241005019280483,
    "cat__shipping_country_GB": -0.048745413567696336,
    "cat__shipping_country_IE": -0.031913534197639364,
    "cat__shipping_country_IN": 0.21793944856098185,
    "cat__shipping_country_IT": 0.15844901113623705,
    "cat__shipping_country_NL": 0.0667884792633574,
    "cat__shipping_country_PL": 0.017473516275076255,
    "cat__shipping_country_PT": -0.16705252396541725,
    "cat__shipping_country_SE": -0.056834014565459515,
    "cat__shipping_country_US": 0.2802187902401343,
    "cat__country_mismatch_False": -0.0786059223174879,
    "cat__country_mismatch_True": 0.9510685643022443,
    "cat__night_txn_False": 0.9619547287587238,
    "cat__night_txn_True": -0.013023431781602313,
    "cat__weekend_txn_False": 0.29129974776064105,
    "cat__weekend_txn_True": 0.9438309920543407
  }
}