{
  "requests": 300,
  "errors": 1,
  "error_rate": 0.0033333333333333335,
  "latency_ms": {
    "min": 5.300750000060361,
    "p50": 5.632834000152798,
    "p90": 6.107332999818027,
    "p99": 6.8211669999982405,
    "mean": 5.7193775217602285,
    "max": 7.297290999758843
  },
  "throughput_rps": 174.44981998948552,
  "total_time_sec": 1.7196922302246094
}