{
  "requests": 300,
  "errors": 0,
  "error_rate": 0.0,
  "latency_ms": {
    "min": 4.381583999929717,
    "p50": 4.619145499418664,
    "p90": 5.4055173004599055,
    "p99": 21.541868839376548,
    "mean": 5.350058856638498,
    "max": 26.52562500043132
  },
  "throughput_rps": 186.55031467520627,
  "total_time_sec": 1.6081452369689941
}