Model,Precision,Recall,F1-score,ROC-AUC,Confusion Matrix
XGBoost,0.875,0.8076923076923077,0.84,0.9911120224982424,"[[42664, 6], [10, 42]]"
Autoencoder,0.03773584905660377,0.11538461538461539,0.05687203791469194,0.9508261073353644,"[[42517, 153], [46, 6]]"
Hybrid,0.875,0.8076923076923077,0.84,0.9911120224982424,"[[42664, 6], [10, 42]]"
