{
  "num__V1": 0.0993579616494969,
  "num__V2": 0.5255206481240466,
  "num__V3": -0.2195205714810811,
  "num__V4": -0.5962726177420092,
  "num__V5": 0.6710577943318046,
  "num__V6": -0.5166855993049444,
  "num__V7": 0.8682163270006821,
  "num__V8": -0.1413068538711809,
  "num__V9": -0.0451540140817057,
  "num__V10": -0.3814655206412986,
  "num__V11": -1.5167719415202403,
  "num__V12": 0.137969615565713,
  "num__V13": 0.3708978486525699,
  "num__V14": -0.033461209650643,
  "num__V15": -0.4454183545294004,
  "num__V16": 0.0506342488701262,
  "num__V17": -0.7297949456514652,
  "num__V18": -0.7243094588084625,
  "num__V19": 0.1453681294225232,
  "num__V20": -0.0274623229085424,
  "num__V21": -0.3818199727405744,
  "num__V22": -0.8751466316627324,
  "num__V23": 0.0082961373511584,
  "num__V24": -1.1889904938942584,
  "num__V25": -0.9390836011123936,
  "num__V26": 0.3676514891249961,
  "num__V27": 0.6325963235606081,
  "num__V28": 0.2822104436915313,
  "num__Amount": -0.3426172210700356,
  "num__ip_reputation": -1.0593842909382127,
  "num__txn_count_5m": -0.0310606823446588,
  "num__txn_count_30m": -0.0314702485099449,
  "num__txn_count_60m": -0.0321831883346548,
  "num__avg_amount_7d": -0.4134230002440264,
  "num__account_age_days": 0.1539049171226397,
  "num__token_age_days": 0.8823187561819541,
  "num__avg_spend_user_30d": -0.649143523099425,
  "num__geo_distance_km": -0.6034319693832645,
  "num__amount_zscore": -0.297513149965369,
  "cat__device_os_Android": 0.0,
  "cat__device_os_MacOS": 0.0,
  "cat__device_os_Windows": 0.0,
  "cat__device_os_iOS": 1.0,
  "cat__browser_Chrome": 0.0,
  "cat__browser_Edge": 1.0,
  "cat__browser_Firefox": 0.0,
  "cat__browser_Safari": 0.0,
  "cat__is_new_device_False": 1.0,
  "cat__is_new_device_True": 0.0,
  "cat__ip_country_AU": 0.0,
  "cat__ip_country_BR": 0.0,
  "cat__ip_country_CA": 0.0,
  "cat__ip_country_DE": 0.0,
  "cat__ip_country_ES": 0.0,
  "cat__ip_country_FR": 1.0,
  "cat__ip_country_GB": 0.0,
  "cat__ip_country_IE": 0.0,
  "cat__ip_country_IN": 0.0,
  "cat__ip_country_IT": 0.0,
  "cat__ip_country_NL": 0.0,
  "cat__ip_country_PL": 0.0,
  "cat__ip_country_PT": 0.0,
  "cat__ip_country_SE": 0.0,
  "cat__ip_country_US": 0.0,
  "cat__is_proxy_vpn_False": 1.0,
  "cat__is_proxy_vpn_True": 0.0,
  "cat__billing_country_AU": 0.0,
  "cat__billing_country_BR": 0.0,
  "cat__billing_country_CA": 0.0,
  "cat__billing_country_DE": 0.0,
  "cat__billing_country_ES": 0.0,
  "cat__billing_country_FR": 0.0,
  "cat__billing_country_GB": 0.0,
  "cat__billing_country_IE": 0.0,
  "cat__billing_country_IN": 0.0,
  "cat__billing_country_IT": 0.0,
  "cat__billing_country_NL": 0.0,
  "cat__billing_country_PL": 0.0,
  "cat__billing_country_PT": 0.0,
  "cat__billing_country_SE": 1.0,
  "cat__billing_country_US": 0.0,
  "cat__shipping_country_AU": 0.0,
  "cat__shipping_country_BR": 0.0,
  "cat__shipping_country_CA": 0.0,
  "cat__shipping_country_DE": 0.0,
  "cat__shipping_country_ES": 1.0,
  "cat__shipping_country_FR": 0.0,
  "cat__shipping_country_GB": 0.0,
  "cat__shipping_country_IE": 0.0,
  "cat__shipping_country_IN": 0.0,
  "cat__shipping_country_IT": 0.0,
  "cat__shipping_country_NL": 0.0,
  "cat__shipping_country_PL": 0.0,
  "cat__shipping_country_PT": 0.0,
  "cat__shipping_country_SE": 0.0,
  "cat__shipping_country_US": 0.0,
  "cat__country_mismatch_False": 0.0,
  "cat__country_mismatch_True": 1.0,
  "cat__night_txn_False": 1.0,
  "cat__night_txn_True": 0.0,
  "cat__weekend_txn_False": 1.0,
  "cat__weekend_txn_True": 0.0
}