{
  "num__V1": -2.2299982117177404,
  "num__V2": 2.71393430787908,
  "num__V3": -1.9277057528199368,
  "num__V4": -1.595525166231402,
  "num__V5": 0.2480588452126707,
  "num__V6": -1.3163103246000147,
  "num__V7": 1.3775938966323675,
  "num__V8": -0.4634952224330312,
  "num__V9": 2.8459122434833377,
  "num__V10": 5.485883893535527,
  "num__V11": 1.3556954403018722,
  "num__V12": 0.6999564731138639,
  "num__V13": -0.3047256072210677,
  "num__V14": -0.9628492933686276,
  "num__V15": -0.5537927248495943,
  "num__V16": -1.1897574658200627,
  "num__V17": -1.0850251276441638,
  "num__V18": -0.3409839004429663,
  "num__V19": -0.4408253666884146,
  "num__V20": 3.019514384875435,
  "num__V21": -0.450765843664081,
  "num__V22": 0.8911525148995499,
  "num__V23": -0.2313548283481653,
  "num__V24": 0.0792697616003788,
  "num__V25": 1.805358954251912,
  "num__V26": 0.075218988954893,
  "num__V27": 0.95461994790674,
  "num__V28": -0.4793093335533843,
  "num__Amount": -0.3473980460897965,
  "num__ip_reputation": 0.3274565892339107,
  "num__txn_count_5m": -0.7827457849133089,
  "num__txn_count_30m": -0.782042640415279,
  "num__txn_count_60m": -0.7798141786807419,
  "num__avg_amount_7d": -0.4369926196460362,
  "num__account_age_days": 1.104623040916736,
  "num__token_age_days": 0.1819324565124504,
  "num__avg_spend_user_30d": -0.6142669398335058,
  "num__geo_distance_km": -1.0327840023997692,
  "num__amount_zscore": -1.1059960862447602,
  "cat__device_os_Android": 0.0,
  "cat__device_os_MacOS": 1.0,
  "cat__device_os_Windows": 0.0,
  "cat__device_os_iOS": 0.0,
  "cat__browser_Chrome": 0.0,
  "cat__browser_Edge": 1.0,
  "cat__browser_Firefox": 0.0,
  "cat__browser_Safari": 0.0,
  "cat__is_new_device_False": 1.0,
  "cat__is_new_device_True": 0.0,
  "cat__ip_country_AU": 0.0,
  "cat__ip_country_BR": 0.0,
  "cat__ip_country_CA": 0.0,
  "cat__ip_country_DE": 0.0,
  "cat__ip_country_ES": 1.0,
  "cat__ip_country_FR": 0.0,
  "cat__ip_country_GB": 0.0,
  "cat__ip_country_IE": 0.0,
  "cat__ip_country_IN": 0.0,
  "cat__ip_country_IT": 0.0,
  "cat__ip_country_NL": 0.0,
  "cat__ip_country_PL": 0.0,
  "cat__ip_country_PT": 0.0,
  "cat__ip_country_SE": 0.0,
  "cat__ip_country_US": 0.0,
  "cat__is_proxy_vpn_False": 1.0,
  "cat__is_proxy_vpn_True": 0.0,
  "cat__billing_country_AU": 0.0,
  "cat__billing_country_BR": 0.0,
  "cat__billing_country_CA": 0.0,
  "cat__billing_country_DE": 1.0,
  "cat__billing_country_ES": 0.0,
  "cat__billing_country_FR": 0.0,
  "cat__billing_country_GB": 0.0,
  "cat__billing_country_IE": 0.0,
  "cat__billing_country_IN": 0.0,
  "cat__billing_country_IT": 0.0,
  "cat__billing_country_NL": 0.0,
  "cat__billing_country_PL": 0.0,
  "cat__billing_country_PT": 0.0,
  "cat__billing_country_SE": 0.0,
  "cat__billing_country_US": 0.0,
  "cat__shipping_country_AU": 0.0,
  "cat__shipping_country_BR": 0.0,
  "cat__shipping_country_CA": 0.0,
  "cat__shipping_country_DE": 0.0,
  "cat__shipping_country_ES": 0.0,
  "cat__shipping_country_FR": 0.0,
  "cat__shipping_country_GB": 0.0,
  "cat__shipping_country_IE": 0.0,
  "cat__shipping_country_IN": 0.0,
  "cat__shipping_country_IT": 0.0,
  "cat__shipping_country_NL": 0.0,
  "cat__shipping_country_PL": 1.0,
  "cat__shipping_country_PT": 0.0,
  "cat__shipping_country_SE": 0.0,
  "cat__shipping_country_US": 0.0,
  "cat__country_mismatch_False": 0.0,
  "cat__country_mismatch_True": 1.0,
  "cat__night_txn_False": 1.0,
  "cat__night_txn_True": 0.0,
  "cat__weekend_txn_False": 1.0,
  "cat__weekend_txn_True": 0.0
}