{
  "num__V1": 1.1163441454256509,
  "num__V2": -0.1397552820535662,
  "num__V3": -1.061648276427423,
  "num__V4": 0.1142058269426326,
  "num__V5": 0.0962916898372409,
  "num__V6": -0.5159728574944136,
  "num__V7": 0.0609502196745022,
  "num__V8": -0.0954773345819062,
  "num__V9": 0.366076259718787,
  "num__V10": 0.2404312129500096,
  "num__V11": 0.4315713918127549,
  "num__V12": 0.6177266500869316,
  "num__V13": -0.7916830673717271,
  "num__V14": 0.5892545122499396,
  "num__V15": -0.6161404757704305,
  "num__V16": 0.1969559469798877,
  "num__V17": -0.6528485846186635,
  "num__V18": -0.2585157212048072,
  "num__V19": 0.6126747179104309,
  "num__V20": -0.3365466183762942,
  "num__V21": -0.3242850478730149,
  "num__V22": -0.9399839051599074,
  "num__V23": 0.5021333715828226,
  "num__V24": -0.6981574582619327,
  "num__V25": -0.8006674392793266,
  "num__V26": 0.4073403959340635,
  "num__V27": -0.2065914004261063,
  "num__V28": -0.2396123868251692,
  "num__Amount": -0.296415970879069,
  "num__ip_reputation": -0.712674070895182,
  "num__txn_count_5m": -0.7827457849133089,
  "num__txn_count_30m": -0.782042640415279,
  "num__txn_count_60m": -0.7798141786807419,
  "num__avg_amount_7d": -0.3733546472606097,
  "num__account_age_days": -0.5859266410298569,
  "num__token_age_days": 1.3650174221703957,
  "num__avg_spend_user_30d": 0.1742173838058061,
  "num__geo_distance_km": -0.8538129582345443,
  "num__amount_zscore": -2.7738102387101845e-07,
  "cat__device_os_Android": 0.0,
  "cat__device_os_MacOS": 0.0,
  "cat__device_os_Windows": 0.0,
  "cat__device_os_iOS": 1.0,
  "cat__browser_Chrome": 0.0,
  "cat__browser_Edge": 0.0,
  "cat__browser_Firefox": 0.0,
  "cat__browser_Safari": 1.0,
  "cat__is_new_device_False": 1.0,
  "cat__is_new_device_True": 0.0,
  "cat__ip_country_AU": 0.0,
  "cat__ip_country_BR": 0.0,
  "cat__ip_country_CA": 1.0,
  "cat__ip_country_DE": 0.0,
  "cat__ip_country_ES": 0.0,
  "cat__ip_country_FR": 0.0,
  "cat__ip_country_GB": 0.0,
  "cat__ip_country_IE": 0.0,
  "cat__ip_country_IN": 0.0,
  "cat__ip_country_IT": 0.0,
  "cat__ip_country_NL": 0.0,
  "cat__ip_country_PL": 0.0,
  "cat__ip_country_PT": 0.0,
  "cat__ip_country_SE": 0.0,
  "cat__ip_country_US": 0.0,
  "cat__is_proxy_vpn_False": 1.0,
  "cat__is_proxy_vpn_True": 0.0,
  "cat__billing_country_AU": 0.0,
  "cat__billing_country_BR": 0.0,
  "cat__billing_country_CA": 0.0,
  "cat__billing_country_DE": 0.0,
  "cat__billing_country_ES": 1.0,
  "cat__billing_country_FR": 0.0,
  "cat__billing_country_GB": 0.0,
  "cat__billing_country_IE": 0.0,
  "cat__billing_country_IN": 0.0,
  "cat__billing_country_IT": 0.0,
  "cat__billing_country_NL": 0.0,
  "cat__billing_country_PL": 0.0,
  "cat__billing_country_PT": 0.0,
  "cat__billing_country_SE": 0.0,
  "cat__billing_country_US": 0.0,
  "cat__shipping_country_AU": 0.0,
  "cat__shipping_country_BR": 0.0,
  "cat__shipping_country_CA": 0.0,
  "cat__shipping_country_DE": 0.0,
  "cat__shipping_country_ES": 0.0,
  "cat__shipping_country_FR": 0.0,
  "cat__shipping_country_GB": 0.0,
  "cat__shipping_country_IE": 0.0,
  "cat__shipping_country_IN": 0.0,
  "cat__shipping_country_IT": 0.0,
  "cat__shipping_country_NL": 1.0,
  "cat__shipping_country_PL": 0.0,
  "cat__shipping_country_PT": 0.0,
  "cat__shipping_country_SE": 0.0,
  "cat__shipping_country_US": 0.0,
  "cat__country_mismatch_False": 0.0,
  "cat__country_mismatch_True": 1.0,
  "cat__night_txn_False": 1.0,
  "cat__night_txn_True": 0.0,
  "cat__weekend_txn_False": 1.0,
  "cat__weekend_txn_True": 0.0
}