{
  "num__V1": -0.1137451257802839,
  "num__V2": 0.6824432482135401,
  "num__V3": -0.2744487352963891,
  "num__V4": -0.4465389950202098,
  "num__V5": 0.1804797926551633,
  "num__V6": -0.851512932822432,
  "num__V7": 0.6164297950011088,
  "num__V8": 0.1673701397579315,
  "num__V9": -0.2537445940621018,
  "num__V10": -0.5967914948256877,
  "num__V11": -1.0380714338646335,
  "num__V12": 0.5507760248713494,
  "num__V13": 0.42671976909078,
  "num__V14": 0.3117808675561824,
  "num__V15": -0.5539807094778051,
  "num__V16": -0.0463650805255458,
  "num__V17": -0.2632185866706246,
  "num__V18": -0.9638389125259936,
  "num__V19": -0.1860973362122184,
  "num__V20": -0.1674328806856712,
  "num__V21": -0.2530988910402277,
  "num__V22": -0.6917646298649204,
  "num__V23": 0.2728007285332661,
  "num__V24": -0.025493286681687,
  "num__V25": -1.0644059877359902,
  "num__V26": 0.2824071079818956,
  "num__V27": 0.3109808545869165,
  "num__V28": 0.1071314805429759,
  "num__Amount": -0.3044509709122807,
  "num__ip_reputation": -1.624521949608353,
  "num__txn_count_5m": -0.0310606823446588,
  "num__txn_count_30m": -0.0314702485099449,
  "num__txn_count_60m": -0.0321831883346548,
  "num__avg_amount_7d": 2.088968506479998,
  "num__account_age_days": 1.0735086295925655,
  "num__token_age_days": -1.2093754631012934,
  "num__avg_spend_user_30d": -0.5834934840106358,
  "num__geo_distance_km": -0.9756518961165056,
  "num__amount_zscore": -0.7664553729235932,
  "cat__device_os_Android": 0.0,
  "cat__device_os_MacOS": 1.0,
  "cat__device_os_Windows": 0.0,
  "cat__device_os_iOS": 0.0,
  "cat__browser_Chrome": 0.0,
  "cat__browser_Edge": 0.0,
  "cat__browser_Firefox": 1.0,
  "cat__browser_Safari": 0.0,
  "cat__is_new_device_False": 1.0,
  "cat__is_new_device_True": 0.0,
  "cat__ip_country_AU": 0.0,
  "cat__ip_country_BR": 0.0,
  "cat__ip_country_CA": 0.0,
  "cat__ip_country_DE": 0.0,
  "cat__ip_country_ES": 0.0,
  "cat__ip_country_FR": 0.0,
  "cat__ip_country_GB": 0.0,
  "cat__ip_country_IE": 0.0,
  "cat__ip_country_IN": 0.0,
  "cat__ip_country_IT": 0.0,
  "cat__ip_country_NL": 0.0,
  "cat__ip_country_PL": 1.0,
  "cat__ip_country_PT": 0.0,
  "cat__ip_country_SE": 0.0,
  "cat__ip_country_US": 0.0,
  "cat__is_proxy_vpn_False": 1.0,
  "cat__is_proxy_vpn_True": 0.0,
  "cat__billing_country_AU": 0.0,
  "cat__billing_country_BR": 0.0,
  "cat__billing_country_CA": 0.0,
  "cat__billing_country_DE": 0.0,
  "cat__billing_country_ES": 0.0,
  "cat__billing_country_FR": 0.0,
  "cat__billing_country_GB": 0.0,
  "cat__billing_country_IE": 0.0,
  "cat__billing_country_IN": 0.0,
  "cat__billing_country_IT": 0.0,
  "cat__billing_country_NL": 1.0,
  "cat__billing_country_PL": 0.0,
  "cat__billing_country_PT": 0.0,
  "cat__billing_country_SE": 0.0,
  "cat__billing_country_US": 0.0,
  "cat__shipping_country_AU": 0.0,
  "cat__shipping_country_BR": 0.0,
  "cat__shipping_country_CA": 0.0,
  "cat__shipping_country_DE": 0.0,
  "cat__shipping_country_ES": 0.0,
  "cat__shipping_country_FR": 0.0,
  "cat__shipping_country_GB": 0.0,
  "cat__shipping_country_IE": 1.0,
  "cat__shipping_country_IN": 0.0,
  "cat__shipping_country_IT": 0.0,
  "cat__shipping_country_NL": 0.0,
  "cat__shipping_country_PL": 0.0,
  "cat__shipping_country_PT": 0.0,
  "cat__shipping_country_SE": 0.0,
  "cat__shipping_country_US": 0.0,
  "cat__country_mismatch_False": 0.0,
  "cat__country_mismatch_True": 1.0,
  "cat__night_txn_False": 1.0,
  "cat__night_txn_True": 0.0,
  "cat__weekend_txn_False": 1.0,
  "cat__weekend_txn_True": 0.0
}