{
  "num__V1": 1.0505655042717077,
  "num__V2": -0.2003902431235684,
  "num__V3": -1.0960147637626163,
  "num__V4": 0.0705218511900032,
  "num__V5": 0.5765899986746261,
  "num__V6": 0.644494212876751,
  "num__V7": -0.1224602951203381,
  "num__V8": 0.2451172521716154,
  "num__V9": 0.5567271306664644,
  "num__V10": -0.0793824692307672,
  "num__V11": -0.1554770947268542,
  "num__V12": 0.4175812765225986,
  "num__V13": -0.7082709574876974,
  "num__V14": 0.4917107899517225,
  "num__V15": 1.2006792244139353,
  "num__V16": -1.4547347401394626,
  "num__V17": 0.9835903414238548,
  "num__V18": -3.1469859708121053,
  "num__V19": -1.6256231377501151,
  "num__V20": -0.5568429188608635,
  "num__V21": -0.2323239392990401,
  "num__V22": -0.3497027208717425,
  "num__V23": 0.772099916617153,
  "num__V24": -2.4550776598197652,
  "num__V25": -1.382246979990121,
  "num__V26": 0.6748228037943521,
  "num__V27": -0.0155920267493156,
  "num__V28": -0.2525038630945108,
  "num__Amount": -0.3446259710783385,
  "num__ip_reputation": -1.5517128033993166,
  "num__txn_count_5m": -0.0310606823446588,
  "num__txn_count_30m": -0.0314702485099449,
  "num__txn_count_60m": -0.0321831883346548,
  "num__avg_amount_7d": -0.4184879610091392,
  "num__account_age_days": -1.5712163329619202,
  "num__token_age_days": -1.322951619804456,
  "num__avg_spend_user_30d": 0.068675827909593,
  "num__geo_distance_km": 2.110602487472963,
  "num__amount_zscore": -1.1059960862447602,
  "cat__device_os_Android": 0.0,
  "cat__device_os_MacOS": 1.0,
  "cat__device_os_Windows": 0.0,
  "cat__device_os_iOS": 0.0,
  "cat__browser_Chrome": 0.0,
  "cat__browser_Edge": 0.0,
  "cat__browser_Firefox": 0.0,
  "cat__browser_Safari": 1.0,
  "cat__is_new_device_False": 1.0,
  "cat__is_new_device_True": 0.0,
  "cat__ip_country_AU": 0.0,
  "cat__ip_country_BR": 0.0,
  "cat__ip_country_CA": 0.0,
  "cat__ip_country_DE": 0.0,
  "cat__ip_country_ES": 0.0,
  "cat__ip_country_FR": 0.0,
  "cat__ip_country_GB": 0.0,
  "cat__ip_country_IE": 0.0,
  "cat__ip_country_IN": 0.0,
  "cat__ip_country_IT": 0.0,
  "cat__ip_country_NL": 1.0,
  "cat__ip_country_PL": 0.0,
  "cat__ip_country_PT": 0.0,
  "cat__ip_country_SE": 0.0,
  "cat__ip_country_US": 0.0,
  "cat__is_proxy_vpn_False": 1.0,
  "cat__is_proxy_vpn_True": 0.0,
  "cat__billing_country_AU": 1.0,
  "cat__billing_country_BR": 0.0,
  "cat__billing_country_CA": 0.0,
  "cat__billing_country_DE": 0.0,
  "cat__billing_country_ES": 0.0,
  "cat__billing_country_FR": 0.0,
  "cat__billing_country_GB": 0.0,
  "cat__billing_country_IE": 0.0,
  "cat__billing_country_IN": 0.0,
  "cat__billing_country_IT": 0.0,
  "cat__billing_country_NL": 0.0,
  "cat__billing_country_PL": 0.0,
  "cat__billing_country_PT": 0.0,
  "cat__billing_country_SE": 0.0,
  "cat__billing_country_US": 0.0,
  "cat__shipping_country_AU": 0.0,
  "cat__shipping_country_BR": 0.0,
  "cat__shipping_country_CA": 0.0,
  "cat__shipping_country_DE": 0.0,
  "cat__shipping_country_ES": 1.0,
  "cat__shipping_country_FR": 0.0,
  "cat__shipping_country_GB": 0.0,
  "cat__shipping_country_IE": 0.0,
  "cat__shipping_country_IN": 0.0,
  "cat__shipping_country_IT": 0.0,
  "cat__shipping_country_NL": 0.0,
  "cat__shipping_country_PL": 0.0,
  "cat__shipping_country_PT": 0.0,
  "cat__shipping_country_SE": 0.0,
  "cat__shipping_country_US": 0.0,
  "cat__country_mismatch_False": 0.0,
  "cat__country_mismatch_True": 1.0,
  "cat__night_txn_False": 1.0,
  "cat__night_txn_True": 0.0,
  "cat__weekend_txn_False": 1.0,
  "cat__weekend_txn_True": 0.0
}