{
  "num__V1": -0.2766972926986396,
  "num__V2": -0.347405000069641,
  "num__V3": 0.9262540212566364,
  "num__V4": -1.9227936375747603,
  "num__V5": -0.3850978839061681,
  "num__V6": -0.4674878792580205,
  "num__V7": 0.0659545761362742,
  "num__V8": -0.0697203853257039,
  "num__V9": -1.555987018236793,
  "num__V10": 0.1776849956227479,
  "num__V11": -1.7977828943471923,
  "num__V12": -0.7770239120497198,
  "num__V13": -0.2588511646073629,
  "num__V14": -1.0440720721711885,
  "num__V15": -2.921083358678837,
  "num__V16": -1.413763160077795,
  "num__V17": 1.0895600523917994,
  "num__V18": -0.8281037646642471,
  "num__V19": 0.0506953204353741,
  "num__V20": -0.5021171764983219,
  "num__V21": -0.6739292095519737,
  "num__V22": -1.291999359693392,
  "num__V23": -0.4052624433905782,
  "num__V24": 0.0131171787376338,
  "num__V25": 1.3298088650888942,
  "num__V26": -0.5960953102881381,
  "num__V27": 0.0501410022482327,
  "num__V28": 0.1364099945641162,
  "num__Amount": -0.2576069207186571,
  "num__ip_reputation": 1.2635741833500942,
  "num__txn_count_5m": 0.7206244202239912,
  "num__txn_count_30m": 0.7191021433953892,
  "num__txn_count_60m": 0.7154478020114323,
  "num__avg_amount_7d": -0.3847884200769038,
  "num__account_age_days": -0.0880960598431302,
  "num__token_age_days": -0.2818368500254641,
  "num__avg_spend_user_30d": -0.4268907866009199,
  "num__geo_distance_km": 1.221454251473536,
  "num__amount_zscore": 1.5284859304686598,
  "cat__device_os_Android": 1.0,
  "cat__device_os_MacOS": 0.0,
  "cat__device_os_Windows": 0.0,
  "cat__device_os_iOS": 0.0,
  "cat__browser_Chrome": 0.0,
  "cat__browser_Edge": 0.0,
  "cat__browser_Firefox": 0.0,
  "cat__browser_Safari": 1.0,
  "cat__is_new_device_False": 1.0,
  "cat__is_new_device_True": 0.0,
  "cat__ip_country_AU": 0.0,
  "cat__ip_country_BR": 0.0,
  "cat__ip_country_CA": 1.0,
  "cat__ip_country_DE": 0.0,
  "cat__ip_country_ES": 0.0,
  "cat__ip_country_FR": 0.0,
  "cat__ip_country_GB": 0.0,
  "cat__ip_country_IE": 0.0,
  "cat__ip_country_IN": 0.0,
  "cat__ip_country_IT": 0.0,
  "cat__ip_country_NL": 0.0,
  "cat__ip_country_PL": 0.0,
  "cat__ip_country_PT": 0.0,
  "cat__ip_country_SE": 0.0,
  "cat__ip_country_US": 0.0,
  "cat__is_proxy_vpn_False": 1.0,
  "cat__is_proxy_vpn_True": 0.0,
  "cat__billing_country_AU": 0.0,
  "cat__billing_country_BR": 0.0,
  "cat__billing_country_CA": 0.0,
  "cat__billing_country_DE": 0.0,
  "cat__billing_country_ES": 0.0,
  "cat__billing_country_FR": 0.0,
  "cat__billing_country_GB": 0.0,
  "cat__billing_country_IE": 0.0,
  "cat__billing_country_IN": 1.0,
  "cat__billing_country_IT": 0.0,
  "cat__billing_country_NL": 0.0,
  "cat__billing_country_PL": 0.0,
  "cat__billing_country_PT": 0.0,
  "cat__billing_country_SE": 0.0,
  "cat__billing_country_US": 0.0,
  "cat__shipping_country_AU": 0.0,
  "cat__shipping_country_BR": 0.0,
  "cat__shipping_country_CA": 1.0,
  "cat__shipping_country_DE": 0.0,
  "cat__shipping_country_ES": 0.0,
  "cat__shipping_country_FR": 0.0,
  "cat__shipping_country_GB": 0.0,
  "cat__shipping_country_IE": 0.0,
  "cat__shipping_country_IN": 0.0,
  "cat__shipping_country_IT": 0.0,
  "cat__shipping_country_NL": 0.0,
  "cat__shipping_country_PL": 0.0,
  "cat__shipping_country_PT": 0.0,
  "cat__shipping_country_SE": 0.0,
  "cat__shipping_country_US": 0.0,
  "cat__country_mismatch_False": 0.0,
  "cat__country_mismatch_True": 1.0,
  "cat__night_txn_False": 1.0,
  "cat__night_txn_True": 0.0,
  "cat__weekend_txn_False": 1.0,
  "cat__weekend_txn_True": 0.0
}