{"num__V1": 1.1081345518156405, "num__V2": 0.2964416143974057, "num__V3": -1.8303129862899803, "num__V4": 0.4329823893104195, "num__V5": 0.4624882435400216, "num__V6": -1.1540195850174104, "num__V7": 0.2187740010678753, "num__V8": -0.1849815151111316, "num__V9": 0.2923886743573614, "num__V10": -0.922828784454618, "num__V11": 1.712743096043717, "num__V12": 0.2056371849536473, "num__V13": -0.7953889669769728, "num__V14": -2.3116554315294757, "num__V15": 0.422576829306769, "num__V16": 1.0399302247103976, "num__V17": 1.8153830798173325, "num__V18": 2.103607738966315, "num__V19": -0.6039298249810452, "num__V20": -0.2854236327266561, "num__V21": 0.2271631966397798, "num__V22": 0.9123155213797224, "num__V23": -0.0317835077728432, "num__V24": -0.362562282007848, "num__V25": 0.2411425212614446, "num__V26": -0.2543796854847701, "num__V27": 0.0347458177546881, "num__V28": -0.0171132849072789, "num__Amount": -0.3566382961279898, "num__ip_reputation": 1.710830367205604, "num__txn_count_5m": -0.7827457849133089, "num__txn_count_30m": -0.782042640415279, "num__txn_count_60m": -0.7798141786807419, "num__avg_amount_7d": -0.4485266887151049, "num__account_age_days": -0.8659563429473908, "num__token_age_days": 0.3901554104682488, "num__avg_spend_user_30d": -0.3977129914503469, "num__geo_distance_km": -0.6360136645756813, "num__amount_zscore": -2.7738102387101845e-07, "cat__device_os_Android": 0.0, "cat__device_os_MacOS": 1.0, "cat__device_os_Windows": 0.0, "cat__device_os_iOS": 0.0, "cat__browser_Chrome": 1.0, "cat__browser_Edge": 0.0, "cat__browser_Firefox": 0.0, "cat__browser_Safari": 0.0, "cat__is_new_device_False": 1.0, "cat__is_new_device_True": 0.0, "cat__ip_country_AU": 0.0, "cat__ip_country_BR": 0.0, "cat__ip_country_CA": 0.0, "cat__ip_country_DE": 0.0, "cat__ip_country_ES": 0.0, "cat__ip_country_FR": 0.0, "cat__ip_country_GB": 0.0, "cat__ip_country_IE": 0.0, "cat__ip_country_IN": 1.0, "cat__ip_country_IT": 0.0, "cat__ip_country_NL": 0.0, "cat__ip_country_PL": 0.0, "cat__ip_country_PT": 0.0, "cat__ip_country_SE": 0.0, "cat__ip_country_US": 0.0, "cat__is_proxy_vpn_False": 1.0, "cat__is_proxy_vpn_True": 0.0, "cat__billing_country_AU": 0.0, "cat__billing_country_BR": 0.0, "cat__billing_country_CA": 0.0, "cat__billing_country_DE": 0.0, "cat__billing_country_ES": 0.0, "cat__billing_country_FR": 0.0, "cat__billing_country_GB": 0.0, "cat__billing_country_IE": 0.0, "cat__billing_country_IN": 0.0, "cat__billing_country_IT": 0.0, "cat__billing_country_NL": 0.0, "cat__billing_country_PL": 0.0, "cat__billing_country_PT": 1.0, "cat__billing_country_SE": 0.0, "cat__billing_country_US": 0.0, "cat__shipping_country_AU": 0.0, "cat__shipping_country_BR": 0.0, "cat__shipping_country_CA": 0.0, "cat__shipping_country_DE": 0.0, "cat__shipping_country_ES": 0.0, "cat__shipping_country_FR": 0.0, "cat__shipping_country_GB": 0.0, "cat__shipping_country_IE": 0.0, "cat__shipping_country_IN": 0.0, "cat__shipping_country_IT": 0.0, "cat__shipping_country_NL": 0.0, "cat__shipping_country_PL": 1.0, "cat__shipping_country_PT": 0.0, "cat__shipping_country_SE": 0.0, "cat__shipping_country_US": 0.0, "cat__country_mismatch_False": 0.0, "cat__country_mismatch_True": 1.0, "cat__night_txn_False": 1.0, "cat__night_txn_True": 0.0, "cat__weekend_txn_False": 1.0, "cat__weekend_txn_True": 0.0}