{"num__V1": -1.1814794700861648, "num__V2": 2.8317441715416978, "num__V3": -2.0499437209506843, "num__V4": 0.27895527014697796, "num__V5": -2.3298142943836107, "num__V6": -0.19495074380582372, "num__V7": -0.8392144782643278, "num__V8": 2.220636810414558, "num__V9": -2.371682698789235, "num__V10": -5.601529391408739, "num__V11": 1.6735153386355368, "num__V12": 0.09427410475639952, "num__V13": -0.3987721757323252, "num__V14": -2.6142129421961218, "num__V15": 0.15548130246713132, "num__V16": -1.0470810380261237, "num__V17": 1.6734783725461995, "num__V18": 0.7838617969411676, "num__V19": 0.019196362808317102, "num__V20": -1.2470371890288134, "num__V21": -0.8137132003613267, "num__V22": 0.0677615785573752, "num__V23": -0.29001434554934014, "num__V24": 0.8017877432651275, "num__V25": 0.0802402398553218, "num__V26": 0.3329558867485371, "num__V27": 0.5332748225462496, "num__V28": -0.12734898675725803, "num__Amount": -0.8390692072483547, "num__ip_reputation": 0.5024402371820405, "num__txn_count_5m": 2.195413953434983, "num__txn_count_30m": -0.5162900293724668, "num__txn_count_60m": -1.125974262086491, "num__avg_amount_7d": 0.8525839763147429, "num__account_age_days": -0.25175681864865873, "num__token_age_days": 0.06186634040813483, "num__avg_spend_user_30d": 0.5623921356703699, "num__geo_distance_km": -0.3397415256473446, "num__amount_zscore": -0.053947995904264474, "cat__device_os_Android": 0.4184120834396894, "cat__device_os_MacOS": 0.6631065585137498, "cat__device_os_Windows": 0.022397581152623552, "cat__device_os_iOS": 0.5226923596933363, "cat__browser_Chrome": 0.3316433765137705, "cat__browser_Edge": 0.2969816595296163, "cat__browser_Firefox": 0.24169203690187346, "cat__browser_Safari": -0.032381133736068685, "cat__is_new_device_False": 0.9992990001491626, "cat__is_new_device_True": 0.02947147051148087, "cat__ip_country_AU": -0.05255680915653399, "cat__ip_country_BR": 0.1756458428149455, "cat__ip_country_CA": 0.1586719092775903, "cat__ip_country_DE": 0.06974689498291683, "cat__ip_country_ES": 0.21006504636006124, "cat__ip_country_FR": 0.2266369448851398, "cat__ip_country_GB": 0.19516463966450412, "cat__ip_country_IE": 0.0036825122889241405, "cat__ip_country_IN": 0.17859171649350353, "cat__ip_country_IT": 0.08403434979852448, "cat__ip_country_NL": 0.29112508827522915, "cat__ip_country_PL": 0.05123113725778083, "cat__ip_country_PT": 0.02216723090772766, "cat__ip_country_SE": -0.005652936675786362, "cat__ip_country_US": 0.08475428921985359, "cat__is_proxy_vpn_False": 0.8606436914114477, "cat__is_proxy_vpn_True": 0.3144517444318551, "cat__billing_country_AU": 0.11107373470843077, "cat__billing_country_BR": 0.14234938973164718, "cat__billing_country_CA": 0.03667832230248173, "cat__billing_country_DE": -0.029624151440898652, "cat__billing_country_ES": -0.04324796751464008, "cat__billing_country_FR": 0.1628743116973979, "cat__billing_country_GB": 0.10466686233961023, "cat__billing_country_IE": -0.1457233108321756, "cat__billing_country_IN": 0.19379606012839584, "cat__billing_country_IT": 0.2913177283413471, "cat__billing_country_NL": -0.013341298290332801, "cat__billing_country_PL": 0.09586279220036908, "cat__billing_country_PT": 0.019089156616176113, "cat__billing_country_SE": 0.1295987365023451, "cat__billing_country_US": -0.06611168578053365, "cat__shipping_country_AU": 0.057749152546954126, "cat__shipping_country_BR": 0.16088168823091675, "cat__shipping_country_CA": 0.2102982655718221, "cat__shipping_country_DE": 0.11866753691096385, "cat__shipping_country_ES": 0.0313568104724544, "cat__shipping_country_FR": -0.11504214210265452, "cat__shipping_country_GB": -0.023463854153824085, "cat__shipping_country_IE": 0.009942517162498728, "cat__shipping_country_IN": -0.009868210661072851, "cat__shipping_country_IT": 0.07552916821476019, "cat__shipping_country_NL": 0.03138490835762735, "cat__shipping_country_PL": 0.08351865890151743, "cat__shipping_country_PT": 0.22002245138216442, "cat__shipping_country_SE": 0.01696989510576173, "cat__shipping_country_US": -0.09138928481205652, "cat__country_mismatch_False": -0.010949067953606256, "cat__country_mismatch_True": 0.9971406936258191, "cat__night_txn_False": 0.8939604019240177, "cat__night_txn_True": 0.3297354365865073, "cat__weekend_txn_False": 0.5250483083483761, "cat__weekend_txn_True": 0.7083541210226764}