{"num__V1": 1.0790688034194835, "num__V2": 0.1644418114117652, "num__V3": -0.3065614613523496, "num__V4": 2.541994810573822, "num__V5": 0.2496309270615887, "num__V6": 0.6722331673305909, "num__V7": -0.3998428585178049, "num__V8": 0.1259265366785459, "num__V9": -0.2343467347534301, "num__V10": 1.2507375535108205, "num__V11": -2.243477542502297, "num__V12": -0.1656393270747832, "num__V13": 0.728743237785573, "num__V14": -0.504880616596352, "num__V15": -0.6386549493908799, "num__V16": 1.592263297069709, "num__V17": -1.4561258501265797, "num__V18": 0.3775844095612019, "num__V19": -1.7548775262413636, "num__V20": -0.3280455590317841, "num__V21": 0.2498320681805048, "num__V22": 1.0283208290138144, "num__V23": 0.0646244588056767, "num__V24": -1.767670865895798, "num__V25": -0.2121263144371187, "num__V26": 0.3025823451167034, "num__V27": 0.052323571049905, "num__V28": -0.1412910873832953, "num__Amount": -0.3471971710889662, "num__ip_reputation": 0.0882265374042195, "num__txn_count_5m": 1.4723095227926413, "num__txn_count_30m": 1.4696745353007232, "num__txn_count_60m": 1.4630787923575193, "num__avg_amount_7d": -0.3982782660750754, "num__account_age_days": -1.477873098989409, "num__token_age_days": 0.9580361939840626, "num__avg_spend_user_30d": -0.6288558374087923, "num__geo_distance_km": -0.8960031406079095, "num__amount_zscore": -0.5264542824001625, "cat__device_os_Android": 0.0, "cat__device_os_MacOS": 1.0, "cat__device_os_Windows": 0.0, "cat__device_os_iOS": 0.0, "cat__browser_Chrome": 1.0, "cat__browser_Edge": 0.0, "cat__browser_Firefox": 0.0, "cat__browser_Safari": 0.0, "cat__is_new_device_False": 1.0, "cat__is_new_device_True": 0.0, "cat__ip_country_AU": 0.0, "cat__ip_country_BR": 0.0, "cat__ip_country_CA": 0.0, "cat__ip_country_DE": 0.0, "cat__ip_country_ES": 0.0, "cat__ip_country_FR": 0.0, "cat__ip_country_GB": 0.0, "cat__ip_country_IE": 0.0, "cat__ip_country_IN": 0.0, "cat__ip_country_IT": 1.0, "cat__ip_country_NL": 0.0, "cat__ip_country_PL": 0.0, "cat__ip_country_PT": 0.0, "cat__ip_country_SE": 0.0, "cat__ip_country_US": 0.0, "cat__is_proxy_vpn_False": 0.0, "cat__is_proxy_vpn_True": 1.0, "cat__billing_country_AU": 0.0, "cat__billing_country_BR": 0.0, "cat__billing_country_CA": 0.0, "cat__billing_country_DE": 0.0, "cat__billing_country_ES": 0.0, "cat__billing_country_FR": 0.0, "cat__billing_country_GB": 0.0, "cat__billing_country_IE": 0.0, "cat__billing_country_IN": 0.0, "cat__billing_country_IT": 0.0, "cat__billing_country_NL": 1.0, "cat__billing_country_PL": 0.0, "cat__billing_country_PT": 0.0, "cat__billing_country_SE": 0.0, "cat__billing_country_US": 0.0, "cat__shipping_country_AU": 0.0, "cat__shipping_country_BR": 0.0, "cat__shipping_country_CA": 0.0, "cat__shipping_country_DE": 0.0, "cat__shipping_country_ES": 0.0, "cat__shipping_country_FR": 0.0, "cat__shipping_country_GB": 0.0, "cat__shipping_country_IE": 0.0, "cat__shipping_country_IN": 0.0, "cat__shipping_country_IT": 1.0, "cat__shipping_country_NL": 0.0, "cat__shipping_country_PL": 0.0, "cat__shipping_country_PT": 0.0, "cat__shipping_country_SE": 0.0, "cat__shipping_country_US": 0.0, "cat__country_mismatch_False": 0.0, "cat__country_mismatch_True": 1.0, "cat__night_txn_False": 1.0, "cat__night_txn_True": 0.0, "cat__weekend_txn_False": 1.0, "cat__weekend_txn_True": 0.0}