{"num__V1": 0.9637907042451316, "num__V2": -0.354622485575284, "num__V3": -1.6455584100784733, "num__V4": 0.1519359275919741, "num__V5": 0.289042737812383, "num__V6": -0.2199399689502441, "num__V7": 0.087655828469613, "num__V8": 0.0155874749830195, "num__V9": 0.831186873249337, "num__V10": -0.6436873036861261, "num__V11": 0.539212051845548, "num__V12": 0.2350764622565082, "num__V13": -1.3717783604986842, "num__V14": -1.0781254682696426, "num__V15": -0.6775541454708909, "num__V16": 0.3832624203262622, "num__V17": 0.8669056148717952, "num__V18": 0.952963104019384, "num__V19": 0.5775803830380194, "num__V20": 0.0866063419055958, "num__V21": -0.1751890595855225, "num__V22": -0.8203186351127055, "num__V23": 0.1112505492309399, "num__V24": 0.2375833971722286, "num__V25": -0.4015506920115316, "num__V26": -0.2686047221570589, "num__V27": -0.1288951767604818, "num__V28": -0.0236815630948639, "num__Amount": 0.2786891564980492, "num__ip_reputation": 0.3898644288416563, "num__txn_count_5m": 1.4723095227926413, "num__txn_count_30m": 1.4696745353007232, "num__txn_count_60m": 1.4630787923575193, "num__avg_amount_7d": -0.0681030019413885, "num__account_age_days": -0.8555848725060006, "num__token_age_days": 1.1946531871156516, "num__avg_spend_user_30d": 0.6055016683752129, "num__geo_distance_km": 0.1309635907882309, "num__amount_zscore": 2.1389956169614424, "cat__device_os_Android": 0.0, "cat__device_os_MacOS": 1.0, "cat__device_os_Windows": 0.0, "cat__device_os_iOS": 0.0, "cat__browser_Chrome": 0.0, "cat__browser_Edge": 0.0, "cat__browser_Firefox": 0.0, "cat__browser_Safari": 1.0, "cat__is_new_device_False": 1.0, "cat__is_new_device_True": 0.0, "cat__ip_country_AU": 0.0, "cat__ip_country_BR": 0.0, "cat__ip_country_CA": 0.0, "cat__ip_country_DE": 0.0, "cat__ip_country_ES": 0.0, "cat__ip_country_FR": 0.0, "cat__ip_country_GB": 1.0, "cat__ip_country_IE": 0.0, "cat__ip_country_IN": 0.0, "cat__ip_country_IT": 0.0, "cat__ip_country_NL": 0.0, "cat__ip_country_PL": 0.0, "cat__ip_country_PT": 0.0, "cat__ip_country_SE": 0.0, "cat__ip_country_US": 0.0, "cat__is_proxy_vpn_False": 0.0, "cat__is_proxy_vpn_True": 1.0, "cat__billing_country_AU": 0.0, "cat__billing_country_BR": 0.0, "cat__billing_country_CA": 0.0, "cat__billing_country_DE": 0.0, "cat__billing_country_ES": 0.0, "cat__billing_country_FR": 0.0, "cat__billing_country_GB": 0.0, "cat__billing_country_IE": 0.0, "cat__billing_country_IN": 0.0, "cat__billing_country_IT": 0.0, "cat__billing_country_NL": 0.0, "cat__billing_country_PL": 0.0, "cat__billing_country_PT": 0.0, "cat__billing_country_SE": 1.0, "cat__billing_country_US": 0.0, "cat__shipping_country_AU": 0.0, "cat__shipping_country_BR": 0.0, "cat__shipping_country_CA": 1.0, "cat__shipping_country_DE": 0.0, "cat__shipping_country_ES": 0.0, "cat__shipping_country_FR": 0.0, "cat__shipping_country_GB": 0.0, "cat__shipping_country_IE": 0.0, "cat__shipping_country_IN": 0.0, "cat__shipping_country_IT": 0.0, "cat__shipping_country_NL": 0.0, "cat__shipping_country_PL": 0.0, "cat__shipping_country_PT": 0.0, "cat__shipping_country_SE": 0.0, "cat__shipping_country_US": 0.0, "cat__country_mismatch_False": 0.0, "cat__country_mismatch_True": 1.0, "cat__night_txn_False": 1.0, "cat__night_txn_True": 0.0, "cat__weekend_txn_False": 1.0, "cat__weekend_txn_True": 0.0}