{"num__V1": -0.2153775751640209, "num__V2": 1.0858738564377204, "num__V3": -1.9274746218161776, "num__V4": -0.2293186703725599, "num__V5": 1.738480176477922, "num__V6": -1.6018123007654932, "num__V7": 1.29568845506187, "num__V8": -0.3406244674315939, "num__V9": -0.5477453011702454, "num__V10": -1.5304709347691623, "num__V11": 1.5770224852664705, "num__V12": -0.6957553073007117, "num__V13": -1.329703584408608, "num__V14": -3.5307168183698767, "num__V15": -0.0162853446861316, "num__V16": 0.966986082712494, "num__V17": 3.204919395286622, "num__V18": 2.7547448030881347, "num__V19": 0.2715693078757221, "num__V20": -0.0740447270200573, "num__V21": 0.038381036298204, "num__V22": 0.3921882223942229, "num__V23": -0.7674362129206894, "num__V24": -1.1021528567604175, "num__V25": -0.633067166171991, "num__V26": 0.3759734762028719, "num__V27": 0.5662129427042241, "num__V28": 0.9799400284507434, "num__Amount": -0.3301629710185577, "num__ip_reputation": 1.7142974694060344, "num__txn_count_5m": 0.7206244202239912, "num__txn_count_30m": 0.7191021433953892, "num__txn_count_60m": 0.7154478020114323, "num__avg_amount_7d": -0.2160399747837907, "num__account_age_days": -1.273900846975403, "num__token_age_days": 1.336623382994605, "num__avg_spend_user_30d": -0.6372900438195047, "num__geo_distance_km": 1.992499030568476, "num__amount_zscore": -0.7520774274083647, "cat__device_os_Android": 0.0, "cat__device_os_MacOS": 0.0, "cat__device_os_Windows": 0.0, "cat__device_os_iOS": 1.0, "cat__browser_Chrome": 0.0, "cat__browser_Edge": 0.0, "cat__browser_Firefox": 0.0, "cat__browser_Safari": 1.0, "cat__is_new_device_False": 1.0, "cat__is_new_device_True": 0.0, "cat__ip_country_AU": 0.0, "cat__ip_country_BR": 0.0, "cat__ip_country_CA": 0.0, "cat__ip_country_DE": 0.0, "cat__ip_country_ES": 0.0, "cat__ip_country_FR": 0.0, "cat__ip_country_GB": 1.0, "cat__ip_country_IE": 0.0, "cat__ip_country_IN": 0.0, "cat__ip_country_IT": 0.0, "cat__ip_country_NL": 0.0, "cat__ip_country_PL": 0.0, "cat__ip_country_PT": 0.0, "cat__ip_country_SE": 0.0, "cat__ip_country_US": 0.0, "cat__is_proxy_vpn_False": 1.0, "cat__is_proxy_vpn_True": 0.0, "cat__billing_country_AU": 0.0, "cat__billing_country_BR": 0.0, "cat__billing_country_CA": 0.0, "cat__billing_country_DE": 0.0, "cat__billing_country_ES": 0.0, "cat__billing_country_FR": 0.0, "cat__billing_country_GB": 0.0, "cat__billing_country_IE": 0.0, "cat__billing_country_IN": 0.0, "cat__billing_country_IT": 0.0, "cat__billing_country_NL": 0.0, "cat__billing_country_PL": 0.0, "cat__billing_country_PT": 0.0, "cat__billing_country_SE": 0.0, "cat__billing_country_US": 1.0, "cat__shipping_country_AU": 1.0, "cat__shipping_country_BR": 0.0, "cat__shipping_country_CA": 0.0, "cat__shipping_country_DE": 0.0, "cat__shipping_country_ES": 0.0, "cat__shipping_country_FR": 0.0, "cat__shipping_country_GB": 0.0, "cat__shipping_country_IE": 0.0, "cat__shipping_country_IN": 0.0, "cat__shipping_country_IT": 0.0, "cat__shipping_country_NL": 0.0, "cat__shipping_country_PL": 0.0, "cat__shipping_country_PT": 0.0, "cat__shipping_country_SE": 0.0, "cat__shipping_country_US": 0.0, "cat__country_mismatch_False": 0.0, "cat__country_mismatch_True": 1.0, "cat__night_txn_False": 1.0, "cat__night_txn_True": 0.0, "cat__weekend_txn_False": 1.0, "cat__weekend_txn_True": 0.0}