{"num__V1": -0.2348994868038652, "num__V2": 1.3659833993455297, "num__V3": -2.654738156524228, "num__V4": 0.1154242600840888, "num__V5": 0.8810795911341345, "num__V6": -0.9775006264481186, "num__V7": -0.187776964589062, "num__V8": 0.4110064200286464, "num__V9": -1.6365974774263594, "num__V10": -3.1413862536154076, "num__V11": 2.005779832559781, "num__V12": -1.4805784205130703, "num__V13": 0.4469192828863722, "num__V14": -4.573194549194393, "num__V15": -1.4345170623150776, "num__V16": -1.3214674525009285, "num__V17": -2.1177950231073894, "num__V18": -0.015939544187428, "num__V19": 0.4866039512169035, "num__V20": 0.1423456158643145, "num__V21": 0.513158234968366, "num__V22": 0.3737002374921981, "num__V23": -0.5738809242065231, "num__V24": 0.0190815019181347, "num__V25": 0.5870733597318094, "num__V26": 1.312583581529513, "num__V27": 0.4322842338076421, "num__V28": 0.3672934909411236, "num__Amount": -0.3576024961319752, "num__ip_reputation": 1.1907650371410576, "num__txn_count_5m": -0.0310606823446588, "num__txn_count_30m": -0.0314702485099449, "num__txn_count_60m": -0.0321831883346548, "num__avg_amount_7d": -0.4115173714413107, "num__account_age_days": -1.4847874126170024, "num__token_age_days": 1.2609059451924969, "num__avg_spend_user_30d": -0.6847039609391858, "num__geo_distance_km": -0.4376411517634865, "num__amount_zscore": -1.1059960862447602, "cat__device_os_Android": 0.0, "cat__device_os_MacOS": 0.0, "cat__device_os_Windows": 0.0, "cat__device_os_iOS": 1.0, "cat__browser_Chrome": 0.0, "cat__browser_Edge": 1.0, "cat__browser_Firefox": 0.0, "cat__browser_Safari": 0.0, "cat__is_new_device_False": 1.0, "cat__is_new_device_True": 0.0, "cat__ip_country_AU": 0.0, "cat__ip_country_BR": 0.0, "cat__ip_country_CA": 0.0, "cat__ip_country_DE": 0.0, "cat__ip_country_ES": 0.0, "cat__ip_country_FR": 0.0, "cat__ip_country_GB": 0.0, "cat__ip_country_IE": 0.0, "cat__ip_country_IN": 0.0, "cat__ip_country_IT": 0.0, "cat__ip_country_NL": 0.0, "cat__ip_country_PL": 0.0, "cat__ip_country_PT": 0.0, "cat__ip_country_SE": 1.0, "cat__ip_country_US": 0.0, "cat__is_proxy_vpn_False": 1.0, "cat__is_proxy_vpn_True": 0.0, "cat__billing_country_AU": 0.0, "cat__billing_country_BR": 0.0, "cat__billing_country_CA": 0.0, "cat__billing_country_DE": 0.0, "cat__billing_country_ES": 0.0, "cat__billing_country_FR": 0.0, "cat__billing_country_GB": 0.0, "cat__billing_country_IE": 0.0, "cat__billing_country_IN": 0.0, "cat__billing_country_IT": 0.0, "cat__billing_country_NL": 0.0, "cat__billing_country_PL": 0.0, "cat__billing_country_PT": 1.0, "cat__billing_country_SE": 0.0, "cat__billing_country_US": 0.0, "cat__shipping_country_AU": 0.0, "cat__shipping_country_BR": 0.0, "cat__shipping_country_CA": 0.0, "cat__shipping_country_DE": 0.0, "cat__shipping_country_ES": 0.0, "cat__shipping_country_FR": 0.0, "cat__shipping_country_GB": 0.0, "cat__shipping_country_IE": 0.0, "cat__shipping_country_IN": 0.0, "cat__shipping_country_IT": 0.0, "cat__shipping_country_NL": 0.0, "cat__shipping_country_PL": 1.0, "cat__shipping_country_PT": 0.0, "cat__shipping_country_SE": 0.0, "cat__shipping_country_US": 0.0, "cat__country_mismatch_False": 0.0, "cat__country_mismatch_True": 1.0, "cat__night_txn_False": 1.0, "cat__night_txn_True": 0.0, "cat__weekend_txn_False": 1.0, "cat__weekend_txn_True": 0.0}