{"num__V1": -0.3780154482923472, "num__V2": 1.1453609608815378, "num__V3": -0.3305583825679306, "num__V4": 1.7044384337387046, "num__V5": 1.8696521479636836, "num__V6": 0.9455340917891312, "num__V7": 0.964634748757456, "num__V8": 0.3113440425618364, "num__V9": -1.2537630397895507, "num__V10": 0.1495991536112926, "num__V11": 1.030428680262306, "num__V12": -1.2447592251420003, "num__V13": -2.566211016047101, "num__V14": -2.3351702286685754, "num__V15": -0.9695525750177824, "num__V16": 1.262902482452763, "num__V17": 1.8825048032988705, "num__V18": -0.0784915393448372, "num__V19": -3.5696454732349197, "num__V20": -0.3541399138958828, "num__V21": -0.3883795456490878, "num__V22": -1.0205531146811768, "num__V23": 0.0066870449178696, "num__V24": -2.9892846730529112, "num__V25": -1.8020959369304723, "num__V26": -0.8376161852135098, "num__V27": 0.0140364763161174, "num__V28": 0.1875217485822738, "num__Amount": -0.3383586710524335, "num__ip_reputation": 1.4299950889707491, "num__txn_count_5m": -0.7827457849133089, "num__txn_count_30m": -0.782042640415279, "num__txn_count_60m": -0.7798141786807419, "num__avg_amount_7d": -0.4257092912089039, "num__account_age_days": -1.094128692657974, "num__token_age_days": -0.9443644307939136, "num__avg_spend_user_30d": -0.3457400438383888, "num__geo_distance_km": 1.589782281484654, "num__amount_zscore": -0.910234828075879, "cat__device_os_Android": 1.0, "cat__device_os_MacOS": 0.0, "cat__device_os_Windows": 0.0, "cat__device_os_iOS": 0.0, "cat__browser_Chrome": 1.0, "cat__browser_Edge": 0.0, "cat__browser_Firefox": 0.0, "cat__browser_Safari": 0.0, "cat__is_new_device_False": 1.0, "cat__is_new_device_True": 0.0, "cat__ip_country_AU": 0.0, "cat__ip_country_BR": 0.0, "cat__ip_country_CA": 0.0, "cat__ip_country_DE": 0.0, "cat__ip_country_ES": 0.0, "cat__ip_country_FR": 0.0, "cat__ip_country_GB": 0.0, "cat__ip_country_IE": 0.0, "cat__ip_country_IN": 0.0, "cat__ip_country_IT": 0.0, "cat__ip_country_NL": 0.0, "cat__ip_country_PL": 0.0, "cat__ip_country_PT": 0.0, "cat__ip_country_SE": 1.0, "cat__ip_country_US": 0.0, "cat__is_proxy_vpn_False": 0.0, "cat__is_proxy_vpn_True": 1.0, "cat__billing_country_AU": 1.0, "cat__billing_country_BR": 0.0, "cat__billing_country_CA": 0.0, "cat__billing_country_DE": 0.0, "cat__billing_country_ES": 0.0, "cat__billing_country_FR": 0.0, "cat__billing_country_GB": 0.0, "cat__billing_country_IE": 0.0, "cat__billing_country_IN": 0.0, "cat__billing_country_IT": 0.0, "cat__billing_country_NL": 0.0, "cat__billing_country_PL": 0.0, "cat__billing_country_PT": 0.0, "cat__billing_country_SE": 0.0, "cat__billing_country_US": 0.0, "cat__shipping_country_AU": 0.0, "cat__shipping_country_BR": 0.0, "cat__shipping_country_CA": 0.0, "cat__shipping_country_DE": 0.0, "cat__shipping_country_ES": 0.0, "cat__shipping_country_FR": 1.0, "cat__shipping_country_GB": 0.0, "cat__shipping_country_IE": 0.0, "cat__shipping_country_IN": 0.0, "cat__shipping_country_IT": 0.0, "cat__shipping_country_NL": 0.0, "cat__shipping_country_PL": 0.0, "cat__shipping_country_PT": 0.0, "cat__shipping_country_SE": 0.0, "cat__shipping_country_US": 0.0, "cat__country_mismatch_False": 1.0, "cat__country_mismatch_True": 0.0, "cat__night_txn_False": 0.0, "cat__night_txn_True": 1.0, "cat__weekend_txn_False": 1.0, "cat__weekend_txn_True": 0.0}