{"num__V1": -0.1611065705980854, "num__V2": 0.7035120608927461, "num__V3": 0.0296393937350584, "num__V4": 2.8595836173822327, "num__V5": 1.317853518304969, "num__V6": 1.09934815213001, "num__V7": 0.4717756637548842, "num__V8": 0.1320952336225288, "num__V9": -1.866728101498846, "num__V10": 1.7531266953548856, "num__V11": -0.4403277664538886, "num__V12": -0.3536010400434504, "num__V13": -0.0458890686771066, "num__V14": 0.42946195873188, "num__V15": -0.2536820934624123, "num__V16": 0.1675693304567876, "num__V17": -0.4478781944656468, "num__V18": 0.6233970063606777, "num__V19": 2.533315662063038, "num__V20": -0.0943741973377793, "num__V21": -0.2593348133878116, "num__V22": -0.5294877745176507, "num__V23": 0.6648320860720565, "num__V24": -0.6920758576865376, "num__V25": -1.8947750241988792, "num__V26": 0.0354475831942938, "num__V27": 0.1726896005241668, "num__V28": 0.4220210165321779, "num__Amount": -0.338720246053928, "num__ip_reputation": 0.3898644288416563, "num__txn_count_5m": 0.7206244202239912, "num__txn_count_30m": 0.7191021433953892, "num__txn_count_60m": 0.7154478020114323, "num__avg_amount_7d": -0.434384917073899, "num__account_age_days": -1.681845351003415, "num__token_age_days": -1.5690332926613086, "num__avg_spend_user_30d": -0.2066896138239394, "num__geo_distance_km": 0.046500215353112, "num__amount_zscore": 1.2199130997956775, "cat__device_os_Android": 0.0, "cat__device_os_MacOS": 0.0, "cat__device_os_Windows": 0.0, "cat__device_os_iOS": 1.0, "cat__browser_Chrome": 1.0, "cat__browser_Edge": 0.0, "cat__browser_Firefox": 0.0, "cat__browser_Safari": 0.0, "cat__is_new_device_False": 1.0, "cat__is_new_device_True": 0.0, "cat__ip_country_AU": 0.0, "cat__ip_country_BR": 0.0, "cat__ip_country_CA": 0.0, "cat__ip_country_DE": 0.0, "cat__ip_country_ES": 0.0, "cat__ip_country_FR": 0.0, "cat__ip_country_GB": 0.0, "cat__ip_country_IE": 0.0, "cat__ip_country_IN": 0.0, "cat__ip_country_IT": 0.0, "cat__ip_country_NL": 0.0, "cat__ip_country_PL": 1.0, "cat__ip_country_PT": 0.0, "cat__ip_country_SE": 0.0, "cat__ip_country_US": 0.0, "cat__is_proxy_vpn_False": 0.0, "cat__is_proxy_vpn_True": 1.0, "cat__billing_country_AU": 0.0, "cat__billing_country_BR": 0.0, "cat__billing_country_CA": 0.0, "cat__billing_country_DE": 0.0, "cat__billing_country_ES": 0.0, "cat__billing_country_FR": 0.0, "cat__billing_country_GB": 1.0, "cat__billing_country_IE": 0.0, "cat__billing_country_IN": 0.0, "cat__billing_country_IT": 0.0, "cat__billing_country_NL": 0.0, "cat__billing_country_PL": 0.0, "cat__billing_country_PT": 0.0, "cat__billing_country_SE": 0.0, "cat__billing_country_US": 0.0, "cat__shipping_country_AU": 0.0, "cat__shipping_country_BR": 0.0, "cat__shipping_country_CA": 1.0, "cat__shipping_country_DE": 0.0, "cat__shipping_country_ES": 0.0, "cat__shipping_country_FR": 0.0, "cat__shipping_country_GB": 0.0, "cat__shipping_country_IE": 0.0, "cat__shipping_country_IN": 0.0, "cat__shipping_country_IT": 0.0, "cat__shipping_country_NL": 0.0, "cat__shipping_country_PL": 0.0, "cat__shipping_country_PT": 0.0, "cat__shipping_country_SE": 0.0, "cat__shipping_country_US": 0.0, "cat__country_mismatch_False": 0.0, "cat__country_mismatch_True": 1.0, "cat__night_txn_False": 1.0, "cat__night_txn_True": 0.0, "cat__weekend_txn_False": 1.0, "cat__weekend_txn_True": 0.0}