{"num__V1": 0.6743569413281059, "num__V2": -0.5408169691569766, "num__V3": -2.635555448580289, "num__V4": 0.6637246636292968, "num__V5": 0.4864339791910779, "num__V6": -1.0987804333426237, "num__V7": 0.990212959811764, "num__V8": -0.4236890486506266, "num__V9": 0.1292367952314725, "num__V10": -1.2903755872384413, "num__V11": 0.0426373773260905, "num__V12": -0.4494091415325315, "num__V13": -0.3544338410216918, "num__V14": -2.837243366951079, "num__V15": 0.6101990851175613, "num__V16": 1.0681700888352454, "num__V17": 2.507275807335717, "num__V18": 1.2480446735042416, "num__V19": -0.7363302530093002, "num__V20": 1.1210845447522606, "num__V21": 0.2231581604522254, "num__V22": -0.6807206821878002, "num__V23": -0.552251554561635, "num__V24": 0.8711281352366074, "num__V25": -0.2591913095338235, "num__V26": 1.2437185621332396, "num__V27": -0.4063411619886158, "num__V28": 0.2697090519507473, "num__Amount": 1.5597092117929705, "num__ip_reputation": 0.6602984004752203, "num__txn_count_5m": -0.7827457849133089, "num__txn_count_30m": -0.782042640415279, "num__txn_count_60m": -0.7798141786807419, "num__avg_amount_7d": 1.9435389399569585, "num__account_age_days": -1.0491856540786166, "num__token_age_days": 1.6300284544777754, "num__avg_spend_user_30d": 0.0828088224356517, "num__geo_distance_km": -1.1586904640127584, "num__amount_zscore": 1.5594538131168445, "cat__device_os_Android": 0.0, "cat__device_os_MacOS": 1.0, "cat__device_os_Windows": 0.0, "cat__device_os_iOS": 0.0, "cat__browser_Chrome": 0.0, "cat__browser_Edge": 0.0, "cat__browser_Firefox": 0.0, "cat__browser_Safari": 1.0, "cat__is_new_device_False": 1.0, "cat__is_new_device_True": 0.0, "cat__ip_country_AU": 0.0, "cat__ip_country_BR": 0.0, "cat__ip_country_CA": 1.0, "cat__ip_country_DE": 0.0, "cat__ip_country_ES": 0.0, "cat__ip_country_FR": 0.0, "cat__ip_country_GB": 0.0, "cat__ip_country_IE": 0.0, "cat__ip_country_IN": 0.0, "cat__ip_country_IT": 0.0, "cat__ip_country_NL": 0.0, "cat__ip_country_PL": 0.0, "cat__ip_country_PT": 0.0, "cat__ip_country_SE": 0.0, "cat__ip_country_US": 0.0, "cat__is_proxy_vpn_False": 1.0, "cat__is_proxy_vpn_True": 0.0, "cat__billing_country_AU": 0.0, "cat__billing_country_BR": 0.0, "cat__billing_country_CA": 0.0, "cat__billing_country_DE": 0.0, "cat__billing_country_ES": 0.0, "cat__billing_country_FR": 0.0, "cat__billing_country_GB": 0.0, "cat__billing_country_IE": 0.0, "cat__billing_country_IN": 0.0, "cat__billing_country_IT": 0.0, "cat__billing_country_NL": 0.0, "cat__billing_country_PL": 0.0, "cat__billing_country_PT": 1.0, "cat__billing_country_SE": 0.0, "cat__billing_country_US": 0.0, "cat__shipping_country_AU": 0.0, "cat__shipping_country_BR": 0.0, "cat__shipping_country_CA": 0.0, "cat__shipping_country_DE": 0.0, "cat__shipping_country_ES": 0.0, "cat__shipping_country_FR": 0.0, "cat__shipping_country_GB": 0.0, "cat__shipping_country_IE": 0.0, "cat__shipping_country_IN": 0.0, "cat__shipping_country_IT": 0.0, "cat__shipping_country_NL": 0.0, "cat__shipping_country_PL": 0.0, "cat__shipping_country_PT": 1.0, "cat__shipping_country_SE": 0.0, "cat__shipping_country_US": 0.0, "cat__country_mismatch_False": 1.0, "cat__country_mismatch_True": 0.0, "cat__night_txn_False": 1.0, "cat__night_txn_True": 0.0, "cat__weekend_txn_False": 1.0, "cat__weekend_txn_True": 0.0}