{"num__V1": -0.0626655259164294, "num__V2": 0.7075858397426208, "num__V3": -1.0114907727427958, "num__V4": 0.1880960391287642, "num__V5": 1.23903458304104, "num__V6": -0.8305487276561488, "num__V7": 1.436148680138439, "num__V8": -0.196092683012281, "num__V9": -0.5813992622823716, "num__V10": -0.5914717967933313, "num__V11": -0.9664889677739694, "num__V12": -0.9796004619274598, "num__V13": -1.4730752060922945, "num__V14": -0.390602206924758, "num__V15": 0.0444560512749841, "num__V16": 0.0739199456589218, "num__V17": 0.4854818079284406, "num__V18": 0.5414778086426744, "num__V19": -0.9482622869708291, "num__V20": 0.0541489741988895, "num__V21": 0.161641649140012, "num__V22": 0.4008427303646127, "num__V23": -0.1601054198349843, "num__V24": 0.7330793088320641, "num__V25": 0.5891155524005528, "num__V26": -1.1375144270846305, "num__V27": 0.6821917643864579, "num__V28": 0.4511922406087627, "num__Amount": -0.0959025450502742, "num__ip_reputation": 0.6221602762704872, "num__txn_count_5m": -0.7827457849133089, "num__txn_count_30m": -0.782042640415279, "num__txn_count_60m": -0.7798141786807419, "num__avg_amount_7d": -0.1230653484618199, "num__account_age_days": -1.6922168214448052, "num__token_age_days": -1.0957993063981306, "num__avg_spend_user_30d": -0.5818978233383388, "num__geo_distance_km": -0.7105780154204926, "num__amount_zscore": 1.1059955314827126, "cat__device_os_Android": 0.0, "cat__device_os_MacOS": 1.0, "cat__device_os_Windows": 0.0, "cat__device_os_iOS": 0.0, "cat__browser_Chrome": 0.0, "cat__browser_Edge": 0.0, "cat__browser_Firefox": 0.0, "cat__browser_Safari": 1.0, "cat__is_new_device_False": 0.0, "cat__is_new_device_True": 1.0, "cat__ip_country_AU": 0.0, "cat__ip_country_BR": 0.0, "cat__ip_country_CA": 0.0, "cat__ip_country_DE": 0.0, "cat__ip_country_ES": 0.0, "cat__ip_country_FR": 0.0, "cat__ip_country_GB": 1.0, "cat__ip_country_IE": 0.0, "cat__ip_country_IN": 0.0, "cat__ip_country_IT": 0.0, "cat__ip_country_NL": 0.0, "cat__ip_country_PL": 0.0, "cat__ip_country_PT": 0.0, "cat__ip_country_SE": 0.0, "cat__ip_country_US": 0.0, "cat__is_proxy_vpn_False": 0.0, "cat__is_proxy_vpn_True": 1.0, "cat__billing_country_AU": 0.0, "cat__billing_country_BR": 0.0, "cat__billing_country_CA": 0.0, "cat__billing_country_DE": 0.0, "cat__billing_country_ES": 1.0, "cat__billing_country_FR": 0.0, "cat__billing_country_GB": 0.0, "cat__billing_country_IE": 0.0, "cat__billing_country_IN": 0.0, "cat__billing_country_IT": 0.0, "cat__billing_country_NL": 0.0, "cat__billing_country_PL": 0.0, "cat__billing_country_PT": 0.0, "cat__billing_country_SE": 0.0, "cat__billing_country_US": 0.0, "cat__shipping_country_AU": 0.0, "cat__shipping_country_BR": 0.0, "cat__shipping_country_CA": 0.0, "cat__shipping_country_DE": 0.0, "cat__shipping_country_ES": 0.0, "cat__shipping_country_FR": 0.0, "cat__shipping_country_GB": 0.0, "cat__shipping_country_IE": 0.0, "cat__shipping_country_IN": 0.0, "cat__shipping_country_IT": 0.0, "cat__shipping_country_NL": 0.0, "cat__shipping_country_PL": 1.0, "cat__shipping_country_PT": 0.0, "cat__shipping_country_SE": 0.0, "cat__shipping_country_US": 0.0, "cat__country_mismatch_False": 0.0, "cat__country_mismatch_True": 1.0, "cat__night_txn_False": 1.0, "cat__night_txn_True": 0.0, "cat__weekend_txn_False": 1.0, "cat__weekend_txn_True": 0.0}