{"num__V1": -0.8573363300857167, "num__V2": 1.1951241059733386, "num__V3": 0.4336280928400916, "num__V4": 3.1016092024956814, "num__V5": -1.5527540162789293, "num__V6": 2.688542391671498, "num__V7": -0.0679178910860433, "num__V8": -4.36056637814843, "num__V9": -2.2065458346354405, "num__V10": -0.0499435366465706, "num__V11": -1.3765018460265943, "num__V12": -0.6926150823426207, "num__V13": -0.4560310434598345, "num__V14": 0.7648156878615776, "num__V15": 1.330506605925377, "num__V16": 1.0112245354987957, "num__V17": 0.1220511809347013, "num__V18": 1.0301625240509935, "num__V19": 0.8007782577273297, "num__V20": 1.620527207765168, "num__V21": -3.313125332889997, "num__V22": 2.09304762024143, "num__V23": 0.3961967518682735, "num__V24": 1.1923748206698708, "num__V25": 0.00538912238933, "num__V26": 1.0612401894750498, "num__V27": 0.9798731456474926, "num__V28": -0.0293421218395746, "num__Amount": 1.6168782370292707, "num__ip_reputation": 1.3329162273587003, "num__txn_count_5m": -0.7827457849133089, "num__txn_count_30m": -0.782042640415279, "num__txn_count_60m": -0.7798141786807419, "num__avg_amount_7d": 2.0148997238060224, "num__account_age_days": -0.8590420293197973, "num__token_age_days": -0.3764836472780998, "num__avg_spend_user_30d": 0.1056039748970369, "num__geo_distance_km": 0.7722419112601249, "num__amount_zscore": 1.1059955314827126, "cat__device_os_Android": 1.0, "cat__device_os_MacOS": 0.0, "cat__device_os_Windows": 0.0, "cat__device_os_iOS": 0.0, "cat__browser_Chrome": 1.0, "cat__browser_Edge": 0.0, "cat__browser_Firefox": 0.0, "cat__browser_Safari": 0.0, "cat__is_new_device_False": 1.0, "cat__is_new_device_True": 0.0, "cat__ip_country_AU": 0.0, "cat__ip_country_BR": 0.0, "cat__ip_country_CA": 0.0, "cat__ip_country_DE": 0.0, "cat__ip_country_ES": 0.0, "cat__ip_country_FR": 0.0, "cat__ip_country_GB": 0.0, "cat__ip_country_IE": 0.0, "cat__ip_country_IN": 1.0, "cat__ip_country_IT": 0.0, "cat__ip_country_NL": 0.0, "cat__ip_country_PL": 0.0, "cat__ip_country_PT": 0.0, "cat__ip_country_SE": 0.0, "cat__ip_country_US": 0.0, "cat__is_proxy_vpn_False": 0.0, "cat__is_proxy_vpn_True": 1.0, "cat__billing_country_AU": 0.0, "cat__billing_country_BR": 1.0, "cat__billing_country_CA": 0.0, "cat__billing_country_DE": 0.0, "cat__billing_country_ES": 0.0, "cat__billing_country_FR": 0.0, "cat__billing_country_GB": 0.0, "cat__billing_country_IE": 0.0, "cat__billing_country_IN": 0.0, "cat__billing_country_IT": 0.0, "cat__billing_country_NL": 0.0, "cat__billing_country_PL": 0.0, "cat__billing_country_PT": 0.0, "cat__billing_country_SE": 0.0, "cat__billing_country_US": 0.0, "cat__shipping_country_AU": 0.0, "cat__shipping_country_BR": 0.0, "cat__shipping_country_CA": 1.0, "cat__shipping_country_DE": 0.0, "cat__shipping_country_ES": 0.0, "cat__shipping_country_FR": 0.0, "cat__shipping_country_GB": 0.0, "cat__shipping_country_IE": 0.0, "cat__shipping_country_IN": 0.0, "cat__shipping_country_IT": 0.0, "cat__shipping_country_NL": 0.0, "cat__shipping_country_PL": 0.0, "cat__shipping_country_PT": 0.0, "cat__shipping_country_SE": 0.0, "cat__shipping_country_US": 0.0, "cat__country_mismatch_False": 0.0, "cat__country_mismatch_True": 1.0, "cat__night_txn_False": 1.0, "cat__night_txn_True": 0.0, "cat__weekend_txn_False": 1.0, "cat__weekend_txn_True": 0.0}