{"num__V1": 1.070890085603579, "num__V2": 1.5632055643587697, "num__V3": -3.5038779591071902, "num__V4": 3.2808395827155565, "num__V5": 2.2053759699916866, "num__V6": -1.3728830655800388, "num__V7": 1.1123522277875204, "num__V8": -0.2995328286308168, "num__V9": -1.9399447792148108, "num__V10": -1.4845129584346013, "num__V11": 2.660776534222485, "num__V12": -1.0545267302558734, "num__V13": -0.3125055544356716, "num__V14": -7.763473443577423, "num__V15": -0.7042439271880082, "num__V16": 3.853280670102156, "num__V17": 5.974581749766759, "num__V18": 4.306811661463273, "num__V19": -2.8510757402962676, "num__V20": -0.0688011324115168, "num__V21": -0.3600826557707563, "num__V22": -0.994210505502604, "num__V23": -0.266879955459381, "num__V24": -1.745805732053596, "num__V25": 0.6922714025447596, "num__V26": 0.2878829700679474, "num__V27": 0.0287304932577107, "num__V28": 0.3215686774401003, "num__Amount": -0.3575623211318091, "num__ip_reputation": -0.1093982880203082, "num__txn_count_5m": -0.0310606823446588, "num__txn_count_30m": -0.0314702485099449, "num__txn_count_60m": -0.0321831883346548, "num__avg_amount_7d": -0.2660878049182712, "num__account_age_days": -1.2220434947684522, "num__token_age_days": 0.1346090578861326, "num__avg_spend_user_30d": -0.1727248366564756, "num__geo_distance_km": -0.9322165534173156, "num__amount_zscore": -0.9500506771949736, "cat__device_os_Android": 0.0, "cat__device_os_MacOS": 1.0, "cat__device_os_Windows": 0.0, "cat__device_os_iOS": 0.0, "cat__browser_Chrome": 0.0, "cat__browser_Edge": 0.0, "cat__browser_Firefox": 0.0, "cat__browser_Safari": 1.0, "cat__is_new_device_False": 1.0, "cat__is_new_device_True": 0.0, "cat__ip_country_AU": 0.0, "cat__ip_country_BR": 0.0, "cat__ip_country_CA": 0.0, "cat__ip_country_DE": 1.0, "cat__ip_country_ES": 0.0, "cat__ip_country_FR": 0.0, "cat__ip_country_GB": 0.0, "cat__ip_country_IE": 0.0, "cat__ip_country_IN": 0.0, "cat__ip_country_IT": 0.0, "cat__ip_country_NL": 0.0, "cat__ip_country_PL": 0.0, "cat__ip_country_PT": 0.0, "cat__ip_country_SE": 0.0, "cat__ip_country_US": 0.0, "cat__is_proxy_vpn_False": 1.0, "cat__is_proxy_vpn_True": 0.0, "cat__billing_country_AU": 0.0, "cat__billing_country_BR": 0.0, "cat__billing_country_CA": 0.0, "cat__billing_country_DE": 0.0, "cat__billing_country_ES": 0.0, "cat__billing_country_FR": 1.0, "cat__billing_country_GB": 0.0, "cat__billing_country_IE": 0.0, "cat__billing_country_IN": 0.0, "cat__billing_country_IT": 0.0, "cat__billing_country_NL": 0.0, "cat__billing_country_PL": 0.0, "cat__billing_country_PT": 0.0, "cat__billing_country_SE": 0.0, "cat__billing_country_US": 0.0, "cat__shipping_country_AU": 0.0, "cat__shipping_country_BR": 0.0, "cat__shipping_country_CA": 0.0, "cat__shipping_country_DE": 0.0, "cat__shipping_country_ES": 0.0, "cat__shipping_country_FR": 0.0, "cat__shipping_country_GB": 1.0, "cat__shipping_country_IE": 0.0, "cat__shipping_country_IN": 0.0, "cat__shipping_country_IT": 0.0, "cat__shipping_country_NL": 0.0, "cat__shipping_country_PL": 0.0, "cat__shipping_country_PT": 0.0, "cat__shipping_country_SE": 0.0, "cat__shipping_country_US": 0.0, "cat__country_mismatch_False": 0.0, "cat__country_mismatch_True": 1.0, "cat__night_txn_False": 1.0, "cat__night_txn_True": 0.0, "cat__weekend_txn_False": 1.0, "cat__weekend_txn_True": 0.0}