{"num__V1": 1.134554770525154, "num__V2": 0.3942829925227981, "num__V3": -1.8471977996153737, "num__V4": 0.4911516085108914, "num__V5": 0.5498070886671793, "num__V6": -1.3374091672578947, "num__V7": 0.3865891077979865, "num__V8": -0.3735817802461533, "num__V9": 0.3232625687499282, "num__V10": -1.1181513721795842, "num__V11": 0.2577006350232147, "num__V12": 0.2904478821334589, "num__V13": 0.7755661789093888, "num__V14": -2.830747709606907, "num__V15": 0.9939076130975176, "num__V16": 0.7653969339147502, "num__V17": 1.9648634560002785, "num__V18": 1.3239929337849203, "num__V19": -0.931102822587312, "num__V20": -0.1664418173536158, "num__V21": 0.1733170239835885, "num__V22": 0.9074340797641832, "num__V23": -0.0583787034081164, "num__V24": -0.3451498949852609, "num__V25": 0.4301458869944361, "num__V26": -0.2183624294135839, "num__V27": 0.0693988335645392, "num__V28": 0.0230047372929712, "num__Amount": -0.3566382961279898, "num__ip_reputation": 1.731632980408186, "num__txn_count_5m": -0.0310606823446588, "num__txn_count_30m": -0.0314702485099449, "num__txn_count_60m": -0.0321831883346548, "num__avg_amount_7d": -0.4478246149456833, "num__account_age_days": -1.5159018239411728, "num__token_age_days": -0.4711304445307354, "num__avg_spend_user_30d": -0.6774095121515427, "num__geo_distance_km": 0.2272974946628801, "num__amount_zscore": -1.1059960862447602, "cat__device_os_Android": 0.0, "cat__device_os_MacOS": 1.0, "cat__device_os_Windows": 0.0, "cat__device_os_iOS": 0.0, "cat__browser_Chrome": 0.0, "cat__browser_Edge": 0.0, "cat__browser_Firefox": 0.0, "cat__browser_Safari": 1.0, "cat__is_new_device_False": 1.0, "cat__is_new_device_True": 0.0, "cat__ip_country_AU": 0.0, "cat__ip_country_BR": 1.0, "cat__ip_country_CA": 0.0, "cat__ip_country_DE": 0.0, "cat__ip_country_ES": 0.0, "cat__ip_country_FR": 0.0, "cat__ip_country_GB": 0.0, "cat__ip_country_IE": 0.0, "cat__ip_country_IN": 0.0, "cat__ip_country_IT": 0.0, "cat__ip_country_NL": 0.0, "cat__ip_country_PL": 0.0, "cat__ip_country_PT": 0.0, "cat__ip_country_SE": 0.0, "cat__ip_country_US": 0.0, "cat__is_proxy_vpn_False": 1.0, "cat__is_proxy_vpn_True": 0.0, "cat__billing_country_AU": 0.0, "cat__billing_country_BR": 0.0, "cat__billing_country_CA": 0.0, "cat__billing_country_DE": 0.0, "cat__billing_country_ES": 0.0, "cat__billing_country_FR": 0.0, "cat__billing_country_GB": 0.0, "cat__billing_country_IE": 1.0, "cat__billing_country_IN": 0.0, "cat__billing_country_IT": 0.0, "cat__billing_country_NL": 0.0, "cat__billing_country_PL": 0.0, "cat__billing_country_PT": 0.0, "cat__billing_country_SE": 0.0, "cat__billing_country_US": 0.0, "cat__shipping_country_AU": 0.0, "cat__shipping_country_BR": 0.0, "cat__shipping_country_CA": 0.0, "cat__shipping_country_DE": 0.0, "cat__shipping_country_ES": 0.0, "cat__shipping_country_FR": 0.0, "cat__shipping_country_GB": 0.0, "cat__shipping_country_IE": 0.0, "cat__shipping_country_IN": 0.0, "cat__shipping_country_IT": 0.0, "cat__shipping_country_NL": 0.0, "cat__shipping_country_PL": 0.0, "cat__shipping_country_PT": 0.0, "cat__shipping_country_SE": 0.0, "cat__shipping_country_US": 1.0, "cat__country_mismatch_False": 0.0, "cat__country_mismatch_True": 1.0, "cat__night_txn_False": 1.0, "cat__night_txn_True": 0.0, "cat__weekend_txn_False": 1.0, "cat__weekend_txn_True": 0.0}