{"num__V1": -0.5852187641045389, "num__V2": 0.5385555610619313, "num__V3": -0.4915026531518078, "num__V4": 2.4459292876338634, "num__V5": 1.5571130961977886, "num__V6": -0.8046846242368181, "num__V7": 0.9220192149703822, "num__V8": -0.1362362031010048, "num__V9": -1.2824720418710005, "num__V10": -0.0518112257032764, "num__V11": -0.6657069538529707, "num__V12": -1.1601309360048897, "num__V13": -0.9145381388239008, "num__V14": -2.7304349550525253, "num__V15": -0.9521541598502, "num__V16": 1.9481526470214685, "num__V17": 1.469939650225642, "num__V18": 0.6567382764151655, "num__V19": -2.2669727715392427, "num__V20": -0.9890899399927312, "num__V21": -0.6538621467801369, "num__V22": -1.313647447102385, "num__V23": 1.6182697761945963, "num__V24": -0.6045529644530421, "num__V25": -0.778654213525255, "num__V26": -0.7934138476172166, "num__V27": 0.1641550649447829, "num__V28": -0.1916356379105412, "num__Amount": -0.3149768209557878, "num__ip_reputation": 1.249705774548373, "num__txn_count_5m": -0.7827457849133089, "num__txn_count_30m": -0.782042640415279, "num__txn_count_60m": -0.7798141786807419, "num__avg_amount_7d": -0.3965230816515214, "num__account_age_days": -1.5643020193343269, "num__token_age_days": -0.1966547324980921, "num__avg_spend_user_30d": 0.1334140608999267, "num__geo_distance_km": -0.9893901650447732, "num__amount_zscore": -2.7738102387101845e-07, "cat__device_os_Android": 0.0, "cat__device_os_MacOS": 1.0, "cat__device_os_Windows": 0.0, "cat__device_os_iOS": 0.0, "cat__browser_Chrome": 0.0, "cat__browser_Edge": 0.0, "cat__browser_Firefox": 1.0, "cat__browser_Safari": 0.0, "cat__is_new_device_False": 1.0, "cat__is_new_device_True": 0.0, "cat__ip_country_AU": 0.0, "cat__ip_country_BR": 0.0, "cat__ip_country_CA": 1.0, "cat__ip_country_DE": 0.0, "cat__ip_country_ES": 0.0, "cat__ip_country_FR": 0.0, "cat__ip_country_GB": 0.0, "cat__ip_country_IE": 0.0, "cat__ip_country_IN": 0.0, "cat__ip_country_IT": 0.0, "cat__ip_country_NL": 0.0, "cat__ip_country_PL": 0.0, "cat__ip_country_PT": 0.0, "cat__ip_country_SE": 0.0, "cat__ip_country_US": 0.0, "cat__is_proxy_vpn_False": 1.0, "cat__is_proxy_vpn_True": 0.0, "cat__billing_country_AU": 0.0, "cat__billing_country_BR": 0.0, "cat__billing_country_CA": 0.0, "cat__billing_country_DE": 0.0, "cat__billing_country_ES": 0.0, "cat__billing_country_FR": 1.0, "cat__billing_country_GB": 0.0, "cat__billing_country_IE": 0.0, "cat__billing_country_IN": 0.0, "cat__billing_country_IT": 0.0, "cat__billing_country_NL": 0.0, "cat__billing_country_PL": 0.0, "cat__billing_country_PT": 0.0, "cat__billing_country_SE": 0.0, "cat__billing_country_US": 0.0, "cat__shipping_country_AU": 0.0, "cat__shipping_country_BR": 0.0, "cat__shipping_country_CA": 0.0, "cat__shipping_country_DE": 1.0, "cat__shipping_country_ES": 0.0, "cat__shipping_country_FR": 0.0, "cat__shipping_country_GB": 0.0, "cat__shipping_country_IE": 0.0, "cat__shipping_country_IN": 0.0, "cat__shipping_country_IT": 0.0, "cat__shipping_country_NL": 0.0, "cat__shipping_country_PL": 0.0, "cat__shipping_country_PT": 0.0, "cat__shipping_country_SE": 0.0, "cat__shipping_country_US": 0.0, "cat__country_mismatch_False": 0.0, "cat__country_mismatch_True": 1.0, "cat__night_txn_False": 1.0, "cat__night_txn_True": 0.0, "cat__weekend_txn_False": 1.0, "cat__weekend_txn_True": 0.0}