{"num__V1": 1.175494070201016, "num__V2": 0.4421312936849367, "num__V3": -2.456805793619369, "num__V4": 0.4385286874916131, "num__V5": 1.0571682523525483, "num__V6": -1.2417021953747012, "num__V7": 0.7349306642438127, "num__V8": -0.4250452914824634, "num__V9": -0.0207758588815097, "num__V10": -0.9550544569986118, "num__V11": -0.1301132785297002, "num__V12": -0.113791699706599, "num__V13": 0.0657683709258761, "num__V14": -2.611418647386799, "num__V15": -0.1164050511720738, "num__V16": 0.3972944485326439, "num__V17": 2.3490331207446022, "num__V18": 0.696459786373178, "num__V19": -0.3039432736566322, "num__V20": -0.1644054235848361, "num__V21": -0.0799968393964191, "num__V22": 0.0845008312947179, "num__V23": -0.0729756096438051, "num__V24": 0.823453067442432, "num__V25": 0.7454796880246962, "num__V26": 1.3893384391203918, "num__V27": -0.2063517480094423, "num__V28": -0.0484797803606037, "num__Amount": -0.3576024961319752, "num__ip_reputation": 1.7142974694060344, "num__txn_count_5m": -0.0310606823446588, "num__txn_count_30m": -0.0314702485099449, "num__txn_count_60m": -0.0321831883346548, "num__avg_amount_7d": -0.4140247777606735, "num__account_age_days": -1.0664714381476, "num__token_age_days": -1.6352860507381537, "num__avg_spend_user_30d": -0.2046380501024148, "num__geo_distance_km": -0.8985349666037534, "num__amount_zscore": -1.1059960862447602, "cat__device_os_Android": 1.0, "cat__device_os_MacOS": 0.0, "cat__device_os_Windows": 0.0, "cat__device_os_iOS": 0.0, "cat__browser_Chrome": 0.0, "cat__browser_Edge": 0.0, "cat__browser_Firefox": 1.0, "cat__browser_Safari": 0.0, "cat__is_new_device_False": 0.0, "cat__is_new_device_True": 1.0, "cat__ip_country_AU": 0.0, "cat__ip_country_BR": 0.0, "cat__ip_country_CA": 1.0, "cat__ip_country_DE": 0.0, "cat__ip_country_ES": 0.0, "cat__ip_country_FR": 0.0, "cat__ip_country_GB": 0.0, "cat__ip_country_IE": 0.0, "cat__ip_country_IN": 0.0, "cat__ip_country_IT": 0.0, "cat__ip_country_NL": 0.0, "cat__ip_country_PL": 0.0, "cat__ip_country_PT": 0.0, "cat__ip_country_SE": 0.0, "cat__ip_country_US": 0.0, "cat__is_proxy_vpn_False": 1.0, "cat__is_proxy_vpn_True": 0.0, "cat__billing_country_AU": 0.0, "cat__billing_country_BR": 0.0, "cat__billing_country_CA": 0.0, "cat__billing_country_DE": 0.0, "cat__billing_country_ES": 0.0, "cat__billing_country_FR": 0.0, "cat__billing_country_GB": 0.0, "cat__billing_country_IE": 1.0, "cat__billing_country_IN": 0.0, "cat__billing_country_IT": 0.0, "cat__billing_country_NL": 0.0, "cat__billing_country_PL": 0.0, "cat__billing_country_PT": 0.0, "cat__billing_country_SE": 0.0, "cat__billing_country_US": 0.0, "cat__shipping_country_AU": 0.0, "cat__shipping_country_BR": 0.0, "cat__shipping_country_CA": 0.0, "cat__shipping_country_DE": 1.0, "cat__shipping_country_ES": 0.0, "cat__shipping_country_FR": 0.0, "cat__shipping_country_GB": 0.0, "cat__shipping_country_IE": 0.0, "cat__shipping_country_IN": 0.0, "cat__shipping_country_IT": 0.0, "cat__shipping_country_NL": 0.0, "cat__shipping_country_PL": 0.0, "cat__shipping_country_PT": 0.0, "cat__shipping_country_SE": 0.0, "cat__shipping_country_US": 0.0, "cat__country_mismatch_False": 0.0, "cat__country_mismatch_True": 1.0, "cat__night_txn_False": 0.0, "cat__night_txn_True": 1.0, "cat__weekend_txn_False": 1.0, "cat__weekend_txn_True": 0.0}