{"num__V1": 1.1439500382150445, "num__V2": 0.0121205411393178, "num__V3": -1.509004063265311, "num__V4": 0.1046918174885951, "num__V5": 0.5000949592261426, "num__V6": -0.3110591280702289, "num__V7": 0.0463881673301473, "num__V8": -0.0203078751201546, "num__V9": 0.356800649950341, "num__V10": -0.1535835485598048, "num__V11": 0.4708519426234863, "num__V12": 0.2191227847335628, "num__V13": -0.9739969974504562, "num__V14": -0.5346201451809662, "num__V15": -0.4659948314068377, "num__V16": 0.765048045973138, "num__V17": 0.1293394328161979, "num__V18": 0.5631585319378459, "num__V19": 0.6182752869951793, "num__V20": -0.2895285680536392, "num__V21": -0.4536696557485082, "num__V22": -1.3565274662727214, "num__V23": 0.5037293443064228, "num__V24": 0.1120272866045298, "num__V25": -0.6767794369103001, "num__V26": 0.358329314128506, "num__V27": -0.191031665186595, "num__V28": -0.1547243086270095, "num__Amount": -0.3527011461117161, "num__ip_reputation": 1.6796264474017313, "num__txn_count_5m": -0.7827457849133089, "num__txn_count_30m": -0.782042640415279, "num__txn_count_60m": -0.7798141786807419, "num__avg_amount_7d": -0.4436121723291539, "num__account_age_days": -0.8763278133887809, "num__token_age_days": -0.0641492163444022, "num__avg_spend_user_30d": 0.5952438497675896, "num__geo_distance_km": -0.8673021950976467, "num__amount_zscore": -1.1059960862447602, "cat__device_os_Android": 0.0, "cat__device_os_MacOS": 1.0, "cat__device_os_Windows": 0.0, "cat__device_os_iOS": 0.0, "cat__browser_Chrome": 1.0, "cat__browser_Edge": 0.0, "cat__browser_Firefox": 0.0, "cat__browser_Safari": 0.0, "cat__is_new_device_False": 1.0, "cat__is_new_device_True": 0.0, "cat__ip_country_AU": 0.0, "cat__ip_country_BR": 0.0, "cat__ip_country_CA": 0.0, "cat__ip_country_DE": 0.0, "cat__ip_country_ES": 0.0, "cat__ip_country_FR": 1.0, "cat__ip_country_GB": 0.0, "cat__ip_country_IE": 0.0, "cat__ip_country_IN": 0.0, "cat__ip_country_IT": 0.0, "cat__ip_country_NL": 0.0, "cat__ip_country_PL": 0.0, "cat__ip_country_PT": 0.0, "cat__ip_country_SE": 0.0, "cat__ip_country_US": 0.0, "cat__is_proxy_vpn_False": 0.0, "cat__is_proxy_vpn_True": 1.0, "cat__billing_country_AU": 0.0, "cat__billing_country_BR": 0.0, "cat__billing_country_CA": 0.0, "cat__billing_country_DE": 0.0, "cat__billing_country_ES": 0.0, "cat__billing_country_FR": 0.0, "cat__billing_country_GB": 1.0, "cat__billing_country_IE": 0.0, "cat__billing_country_IN": 0.0, "cat__billing_country_IT": 0.0, "cat__billing_country_NL": 0.0, "cat__billing_country_PL": 0.0, "cat__billing_country_PT": 0.0, "cat__billing_country_SE": 0.0, "cat__billing_country_US": 0.0, "cat__shipping_country_AU": 0.0, "cat__shipping_country_BR": 0.0, "cat__shipping_country_CA": 0.0, "cat__shipping_country_DE": 0.0, "cat__shipping_country_ES": 0.0, "cat__shipping_country_FR": 0.0, "cat__shipping_country_GB": 0.0, "cat__shipping_country_IE": 0.0, "cat__shipping_country_IN": 0.0, "cat__shipping_country_IT": 0.0, "cat__shipping_country_NL": 0.0, "cat__shipping_country_PL": 0.0, "cat__shipping_country_PT": 0.0, "cat__shipping_country_SE": 1.0, "cat__shipping_country_US": 0.0, "cat__country_mismatch_False": 0.0, "cat__country_mismatch_True": 1.0, "cat__night_txn_False": 1.0, "cat__night_txn_True": 0.0, "cat__weekend_txn_False": 1.0, "cat__weekend_txn_True": 0.0}