{"num__V1": 0.876735167125816, "num__V2": 0.3156543027824345, "num__V3": -1.4197549311282402, "num__V4": 2.950019177931494, "num__V5": 0.6089404358753243, "num__V6": -0.1241048595911878, "num__V7": 0.2213972792823741, "num__V8": 0.0504600370032658, "num__V9": -0.882499893658657, "num__V10": 0.2528791618495785, "num__V11": 0.8301712829121376, "num__V12": -0.4476373995409836, "num__V13": -0.8523793203608228, "num__V14": -2.8421303415892516, "num__V15": -1.088544762111129, "num__V16": 2.618208478708802, "num__V17": 1.3987465989786778, "num__V18": 2.0473919152137205, "num__V19": -1.9993059804457296, "num__V20": 0.1069390141190443, "num__V21": -0.100088263881886, "num__V22": -0.8054888707830029, "num__V23": 0.0615030721152388, "num__V24": -1.1109305802913223, "num__V25": -0.6779528552439712, "num__V26": -0.325083330506541, "num__V27": -0.0496869577517619, "num__V28": 0.1291294125701579, "num__Amount": 0.2985757815802479, "num__ip_reputation": 1.6345541187961372, "num__txn_count_5m": 0.7206244202239912, "num__txn_count_30m": 0.7191021433953892, "num__txn_count_60m": 0.7154478020114323, "num__avg_amount_7d": -0.1556114824871485, "num__account_age_days": -1.201300553885672, "num__token_age_days": 1.2325119060167058, "num__avg_spend_user_30d": 3.578217500864449, "num__geo_distance_km": -0.8414651183367813, "num__amount_zscore": 1.562771800543436, "cat__device_os_Android": 0.0, "cat__device_os_MacOS": 0.0, "cat__device_os_Windows": 1.0, "cat__device_os_iOS": 0.0, "cat__browser_Chrome": 1.0, "cat__browser_Edge": 0.0, "cat__browser_Firefox": 0.0, "cat__browser_Safari": 0.0, "cat__is_new_device_False": 1.0, "cat__is_new_device_True": 0.0, "cat__ip_country_AU": 0.0, "cat__ip_country_BR": 0.0, "cat__ip_country_CA": 0.0, "cat__ip_country_DE": 0.0, "cat__ip_country_ES": 0.0, "cat__ip_country_FR": 0.0, "cat__ip_country_GB": 0.0, "cat__ip_country_IE": 1.0, "cat__ip_country_IN": 0.0, "cat__ip_country_IT": 0.0, "cat__ip_country_NL": 0.0, "cat__ip_country_PL": 0.0, "cat__ip_country_PT": 0.0, "cat__ip_country_SE": 0.0, "cat__ip_country_US": 0.0, "cat__is_proxy_vpn_False": 1.0, "cat__is_proxy_vpn_True": 0.0, "cat__billing_country_AU": 0.0, "cat__billing_country_BR": 0.0, "cat__billing_country_CA": 0.0, "cat__billing_country_DE": 0.0, "cat__billing_country_ES": 0.0, "cat__billing_country_FR": 0.0, "cat__billing_country_GB": 0.0, "cat__billing_country_IE": 1.0, "cat__billing_country_IN": 0.0, "cat__billing_country_IT": 0.0, "cat__billing_country_NL": 0.0, "cat__billing_country_PL": 0.0, "cat__billing_country_PT": 0.0, "cat__billing_country_SE": 0.0, "cat__billing_country_US": 0.0, "cat__shipping_country_AU": 0.0, "cat__shipping_country_BR": 0.0, "cat__shipping_country_CA": 0.0, "cat__shipping_country_DE": 0.0, "cat__shipping_country_ES": 0.0, "cat__shipping_country_FR": 0.0, "cat__shipping_country_GB": 0.0, "cat__shipping_country_IE": 0.0, "cat__shipping_country_IN": 0.0, "cat__shipping_country_IT": 0.0, "cat__shipping_country_NL": 0.0, "cat__shipping_country_PL": 0.0, "cat__shipping_country_PT": 1.0, "cat__shipping_country_SE": 0.0, "cat__shipping_country_US": 0.0, "cat__country_mismatch_False": 0.0, "cat__country_mismatch_True": 1.0, "cat__night_txn_False": 1.0, "cat__night_txn_True": 0.0, "cat__weekend_txn_False": 1.0, "cat__weekend_txn_True": 0.0}