{"num__V1": 0.1175134403234553, "num__V2": 0.6573594014380262, "num__V3": 0.0046642743286153, "num__V4": 0.7635948554277845, "num__V5": 0.5548725144415751, "num__V6": -0.5728781605691656, "num__V7": 0.9961729426868632, "num__V8": -0.4718924291345244, "num__V9": -0.613048460408694, "num__V10": -0.3205610000351244, "num__V11": -0.0848033764422944, "num__V12": 0.0324019014085201, "num__V13": 1.0253125774943734, "num__V14": -1.104295995876127, "num__V15": 2.1657168173672203, "num__V16": -1.241542867290688, "num__V17": 1.41738222544828, "num__V18": 0.977110131363986, "num__V19": 2.7580415239514697, "num__V20": 0.6164974577564177, "num__V21": 0.3942260432404133, "num__V22": 1.7655290087477558, "num__V23": -0.5317729205910933, "num__V24": -0.033903609408647, "num__V25": -0.2843410356277225, "num__V26": 0.6071496661676052, "num__V27": 0.1007018105183795, "num__V28": -0.1097129112060743, "num__Amount": -0.187381020428388, "num__ip_reputation": 1.5236068483823673, "num__txn_count_5m": -0.0310606823446588, "num__txn_count_30m": -0.0314702485099449, "num__txn_count_60m": -0.0321831883346548, "num__avg_amount_7d": -0.3358939968493302, "num__account_age_days": -1.7267883895827725, "num__token_age_days": -1.4933158548592005, "num__avg_spend_user_30d": -0.4501418421115328, "num__geo_distance_km": -0.9622249172696944, "num__amount_zscore": -0.1282957912092173, "cat__device_os_Android": 0.0, "cat__device_os_MacOS": 0.0, "cat__device_os_Windows": 1.0, "cat__device_os_iOS": 0.0, "cat__browser_Chrome": 1.0, "cat__browser_Edge": 0.0, "cat__browser_Firefox": 0.0, "cat__browser_Safari": 0.0, "cat__is_new_device_False": 1.0, "cat__is_new_device_True": 0.0, "cat__ip_country_AU": 0.0, "cat__ip_country_BR": 0.0, "cat__ip_country_CA": 0.0, "cat__ip_country_DE": 1.0, "cat__ip_country_ES": 0.0, "cat__ip_country_FR": 0.0, "cat__ip_country_GB": 0.0, "cat__ip_country_IE": 0.0, "cat__ip_country_IN": 0.0, "cat__ip_country_IT": 0.0, "cat__ip_country_NL": 0.0, "cat__ip_country_PL": 0.0, "cat__ip_country_PT": 0.0, "cat__ip_country_SE": 0.0, "cat__ip_country_US": 0.0, "cat__is_proxy_vpn_False": 0.0, "cat__is_proxy_vpn_True": 1.0, "cat__billing_country_AU": 0.0, "cat__billing_country_BR": 0.0, "cat__billing_country_CA": 0.0, "cat__billing_country_DE": 0.0, "cat__billing_country_ES": 0.0, "cat__billing_country_FR": 0.0, "cat__billing_country_GB": 0.0, "cat__billing_country_IE": 0.0, "cat__billing_country_IN": 0.0, "cat__billing_country_IT": 0.0, "cat__billing_country_NL": 1.0, "cat__billing_country_PL": 0.0, "cat__billing_country_PT": 0.0, "cat__billing_country_SE": 0.0, "cat__billing_country_US": 0.0, "cat__shipping_country_AU": 0.0, "cat__shipping_country_BR": 0.0, "cat__shipping_country_CA": 0.0, "cat__shipping_country_DE": 0.0, "cat__shipping_country_ES": 0.0, "cat__shipping_country_FR": 0.0, "cat__shipping_country_GB": 0.0, "cat__shipping_country_IE": 0.0, "cat__shipping_country_IN": 0.0, "cat__shipping_country_IT": 0.0, "cat__shipping_country_NL": 0.0, "cat__shipping_country_PL": 1.0, "cat__shipping_country_PT": 0.0, "cat__shipping_country_SE": 0.0, "cat__shipping_country_US": 0.0, "cat__country_mismatch_False": 0.0, "cat__country_mismatch_True": 1.0, "cat__night_txn_False": 1.0, "cat__night_txn_True": 0.0, "cat__weekend_txn_False": 1.0, "cat__weekend_txn_True": 0.0}