{"num__V1": -3.609592017987528, "num__V2": 1.043606792782887, "num__V3": -5.538084380684688, "num__V4": -0.44079643953203296, "num__V5": -0.575880116976114, "num__V6": -0.06503283867886556, "num__V7": -4.179770606304669, "num__V8": -5.265533180475937, "num__V9": -1.8297960300447944, "num__V10": -2.0481776821515485, "num__V11": -0.10730208945106923, "num__V12": -2.715379596644901, "num__V13": -0.05800919180340373, "num__V14": -2.3086619646708133, "num__V15": -0.01381466286057905, "num__V16": -4.706014182684605, "num__V17": -0.030204996153393893, "num__V18": -1.8386506015244064, "num__V19": 0.46010363024436424, "num__V20": -0.4232637443271073, "num__V21": -0.33229939502753025, "num__V22": -0.7668122044679082, "num__V23": -0.13371279763558896, "num__V24": 0.6887910171823948, "num__V25": -0.7978419563181046, "num__V26": -0.70930055668629, "num__V27": 2.199730843858849, "num__V28": -0.03150591142921012, "num__Amount": -0.2795064317609559, "num__ip_reputation": 1.0553663585267097, "num__txn_count_5m": -0.10780814427858582, "num__txn_count_30m": 1.6282413899593402, "num__txn_count_60m": 1.164957584658837, "num__avg_amount_7d": -0.20045422879495223, "num__account_age_days": 0.41764723002908943, "num__token_age_days": -0.2982182450333148, "num__avg_spend_user_30d": 0.29385176854838574, "num__geo_distance_km": 0.2590408096631966, "num__amount_zscore": 0.60001655085393, "cat__device_os_Android": 0.5366111817461545, "cat__device_os_MacOS": 0.25229484839949806, "cat__device_os_Windows": 0.10556331698922455, "cat__device_os_iOS": 0.3577471824052397, "cat__browser_Chrome": 0.1205896779308008, "cat__browser_Edge": 0.6689722545280428, "cat__browser_Firefox": 0.2700925274460725, "cat__browser_Safari": 0.1659287380025945, "cat__is_new_device_False": 0.8754455150037123, "cat__is_new_device_True": -0.06040360679468493, "cat__ip_country_AU": -0.03937143062972255, "cat__ip_country_BR": 0.21258716223069413, "cat__ip_country_CA": -0.007536682736760655, "cat__ip_country_DE": -0.05412817585834744, "cat__ip_country_ES": 0.14401880660311123, "cat__ip_country_FR": 0.1995159968994139, "cat__ip_country_GB": 0.13232305909565334, "cat__ip_country_IE": 0.17271907246079085, "cat__ip_country_IN": -0.021005023186977806, "cat__ip_country_IT": -0.09542901286663591, "cat__ip_country_NL": 0.26368690057014527, "cat__ip_country_PL": 0.02867224442946025, "cat__ip_country_PT": 0.03380280519163825, "cat__ip_country_SE": 0.20869456456757352, "cat__ip_country_US": 0.12576144393942776, "cat__is_proxy_vpn_False": 0.8586518204989553, "cat__is_proxy_vpn_True": 0.6230441990838602, "cat__billing_country_AU": -0.004913559433856615, "cat__billing_country_BR": 0.17143842742261883, "cat__billing_country_CA": 0.06746038832188733, "cat__billing_country_DE": 0.10498425699794077, "cat__billing_country_ES": 0.2369719436784593, "cat__billing_country_FR": 0.11249331754569891, "cat__billing_country_GB": 0.11187218093056892, "cat__billing_country_IE": 0.20878303178595659, "cat__billing_country_IN": 0.02593458292441015, "cat__billing_country_IT": -0.02670167365892219, "cat__billing_country_NL": -0.05155032232409057, "cat__billing_country_PL": -0.15469568165402536, "cat__billing_country_PT": 0.32369179680302884, "cat__billing_country_SE": -0.06068831725448074, "cat__billing_country_US": 0.04217297420237997, "cat__shipping_country_AU": 0.03438425415773125, "cat__shipping_country_BR": 0.08881858162350906, "cat__shipping_country_CA": 0.16203809043098175, "cat__shipping_country_DE": 0.16872489475729344, "cat__shipping_country_ES": 0.0030816095991688386, "cat__shipping_country_FR": 0.05015798897997587, "cat__shipping_country_GB": 0.09070636745889984, "cat__shipping_country_IE": 0.0343949850144009, "cat__shipping_country_IN": 0.2597874794677196, "cat__shipping_country_IT": 0.12522858488457114, "cat__shipping_country_NL": 0.1572526699813623, "cat__shipping_country_PL": 0.13845189435447014, "cat__shipping_country_PT": 0.2165270835524143, "cat__shipping_country_SE": 0.08223064096500433, "cat__shipping_country_US": -0.08168420425752038, "cat__country_mismatch_False": 0.1178063865918064, "cat__country_mismatch_True": 0.8527729851599476, "cat__night_txn_False": 0.644979461559831, "cat__night_txn_True": 0.3669370454598393, "cat__weekend_txn_False": 0.5119674513300545, "cat__weekend_txn_True": 0.7518425913901889}