{"num__V1": 0.959894346638, "num__V2": 0.6189230485735463, "num__V3": -1.433422881024571, "num__V4": 2.772886319576296, "num__V5": 1.4066436404042169, "num__V6": 0.929047288819269, "num__V7": 0.189258649215102, "num__V8": 0.306603667694715, "num__V9": -1.0476455634650592, "num__V10": 0.1007868353159669, "num__V11": 0.5095536131202303, "num__V12": 0.0445633613289948, "num__V13": 0.2345649069948813, "num__V14": -2.6102998783407463, "num__V15": 0.3690842870239473, "num__V16": 0.4496392002715524, "num__V17": 2.8538513738887756, "num__V18": -1.858450658654726, "num__V19": -3.982629176422304, "num__V20": -0.4384717895601666, "num__V21": -0.3862535149988824, "num__V22": -0.8942285521322509, "num__V23": 0.715386558097198, "num__V24": -2.7853235864901515, "num__V25": -1.2371911070581891, "num__V26": -0.4497750633313202, "num__V27": 0.1741467159088752, "num__V28": 0.0088964691890113, "num__Amount": -0.3149768209557878, "num__ip_reputation": 0.5701537432640326, "num__txn_count_5m": -0.7827457849133089, "num__txn_count_30m": -0.782042640415279, "num__txn_count_60m": -0.7798141786807419, "num__avg_amount_7d": -0.3965230816515214, "num__account_age_days": -1.7233312327689756, "num__token_age_days": 1.4501995396977678, "num__avg_spend_user_30d": 0.3894036230412819, "num__geo_distance_km": 0.4403651790836087, "num__amount_zscore": -2.7738102387101845e-07, "cat__device_os_Android": 0.0, "cat__device_os_MacOS": 0.0, "cat__device_os_Windows": 1.0, "cat__device_os_iOS": 0.0, "cat__browser_Chrome": 1.0, "cat__browser_Edge": 0.0, "cat__browser_Firefox": 0.0, "cat__browser_Safari": 0.0, "cat__is_new_device_False": 1.0, "cat__is_new_device_True": 0.0, "cat__ip_country_AU": 0.0, "cat__ip_country_BR": 0.0, "cat__ip_country_CA": 0.0, "cat__ip_country_DE": 1.0, "cat__ip_country_ES": 0.0, "cat__ip_country_FR": 0.0, "cat__ip_country_GB": 0.0, "cat__ip_country_IE": 0.0, "cat__ip_country_IN": 0.0, "cat__ip_country_IT": 0.0, "cat__ip_country_NL": 0.0, "cat__ip_country_PL": 0.0, "cat__ip_country_PT": 0.0, "cat__ip_country_SE": 0.0, "cat__ip_country_US": 0.0, "cat__is_proxy_vpn_False": 1.0, "cat__is_proxy_vpn_True": 0.0, "cat__billing_country_AU": 0.0, "cat__billing_country_BR": 0.0, "cat__billing_country_CA": 1.0, "cat__billing_country_DE": 0.0, "cat__billing_country_ES": 0.0, "cat__billing_country_FR": 0.0, "cat__billing_country_GB": 0.0, "cat__billing_country_IE": 0.0, "cat__billing_country_IN": 0.0, "cat__billing_country_IT": 0.0, "cat__billing_country_NL": 0.0, "cat__billing_country_PL": 0.0, "cat__billing_country_PT": 0.0, "cat__billing_country_SE": 0.0, "cat__billing_country_US": 0.0, "cat__shipping_country_AU": 0.0, "cat__shipping_country_BR": 0.0, "cat__shipping_country_CA": 0.0, "cat__shipping_country_DE": 0.0, "cat__shipping_country_ES": 0.0, "cat__shipping_country_FR": 0.0, "cat__shipping_country_GB": 0.0, "cat__shipping_country_IE": 0.0, "cat__shipping_country_IN": 0.0, "cat__shipping_country_IT": 1.0, "cat__shipping_country_NL": 0.0, "cat__shipping_country_PL": 0.0, "cat__shipping_country_PT": 0.0, "cat__shipping_country_SE": 0.0, "cat__shipping_country_US": 0.0, "cat__country_mismatch_False": 0.0, "cat__country_mismatch_True": 1.0, "cat__night_txn_False": 1.0, "cat__night_txn_True": 0.0, "cat__weekend_txn_False": 1.0, "cat__weekend_txn_True": 0.0}