{"num__V1": -3.5635324528346812, "num__V2": 1.6024505387425565, "num__V3": -5.959150641815079, "num__V4": 2.0900582322566335, "num__V5": -2.7838020099956946, "num__V6": -0.5478807485551909, "num__V7": -1.6692339847991837, "num__V8": 5.693743261895137, "num__V9": -0.4391586309531498, "num__V10": 0.12241409256397251, "num__V11": 4.521408443059883, "num__V12": -2.031483263340678, "num__V13": 0.09314880414299323, "num__V14": -6.354208484395459, "num__V15": -0.13301508926412497, "num__V16": -4.178477819732431, "num__V17": -5.847768674827619, "num__V18": 1.254509315515966, "num__V19": 0.5704087307970402, "num__V20": -0.3826854908955661, "num__V21": 3.387710905802217, "num__V22": 0.8320643965906183, "num__V23": 0.8441902361664213, "num__V24": -0.9510186570038548, "num__V25": 1.2987814281843426, "num__V26": -0.22429983545890736, "num__V27": 1.2784758566361476, "num__V28": 1.8762349681832307, "num__Amount": 0.9790610330669314, "num__ip_reputation": 0.05805939923460968, "num__txn_count_5m": -0.6083380928640532, "num__txn_count_30m": 1.3518952597898461, "num__txn_count_60m": 0.6724823280911081, "num__avg_amount_7d": -0.2060879937709064, "num__account_age_days": -0.30892590493239275, "num__token_age_days": -0.09717022506250494, "num__avg_spend_user_30d": 0.2762090004305049, "num__geo_distance_km": 0.1360267836363912, "num__amount_zscore": 0.33099229481712233, "cat__device_os_Android": 0.057846799554999634, "cat__device_os_MacOS": 0.5275314236587534, "cat__device_os_Windows": 0.39626248635680655, "cat__device_os_iOS": 0.39519218557788255, "cat__browser_Chrome": 0.032954693037993754, "cat__browser_Edge": 0.6058948104109011, "cat__browser_Firefox": 0.24051343659527188, "cat__browser_Safari": 0.3786441445248417, "cat__is_new_device_False": 0.7946958586057151, "cat__is_new_device_True": 0.19544953018115183, "cat__ip_country_AU": 0.11541531861131474, "cat__ip_country_BR": -0.25896231919428486, "cat__ip_country_CA": 0.13491513189492357, "cat__ip_country_DE": 0.27728608598994575, "cat__ip_country_ES": 0.14439928830555693, "cat__ip_country_FR": -0.04246372698361171, "cat__ip_country_GB": 0.12496557504434593, "cat__ip_country_IE": 0.1797533060675008, "cat__ip_country_IN": 0.1220524477442486, "cat__ip_country_IT": 0.052637704867814196, "cat__ip_country_NL": 0.050670321444282636, "cat__ip_country_PL": 0.03733176449395786, "cat__ip_country_PT": 0.13828751983206836, "cat__ip_country_SE": -0.09321651643574586, "cat__ip_country_US": 0.02204244106265703, "cat__is_proxy_vpn_False": 1.0681224777409553, "cat__is_proxy_vpn_True": 0.5254866345227898, "cat__billing_country_AU": -0.1024326919205098, "cat__billing_country_BR": -0.06182085194959225, "cat__billing_country_CA": 0.031384325530805654, "cat__billing_country_DE": 0.17859280672573258, "cat__billing_country_ES": -0.14095810480592036, "cat__billing_country_FR": 0.05182197091841864, "cat__billing_country_GB": 0.004548329438146648, "cat__billing_country_IE": 0.23946665349688162, "cat__billing_country_IN": -0.12472964485490655, "cat__billing_country_IT": 0.0822517699168025, "cat__billing_country_NL": 0.024102722397645243, "cat__billing_country_PL": 0.21922469251284182, "cat__billing_country_PT": 0.14806399340162396, "cat__billing_country_SE": -0.003828794125193151, "cat__billing_country_US": 0.1653445917636791, "cat__shipping_country_AU": 0.021640123738231598, "cat__shipping_country_BR": 0.16280815296112966, "cat__shipping_country_CA": 0.04105694845534104, "cat__shipping_country_DE": 0.19112418786016477, "cat__shipping_country_ES": 0.12116825641000388, "cat__shipping_country_FR": 0.44738722613610843, "cat__shipping_country_GB": 0.05388272359923051, "cat__shipping_country_IE": 0.10440532195381433, "cat__shipping_country_IN": 0.015670291964480013, "cat__shipping_country_IT": 0.06897806969333059, "cat__shipping_country_NL": -0.24447951189288825, "cat__shipping_country_PL": 0.11636741580134144, "cat__shipping_country_PT": 0.2368374304783714, "cat__shipping_country_SE": 0.10618154560837198, "cat__shipping_country_US": -0.08360519815862144, "cat__country_mismatch_False": -0.022648578218210647, "cat__country_mismatch_True": 0.6448234078634856, "cat__night_txn_False": 0.956069463799439, "cat__night_txn_True": 0.03823732270399394, "cat__weekend_txn_False": 0.2465997478559014, "cat__weekend_txn_True": 0.7151874362066423}