{"num__V1": 1.0314248981175154, "num__V2": 0.5064555404145155, "num__V3": -1.0685919639946593, "num__V4": 2.874944291347308, "num__V5": 0.5009415054203544, "num__V6": 0.0483747400159519, "num__V7": -0.3062013401892484, "num__V8": 0.1926552848411191, "num__V9": -0.3414903128262598, "num__V10": 0.1794820742190103, "num__V11": -0.7132669128461797, "num__V12": -1.514564858176657, "num__V13": -1.4393154874479606, "num__V14": -3.094490931403432, "num__V15": 0.4542111029801078, "num__V16": 2.811522137508927, "num__V17": 1.5423808675194226, "num__V18": 2.028196823729071, "num__V19": -2.8669293118480645, "num__V20": -0.3291326688279419, "num__V21": 0.0257393660221851, "num__V22": 0.0005125448538304, "num__V23": 0.3431539568023192, "num__V24": 0.4225996947920594, "num__V25": -0.758466327169035, "num__V26": -0.0548893065886644, "num__V27": 0.0796495603890141, "num__V28": 0.1286824019282658, "num__Amount": -0.29987102089335, "num__ip_reputation": 0.8856600435031906, "num__txn_count_5m": 0.7206244202239912, "num__txn_count_30m": 0.7191021433953892, "num__txn_count_60m": 0.7154478020114323, "num__avg_amount_7d": -0.2220076018238741, "num__account_age_days": -0.9454709496647152, "num__token_age_days": -0.1682606933223014, "num__avg_spend_user_30d": -0.59853828463515, "num__geo_distance_km": -0.6360136645756813, "num__amount_zscore": -0.708943590862679, "cat__device_os_Android": 0.0, "cat__device_os_MacOS": 1.0, "cat__device_os_Windows": 0.0, "cat__device_os_iOS": 0.0, "cat__browser_Chrome": 0.0, "cat__browser_Edge": 1.0, "cat__browser_Firefox": 0.0, "cat__browser_Safari": 0.0, "cat__is_new_device_False": 1.0, "cat__is_new_device_True": 0.0, "cat__ip_country_AU": 0.0, "cat__ip_country_BR": 0.0, "cat__ip_country_CA": 0.0, "cat__ip_country_DE": 0.0, "cat__ip_country_ES": 0.0, "cat__ip_country_FR": 0.0, "cat__ip_country_GB": 0.0, "cat__ip_country_IE": 0.0, "cat__ip_country_IN": 1.0, "cat__ip_country_IT": 0.0, "cat__ip_country_NL": 0.0, "cat__ip_country_PL": 0.0, "cat__ip_country_PT": 0.0, "cat__ip_country_SE": 0.0, "cat__ip_country_US": 0.0, "cat__is_proxy_vpn_False": 1.0, "cat__is_proxy_vpn_True": 0.0, "cat__billing_country_AU": 0.0, "cat__billing_country_BR": 0.0, "cat__billing_country_CA": 0.0, "cat__billing_country_DE": 0.0, "cat__billing_country_ES": 0.0, "cat__billing_country_FR": 0.0, "cat__billing_country_GB": 0.0, "cat__billing_country_IE": 0.0, "cat__billing_country_IN": 0.0, "cat__billing_country_IT": 0.0, "cat__billing_country_NL": 0.0, "cat__billing_country_PL": 1.0, "cat__billing_country_PT": 0.0, "cat__billing_country_SE": 0.0, "cat__billing_country_US": 0.0, "cat__shipping_country_AU": 0.0, "cat__shipping_country_BR": 0.0, "cat__shipping_country_CA": 0.0, "cat__shipping_country_DE": 0.0, "cat__shipping_country_ES": 0.0, "cat__shipping_country_FR": 0.0, "cat__shipping_country_GB": 0.0, "cat__shipping_country_IE": 0.0, "cat__shipping_country_IN": 0.0, "cat__shipping_country_IT": 0.0, "cat__shipping_country_NL": 0.0, "cat__shipping_country_PL": 0.0, "cat__shipping_country_PT": 1.0, "cat__shipping_country_SE": 0.0, "cat__shipping_country_US": 0.0, "cat__country_mismatch_False": 0.0, "cat__country_mismatch_True": 1.0, "cat__night_txn_False": 1.0, "cat__night_txn_True": 0.0, "cat__weekend_txn_False": 1.0, "cat__weekend_txn_True": 0.0}