{"num__V1": -0.1087394098916217, "num__V2": 1.0403138802406977, "num__V3": -1.1516402401285393, "num__V4": -0.1670561387936535, "num__V5": 0.6275200548148274, "num__V6": -1.386149978678613, "num__V7": 0.6982827878877269, "num__V8": 0.057464703637041, "num__V9": -0.209878287279381, "num__V10": -1.8012300086386552, "num__V11": -0.3291572064578273, "num__V12": -0.5110955361736127, "num__V13": -0.5042552195127891, "num__V14": -2.4057357593898248, "num__V15": 0.5859882391333352, "num__V16": 1.0437045379443417, "num__V17": 2.0404332955330826, "num__V18": 1.8110053571980056, "num__V19": -1.0798527395558075, "num__V20": -0.3787687340094052, "num__V21": 0.332402111141836, "num__V22": 0.9137215729499376, "num__V23": -0.4109940789385132, "num__V24": -0.3153378553435761, "num__V25": -0.1318036833159056, "num__V26": -0.39728809787534, "num__V27": -0.4379982116339163, "num__V28": 0.1148008460180357, "num__Amount": -0.3566382961279898, "num__ip_reputation": 0.5077459036562869, "num__txn_count_5m": 0.7206244202239912, "num__txn_count_30m": 0.7191021433953892, "num__txn_count_60m": 0.7154478020114323, "num__avg_amount_7d": 0.825235721521172, "num__account_age_days": -1.6299879987964645, "num__token_age_days": -0.1020079352454564, "num__avg_spend_user_30d": 0.4491269224901109, "num__geo_distance_km": 1.9075790963472212, "num__amount_zscore": -0.8294971340288262, "cat__device_os_Android": 0.0, "cat__device_os_MacOS": 0.0, "cat__device_os_Windows": 0.0, "cat__device_os_iOS": 1.0, "cat__browser_Chrome": 1.0, "cat__browser_Edge": 0.0, "cat__browser_Firefox": 0.0, "cat__browser_Safari": 0.0, "cat__is_new_device_False": 1.0, "cat__is_new_device_True": 0.0, "cat__ip_country_AU": 0.0, "cat__ip_country_BR": 0.0, "cat__ip_country_CA": 0.0, "cat__ip_country_DE": 0.0, "cat__ip_country_ES": 0.0, "cat__ip_country_FR": 0.0, "cat__ip_country_GB": 0.0, "cat__ip_country_IE": 0.0, "cat__ip_country_IN": 0.0, "cat__ip_country_IT": 0.0, "cat__ip_country_NL": 0.0, "cat__ip_country_PL": 0.0, "cat__ip_country_PT": 0.0, "cat__ip_country_SE": 1.0, "cat__ip_country_US": 0.0, "cat__is_proxy_vpn_False": 1.0, "cat__is_proxy_vpn_True": 0.0, "cat__billing_country_AU": 0.0, "cat__billing_country_BR": 1.0, "cat__billing_country_CA": 0.0, "cat__billing_country_DE": 0.0, "cat__billing_country_ES": 0.0, "cat__billing_country_FR": 0.0, "cat__billing_country_GB": 0.0, "cat__billing_country_IE": 0.0, "cat__billing_country_IN": 0.0, "cat__billing_country_IT": 0.0, "cat__billing_country_NL": 0.0, "cat__billing_country_PL": 0.0, "cat__billing_country_PT": 0.0, "cat__billing_country_SE": 0.0, "cat__billing_country_US": 0.0, "cat__shipping_country_AU": 0.0, "cat__shipping_country_BR": 0.0, "cat__shipping_country_CA": 0.0, "cat__shipping_country_DE": 0.0, "cat__shipping_country_ES": 0.0, "cat__shipping_country_FR": 0.0, "cat__shipping_country_GB": 0.0, "cat__shipping_country_IE": 0.0, "cat__shipping_country_IN": 1.0, "cat__shipping_country_IT": 0.0, "cat__shipping_country_NL": 0.0, "cat__shipping_country_PL": 0.0, "cat__shipping_country_PT": 0.0, "cat__shipping_country_SE": 0.0, "cat__shipping_country_US": 0.0, "cat__country_mismatch_False": 0.0, "cat__country_mismatch_True": 1.0, "cat__night_txn_False": 1.0, "cat__night_txn_True": 0.0, "cat__weekend_txn_False": 1.0, "cat__weekend_txn_True": 0.0}