{"num__V1": 0.1821845394446385, "num__V2": -1.3859085467368184, "num__V3": -2.9220170126371303, "num__V4": 1.0423413780927342, "num__V5": 0.0809158524179404, "num__V6": -1.225321340222956, "num__V7": 1.62647724376534, "num__V8": -0.6080020642150146, "num__V9": 0.2977194947505044, "num__V10": -1.751354858949285, "num__V11": 0.1733462301713737, "num__V12": 0.0284912049827321, "num__V13": 0.136754693862954, "num__V14": -2.735413012978892, "num__V15": 0.8270214638889155, "num__V16": 0.6089364537034382, "num__V17": 2.5636700040154508, "num__V18": 1.5366385248177354, "num__V19": -0.96113865682427, "num__V20": 2.311458017098687, "num__V21": 0.690740937163016, "num__V22": -0.5862475721837148, "num__V23": -1.3970314424876502, "num__V24": -0.507429420286644, "num__V25": -0.0515981240474756, "num__V26": -1.2628735209800734, "num__V27": -0.3587989285486695, "num__V28": 0.5579946376054594, "num__Amount": 3.418405594475637, "num__ip_reputation": 0.1020949462059408, "num__txn_count_5m": 1.4723095227926413, "num__txn_count_30m": 1.4696745353007232, "num__txn_count_60m": 1.4630787923575193, "num__avg_amount_7d": 0.8350146061666867, "num__account_age_days": -1.1598146721201117, "num__token_age_days": -1.6542154101886808, "num__avg_spend_user_30d": -0.0480353526926989, "num__geo_distance_km": -0.871950793647393, "num__amount_zscore": 1.91337247195324, "cat__device_os_Android": 0.0, "cat__device_os_MacOS": 1.0, "cat__device_os_Windows": 0.0, "cat__device_os_iOS": 0.0, "cat__browser_Chrome": 0.0, "cat__browser_Edge": 1.0, "cat__browser_Firefox": 0.0, "cat__browser_Safari": 0.0, "cat__is_new_device_False": 1.0, "cat__is_new_device_True": 0.0, "cat__ip_country_AU": 0.0, "cat__ip_country_BR": 0.0, "cat__ip_country_CA": 0.0, "cat__ip_country_DE": 0.0, "cat__ip_country_ES": 0.0, "cat__ip_country_FR": 0.0, "cat__ip_country_GB": 0.0, "cat__ip_country_IE": 1.0, "cat__ip_country_IN": 0.0, "cat__ip_country_IT": 0.0, "cat__ip_country_NL": 0.0, "cat__ip_country_PL": 0.0, "cat__ip_country_PT": 0.0, "cat__ip_country_SE": 0.0, "cat__ip_country_US": 0.0, "cat__is_proxy_vpn_False": 1.0, "cat__is_proxy_vpn_True": 0.0, "cat__billing_country_AU": 0.0, "cat__billing_country_BR": 0.0, "cat__billing_country_CA": 0.0, "cat__billing_country_DE": 0.0, "cat__billing_country_ES": 0.0, "cat__billing_country_FR": 1.0, "cat__billing_country_GB": 0.0, "cat__billing_country_IE": 0.0, "cat__billing_country_IN": 0.0, "cat__billing_country_IT": 0.0, "cat__billing_country_NL": 0.0, "cat__billing_country_PL": 0.0, "cat__billing_country_PT": 0.0, "cat__billing_country_SE": 0.0, "cat__billing_country_US": 0.0, "cat__shipping_country_AU": 0.0, "cat__shipping_country_BR": 0.0, "cat__shipping_country_CA": 0.0, "cat__shipping_country_DE": 0.0, "cat__shipping_country_ES": 0.0, "cat__shipping_country_FR": 0.0, "cat__shipping_country_GB": 0.0, "cat__shipping_country_IE": 0.0, "cat__shipping_country_IN": 0.0, "cat__shipping_country_IT": 0.0, "cat__shipping_country_NL": 0.0, "cat__shipping_country_PL": 1.0, "cat__shipping_country_PT": 0.0, "cat__shipping_country_SE": 0.0, "cat__shipping_country_US": 0.0, "cat__country_mismatch_False": 0.0, "cat__country_mismatch_True": 1.0, "cat__night_txn_False": 1.0, "cat__night_txn_True": 0.0, "cat__weekend_txn_False": 1.0, "cat__weekend_txn_True": 0.0}