{"num__V1": 1.0232451198999637, "num__V2": -0.179003379137408, "num__V3": -1.4524546904512077, "num__V4": 0.1982324982568644, "num__V5": 0.1827811959834205, "num__V6": -0.5679315734402641, "num__V7": 0.1153915073446634, "num__V8": -0.0957787102754194, "num__V9": 0.7243730164505476, "num__V10": -0.6334758915830944, "num__V11": 0.7545177558810754, "num__V12": 0.7305293761252096, "num__V13": -0.5322503658179435, "num__V14": -1.2606607346437633, "num__V15": -0.8433540553683923, "num__V16": 0.2749850619264922, "num__V17": 0.8576063500567025, "num__V18": 0.7382320418049932, "num__V19": 0.5540719096667733, "num__V20": -0.0566809213773201, "num__V21": -0.2015486434546839, "num__V22": -0.564717477409408, "num__V23": 0.1407418321231398, "num__V24": -0.8622572898853184, "num__V25": -0.3442947587529871, "num__V26": -0.1979477624490617, "num__V27": -0.0696492826106398, "num__V28": -0.0742624678866398, "num__Amount": 0.0162660554133592, "num__ip_reputation": 1.544409461584949, "num__txn_count_5m": 1.4723095227926413, "num__txn_count_30m": 1.4696745353007232, "num__txn_count_60m": 1.4630787923575193, "num__avg_amount_7d": -0.2793269102845065, "num__account_age_days": -1.0595571245200066, "num__token_age_days": 1.1189357493135432, "num__avg_spend_user_30d": 1.094685640196538, "num__geo_distance_km": -0.7520833596146542, "num__amount_zscore": 1.9089484887177852, "cat__device_os_Android": 0.0, "cat__device_os_MacOS": 0.0, "cat__device_os_Windows": 0.0, "cat__device_os_iOS": 1.0, "cat__browser_Chrome": 0.0, "cat__browser_Edge": 0.0, "cat__browser_Firefox": 0.0, "cat__browser_Safari": 1.0, "cat__is_new_device_False": 1.0, "cat__is_new_device_True": 0.0, "cat__ip_country_AU": 0.0, "cat__ip_country_BR": 0.0, "cat__ip_country_CA": 0.0, "cat__ip_country_DE": 0.0, "cat__ip_country_ES": 0.0, "cat__ip_country_FR": 0.0, "cat__ip_country_GB": 0.0, "cat__ip_country_IE": 0.0, "cat__ip_country_IN": 0.0, "cat__ip_country_IT": 0.0, "cat__ip_country_NL": 1.0, "cat__ip_country_PL": 0.0, "cat__ip_country_PT": 0.0, "cat__ip_country_SE": 0.0, "cat__ip_country_US": 0.0, "cat__is_proxy_vpn_False": 0.0, "cat__is_proxy_vpn_True": 1.0, "cat__billing_country_AU": 0.0, "cat__billing_country_BR": 0.0, "cat__billing_country_CA": 0.0, "cat__billing_country_DE": 0.0, "cat__billing_country_ES": 0.0, "cat__billing_country_FR": 0.0, "cat__billing_country_GB": 0.0, "cat__billing_country_IE": 1.0, "cat__billing_country_IN": 0.0, "cat__billing_country_IT": 0.0, "cat__billing_country_NL": 0.0, "cat__billing_country_PL": 0.0, "cat__billing_country_PT": 0.0, "cat__billing_country_SE": 0.0, "cat__billing_country_US": 0.0, "cat__shipping_country_AU": 0.0, "cat__shipping_country_BR": 0.0, "cat__shipping_country_CA": 0.0, "cat__shipping_country_DE": 0.0, "cat__shipping_country_ES": 0.0, "cat__shipping_country_FR": 0.0, "cat__shipping_country_GB": 0.0, "cat__shipping_country_IE": 0.0, "cat__shipping_country_IN": 0.0, "cat__shipping_country_IT": 1.0, "cat__shipping_country_NL": 0.0, "cat__shipping_country_PL": 0.0, "cat__shipping_country_PT": 0.0, "cat__shipping_country_SE": 0.0, "cat__shipping_country_US": 0.0, "cat__country_mismatch_False": 0.0, "cat__country_mismatch_True": 1.0, "cat__night_txn_False": 1.0, "cat__night_txn_True": 0.0, "cat__weekend_txn_False": 1.0, "cat__weekend_txn_True": 0.0}