{"num__V1": -0.061153290181342, "num__V2": 1.2539802175509318, "num__V3": -0.2868604675961954, "num__V4": 3.62975913616752, "num__V5": 0.4330209729387309, "num__V6": -0.1208751771956952, "num__V7": 0.1288069294557041, "num__V8": 0.4464501710680187, "num__V9": -1.7277387538879616, "num__V10": 0.0852024299747719, "num__V11": -0.2036834527637545, "num__V12": -0.5998398834829418, "num__V13": 0.3398316194267065, "num__V14": -3.0249385396412443, "num__V15": 0.7555903776046806, "num__V16": 1.2813183464031517, "num__V17": 3.134414174592652, "num__V18": 1.10365895207758, "num__V19": 1.0061247205309982, "num__V20": 0.5305713547493137, "num__V21": -0.910865059852497, "num__V22": -2.935008862713131, "num__V23": 0.3687198207324424, "num__V24": -0.5402456857199721, "num__V25": 0.366560544603203, "num__V26": -0.0122735185467481, "num__V27": -0.0831158824701891, "num__V28": -0.7554762008832754, "num__Amount": -0.2091960455185574, "num__ip_reputation": 1.1803637305397667, "num__txn_count_5m": -0.0310606823446588, "num__txn_count_30m": -0.0314702485099449, "num__txn_count_60m": -0.0321831883346548, "num__avg_amount_7d": -0.3525431748098988, "num__account_age_days": -1.405272805899678, "num__token_age_days": -1.4743864954086732, "num__avg_spend_user_30d": -0.2009908257085931, "num__geo_distance_km": -0.767938401096824, "num__amount_zscore": 0.2886646287324113, "cat__device_os_Android": 0.0, "cat__device_os_MacOS": 1.0, "cat__device_os_Windows": 0.0, "cat__device_os_iOS": 0.0, "cat__browser_Chrome": 0.0, "cat__browser_Edge": 1.0, "cat__browser_Firefox": 0.0, "cat__browser_Safari": 0.0, "cat__is_new_device_False": 1.0, "cat__is_new_device_True": 0.0, "cat__ip_country_AU": 0.0, "cat__ip_country_BR": 0.0, "cat__ip_country_CA": 0.0, "cat__ip_country_DE": 0.0, "cat__ip_country_ES": 0.0, "cat__ip_country_FR": 0.0, "cat__ip_country_GB": 0.0, "cat__ip_country_IE": 0.0, "cat__ip_country_IN": 0.0, "cat__ip_country_IT": 0.0, "cat__ip_country_NL": 0.0, "cat__ip_country_PL": 0.0, "cat__ip_country_PT": 1.0, "cat__ip_country_SE": 0.0, "cat__ip_country_US": 0.0, "cat__is_proxy_vpn_False": 1.0, "cat__is_proxy_vpn_True": 0.0, "cat__billing_country_AU": 0.0, "cat__billing_country_BR": 0.0, "cat__billing_country_CA": 0.0, "cat__billing_country_DE": 0.0, "cat__billing_country_ES": 0.0, "cat__billing_country_FR": 0.0, "cat__billing_country_GB": 0.0, "cat__billing_country_IE": 0.0, "cat__billing_country_IN": 0.0, "cat__billing_country_IT": 0.0, "cat__billing_country_NL": 0.0, "cat__billing_country_PL": 0.0, "cat__billing_country_PT": 0.0, "cat__billing_country_SE": 1.0, "cat__billing_country_US": 0.0, "cat__shipping_country_AU": 0.0, "cat__shipping_country_BR": 0.0, "cat__shipping_country_CA": 0.0, "cat__shipping_country_DE": 0.0, "cat__shipping_country_ES": 0.0, "cat__shipping_country_FR": 1.0, "cat__shipping_country_GB": 0.0, "cat__shipping_country_IE": 0.0, "cat__shipping_country_IN": 0.0, "cat__shipping_country_IT": 0.0, "cat__shipping_country_NL": 0.0, "cat__shipping_country_PL": 0.0, "cat__shipping_country_PT": 0.0, "cat__shipping_country_SE": 0.0, "cat__shipping_country_US": 0.0, "cat__country_mismatch_False": 0.0, "cat__country_mismatch_True": 1.0, "cat__night_txn_False": 1.0, "cat__night_txn_True": 0.0, "cat__weekend_txn_False": 1.0, "cat__weekend_txn_True": 0.0}