{"num__V1": 1.1121543886970808, "num__V2": 0.262700672298354, "num__V3": -1.8392644518214576, "num__V4": 0.4459431080810783, "num__V5": 0.3783318944118363, "num__V6": -1.2386764037074018, "num__V7": 0.1818027842608209, "num__V8": -0.1654278822459554, "num__V9": 0.4107504986970573, "num__V10": -0.8913677140134215, "num__V11": 1.5274555086916708, "num__V12": -0.2385410688995926, "num__V13": -1.6475619094976504, "num__V14": -2.1363786605370665, "num__V15": 0.4741405424797922, "num__V16": 1.1498125010846123, "num__V17": 1.812290584228499, "num__V18": 2.3349053699116884, "num__V19": -0.5130050641795338, "num__V20": -0.3528423527603652, "num__V21": 0.2062552106694309, "num__V22": 0.776060264668409, "num__V23": -0.0236598866529765, "num__V24": -0.3039294177673682, "num__V25": 0.208654133703414, "num__V26": -0.2599578028026469, "num__V27": 0.0120940203449896, "num__V28": -0.0210759085655057, "num__Amount": -0.3566382961279898, "num__ip_reputation": 1.5478765637853795, "num__txn_count_5m": -0.7827457849133089, "num__txn_count_30m": -0.782042640415279, "num__txn_count_60m": -0.7798141786807419, "num__avg_amount_7d": -0.4485266887151049, "num__account_age_days": -1.3879870218306944, "num__token_age_days": -1.5311745737602545, "num__avg_spend_user_30d": -0.5584188163031122, "num__geo_distance_km": 0.1309635907882309, "num__amount_zscore": -1.1059960862447602, "cat__device_os_Android": 0.0, "cat__device_os_MacOS": 0.0, "cat__device_os_Windows": 0.0, "cat__device_os_iOS": 1.0, "cat__browser_Chrome": 1.0, "cat__browser_Edge": 0.0, "cat__browser_Firefox": 0.0, "cat__browser_Safari": 0.0, "cat__is_new_device_False": 1.0, "cat__is_new_device_True": 0.0, "cat__ip_country_AU": 1.0, "cat__ip_country_BR": 0.0, "cat__ip_country_CA": 0.0, "cat__ip_country_DE": 0.0, "cat__ip_country_ES": 0.0, "cat__ip_country_FR": 0.0, "cat__ip_country_GB": 0.0, "cat__ip_country_IE": 0.0, "cat__ip_country_IN": 0.0, "cat__ip_country_IT": 0.0, "cat__ip_country_NL": 0.0, "cat__ip_country_PL": 0.0, "cat__ip_country_PT": 0.0, "cat__ip_country_SE": 0.0, "cat__ip_country_US": 0.0, "cat__is_proxy_vpn_False": 0.0, "cat__is_proxy_vpn_True": 1.0, "cat__billing_country_AU": 0.0, "cat__billing_country_BR": 0.0, "cat__billing_country_CA": 0.0, "cat__billing_country_DE": 0.0, "cat__billing_country_ES": 0.0, "cat__billing_country_FR": 0.0, "cat__billing_country_GB": 0.0, "cat__billing_country_IE": 0.0, "cat__billing_country_IN": 0.0, "cat__billing_country_IT": 0.0, "cat__billing_country_NL": 0.0, "cat__billing_country_PL": 0.0, "cat__billing_country_PT": 0.0, "cat__billing_country_SE": 1.0, "cat__billing_country_US": 0.0, "cat__shipping_country_AU": 0.0, "cat__shipping_country_BR": 0.0, "cat__shipping_country_CA": 1.0, "cat__shipping_country_DE": 0.0, "cat__shipping_country_ES": 0.0, "cat__shipping_country_FR": 0.0, "cat__shipping_country_GB": 0.0, "cat__shipping_country_IE": 0.0, "cat__shipping_country_IN": 0.0, "cat__shipping_country_IT": 0.0, "cat__shipping_country_NL": 0.0, "cat__shipping_country_PL": 0.0, "cat__shipping_country_PT": 0.0, "cat__shipping_country_SE": 0.0, "cat__shipping_country_US": 0.0, "cat__country_mismatch_False": 0.0, "cat__country_mismatch_True": 1.0, "cat__night_txn_False": 1.0, "cat__night_txn_True": 0.0, "cat__weekend_txn_False": 1.0, "cat__weekend_txn_True": 0.0}