{"num__V1": -1.4512305383135637, "num__V2": 1.3142591673035129, "num__V3": -2.7489712264811903, "num__V4": 1.6546008282949474, "num__V5": -1.4689792818758707, "num__V6": -0.5725317334223593, "num__V7": -2.6831890448971003, "num__V8": 0.36306042400342176, "num__V9": -1.2404777577003396, "num__V10": -2.922228137132571, "num__V11": 1.935714750947595, "num__V12": -3.125320157984171, "num__V13": -0.05032079042640671, "num__V14": -3.732436423091529, "num__V15": 1.9443881467318644, "num__V16": -2.6525428541140106, "num__V17": -4.387364898145488, "num__V18": -1.5969991996007145, "num__V19": 0.48132475211427084, "num__V20": 0.23686266793972316, "num__V21": 0.57484126575061, "num__V22": 0.002008579070346239, "num__V23": 0.00954024385648578, "num__V24": -0.06618421554458304, "num__V25": 0.06838227562373703, "num__V26": 0.032447154114426266, "num__V27": 0.24460593059516553, "num__V28": 0.11460360052028, "num__Amount": 0.01863531325443494, "num__ip_reputation": 0.5413037850433526, "num__txn_count_5m": 0.2535317836547784, "num__txn_count_30m": 0.3528869299549677, "num__txn_count_60m": 4.218009866823871, "num__avg_amount_7d": 0.011478783976736724, "num__account_age_days": -0.6027633787728004, "num__token_age_days": -0.02322261254371908, "num__avg_spend_user_30d": -0.02727209690177238, "num__geo_distance_km": 0.10055833867986905, "num__amount_zscore": -0.0044504384904403, "cat__device_os_Android": 0.2322208784260083, "cat__device_os_MacOS": 0.24596883121056765, "cat__device_os_Windows": -0.544851503524387, "cat__device_os_iOS": 0.26530850043767384, "cat__browser_Chrome": -0.5411794947644455, "cat__browser_Edge": 0.26419977266739814, "cat__browser_Firefox": 0.24321364216443717, "cat__browser_Safari": 0.23700211013888653, "cat__is_new_device_False": 0.8460608232037045, "cat__is_new_device_True": 0.15393917679629546, "cat__ip_country_AU": 0.07916571149294024, "cat__ip_country_BR": 0.07178964900198577, "cat__ip_country_CA": 0.06796769909254746, "cat__ip_country_DE": 0.06105514192465223, "cat__ip_country_ES": 0.07873147459906737, "cat__ip_country_FR": 0.06565637964762394, "cat__ip_country_GB": 0.05565174784919358, "cat__ip_country_IE": 0.062264745916855845, "cat__ip_country_IN": 0.06429275228965847, "cat__ip_country_IT": 0.5002521494207204, "cat__ip_country_NL": 0.08025581401228923, "cat__ip_country_PL": 0.06526055770222247, "cat__ip_country_PT": 0.061430827695035814, "cat__ip_country_SE": 0.06209497026915286, "cat__ip_country_US": 0.06360065859348829, "cat__is_proxy_vpn_False": 0.774863750268448, "cat__is_proxy_vpn_True": 0.22513624973155189, "cat__billing_country_AU": 0.07027595625086641, "cat__billing_country_BR": 0.06633854802761721, "cat__billing_country_CA": 0.061182618220936985, "cat__billing_country_DE": 0.5451520878136218, "cat__billing_country_ES": 0.06484322030946256, "cat__billing_country_FR": 0.05773212258653037, "cat__billing_country_GB": 0.05481201154186353, "cat__billing_country_IE": -0.4052962374166268, "cat__billing_country_IN": 0.06784554021556029, "cat__billing_country_IT": 0.07143061009059361, "cat__billing_country_NL": 0.06983024618971714, "cat__billing_country_PL": 0.05928205838000506, "cat__billing_country_PT": 0.07609930325311795, "cat__billing_country_SE": 0.06055015557958971, "cat__billing_country_US": 0.0675323178071607, "cat__shipping_country_AU": 0.06587760207183915, "cat__shipping_country_BR": 0.48367955639965143, "cat__shipping_country_CA": 0.06829997481287103, "cat__shipping_country_DE": 0.06947317662239808, "cat__shipping_country_ES": 0.07064087459494622, "cat__shipping_country_FR": 0.06952587994670188, "cat__shipping_country_GB": 0.4987503705261759, "cat__shipping_country_IE": 0.0619634361494849, "cat__shipping_country_IN": 0.07175495953543728, "cat__shipping_country_IT": 0.06866872090205274, "cat__shipping_country_NL": 0.07134963901664763, "cat__shipping_country_PL": 0.06425224381002761, "cat__shipping_country_PT": 0.07583280290126819, "cat__shipping_country_SE": 0.06212182717111117, "cat__shipping_country_US": 0.06460340235162604, "cat__country_mismatch_False": 0.0710820250216518, "cat__country_mismatch_True": 0.928917974978348, "cat__night_txn_False": 0.75406266306233, "cat__night_txn_True": 0.24593733693766984, "cat__weekend_txn_False": 1.0904009968415738, "cat__weekend_txn_True": 0.7473873217632443}