{"num__V1": -1.0243058253595216, "num__V2": -1.5189749807681836, "num__V3": -1.536143044728432, "num__V4": -0.9371843805265324, "num__V5": -0.6684945774050266, "num__V6": -0.1600076617773598, "num__V7": 3.609266825480081, "num__V8": -0.6013350059932577, "num__V9": -1.9589721689371071, "num__V10": -0.64421417059924, "num__V11": -1.5917395126936869, "num__V12": -1.230721744220518, "num__V13": -0.9896744597022276, "num__V14": 0.8413819060042862, "num__V15": -1.0213756980647983, "num__V16": -2.0772487542487363, "num__V17": -0.1765076070058299, "num__V18": 1.5335776791014748, "num__V19": -1.7992362682486494, "num__V20": 1.9433291247401192, "num__V21": 0.731429014293292, "num__V22": 0.3457922880991005, "num__V23": 2.9142438923618306, "num__V24": 1.0873627075376568, "num__V25": 1.835023564242228, "num__V26": 1.7377929168238235, "num__V27": -0.9043138956657362, "num__V28": 0.5566072758179611, "num__Amount": 3.3381359441438536, "num__ip_reputation": 1.7281658782077556, "num__txn_count_5m": -0.0310606823446588, "num__txn_count_30m": -0.0314702485099449, "num__txn_count_60m": -0.0321831883346548, "num__avg_amount_7d": 1.8574847550764289, "num__account_age_days": -1.0630142813338035, "num__token_age_days": 0.4564081685450937, "num__avg_spend_user_30d": -0.560242428500023, "num__geo_distance_km": -0.8538129582345443, "num__amount_zscore": 1.1059955314827126, "cat__device_os_Android": 0.0, "cat__device_os_MacOS": 0.0, "cat__device_os_Windows": 0.0, "cat__device_os_iOS": 1.0, "cat__browser_Chrome": 0.0, "cat__browser_Edge": 0.0, "cat__browser_Firefox": 0.0, "cat__browser_Safari": 1.0, "cat__is_new_device_False": 1.0, "cat__is_new_device_True": 0.0, "cat__ip_country_AU": 0.0, "cat__ip_country_BR": 0.0, "cat__ip_country_CA": 0.0, "cat__ip_country_DE": 0.0, "cat__ip_country_ES": 0.0, "cat__ip_country_FR": 1.0, "cat__ip_country_GB": 0.0, "cat__ip_country_IE": 0.0, "cat__ip_country_IN": 0.0, "cat__ip_country_IT": 0.0, "cat__ip_country_NL": 0.0, "cat__ip_country_PL": 0.0, "cat__ip_country_PT": 0.0, "cat__ip_country_SE": 0.0, "cat__ip_country_US": 0.0, "cat__is_proxy_vpn_False": 1.0, "cat__is_proxy_vpn_True": 0.0, "cat__billing_country_AU": 0.0, "cat__billing_country_BR": 0.0, "cat__billing_country_CA": 0.0, "cat__billing_country_DE": 0.0, "cat__billing_country_ES": 0.0, "cat__billing_country_FR": 0.0, "cat__billing_country_GB": 0.0, "cat__billing_country_IE": 0.0, "cat__billing_country_IN": 0.0, "cat__billing_country_IT": 0.0, "cat__billing_country_NL": 1.0, "cat__billing_country_PL": 0.0, "cat__billing_country_PT": 0.0, "cat__billing_country_SE": 0.0, "cat__billing_country_US": 0.0, "cat__shipping_country_AU": 0.0, "cat__shipping_country_BR": 0.0, "cat__shipping_country_CA": 0.0, "cat__shipping_country_DE": 0.0, "cat__shipping_country_ES": 1.0, "cat__shipping_country_FR": 0.0, "cat__shipping_country_GB": 0.0, "cat__shipping_country_IE": 0.0, "cat__shipping_country_IN": 0.0, "cat__shipping_country_IT": 0.0, "cat__shipping_country_NL": 0.0, "cat__shipping_country_PL": 0.0, "cat__shipping_country_PT": 0.0, "cat__shipping_country_SE": 0.0, "cat__shipping_country_US": 0.0, "cat__country_mismatch_False": 0.0, "cat__country_mismatch_True": 1.0, "cat__night_txn_False": 1.0, "cat__night_txn_True": 0.0, "cat__weekend_txn_False": 1.0, "cat__weekend_txn_True": 0.0}