{
    "threshold": 0.785048878230927,
    "test": {
        "precision": 0.02155887230514096,
        "recall": 0.75,
        "f1": 0.04191295002686728,
        "fpr": 0.04148113428638388,
        "roc_auc": 0.9508261073353644,
        "pr_auc": 0.042870605044008546,
        "confusion_matrix": [
            [
                40900,
                1770
            ],
            [
                13,
                39
            ]
        ],
        "tn_fp_fn_tp": [
            40900,
            1770,
            13,
            39
        ]
    },
    "training": {
        "epochs": 7,
        "final_train_loss": 1987.964599609375,
        "final_val_loss": 4.708021640777588
    }
}