{
    "threshold": 0.006665368260331971,
    "test": {
        "precision": 0.017857142857142856,
        "recall": 1.0,
        "f1": 0.03508771929824561,
        "fpr": 0.03669112741827885,
        "roc_auc": 0.9863242161440962,
        "pr_auc": 0.03428571428571429,
        "confusion_matrix": [
            [
                2888,
                110
            ],
            [
                0,
                2
            ]
        ],
        "tn_fp_fn_tp": [
            2888,
            110,
            0,
            2
        ]
    },
    "training": {
        "epochs": 21,
        "final_train_loss": 0.0044138748198747635,
        "final_val_loss": 0.005259922239929438
    }
}