{
  "meta": {
    "source": "demo_sampling",
    "scenario": "approve_low_velocity",
    "category": "approve"
  },
  "features": {
    "num__V1": -1.5331222633453814,
    "num__V2": 1.0014927695887097,
    "num__V3": 1.1185412111522597,
    "num__V4": -0.0456471411631971,
    "num__V5": -1.2429312334888805,
    "num__V6": 1.3543238173919894,
    "num__V7": -1.2083528643833608,
    "num__V8": 0.996286452105004,
    "num__V9": 1.098116611930664,
    "num__V10": 2.4127933806335817,
    "num__V11": -0.3156107725137338,
    "num__V12": 1.257033409799672,
    "num__V13": 0.8615629655615751,
    "num__V14": -1.8359978345981856,
    "num__V15": -2.16180196295871,
    "num__V16": -2.414632339748147,
    "num__V17": 0.4935897713116626,
    "num__V18": 2.478661882459994,
    "num__V19": 0.2305167527049783,
    "num__V20": 0.8864347642235691,
    "num__V21": -0.5538619803829237,
    "num__V22": 0.4267374530053416,
    "num__V23": -0.35254092080413,
    "num__V24": 1.139010279297607,
    "num__V25": 1.7096761856413871,
    "num__V26": -0.3743963520075539,
    "num__V27": 2.611150338080601,
    "num__V28": 2.057861652953586,
    "num__Amount": -0.3003932958955088,
    "num__ip_reputation": -1.5482457011988864,
    "num__txn_count_5m": 0.5044370941567938,
    "num__txn_count_30m": 0.5033715003767725,
    "num__txn_count_60m": 0.5008134614080026,
    "num__avg_amount_7d": -0.3955702672501636,
    "num__account_age_days": -0.0016671394982123,
    "num__token_age_days": -1.2566988617276111,
    "num__avg_spend_user_30d": -0.4996073229527385,
    "num__geo_distance_km": -0.9622249172696944,
    "num__amount_zscore": 1.271894902812273,
    "cat__device_os_Android": 0.0,
    "cat__device_os_MacOS": 1.0,
    "cat__device_os_Windows": 0.0,
    "cat__device_os_iOS": 0.0,
    "cat__browser_Chrome": 0.0,
    "cat__browser_Edge": 1.0,
    "cat__browser_Firefox": 0.0,
    "cat__browser_Safari": 0.0,
    "cat__is_new_device_False": 1.0,
    "cat__is_new_device_True": 0.0,
    "cat__ip_country_AU": 0.0,
    "cat__ip_country_BR": 0.0,
    "cat__ip_country_CA": 0.0,
    "cat__ip_country_DE": 0.0,
    "cat__ip_country_ES": 0.0,
    "cat__ip_country_FR": 0.0,
    "cat__ip_country_GB": 0.0,
    "cat__ip_country_IE": 1.0,
    "cat__ip_country_IN": 0.0,
    "cat__ip_country_IT": 0.0,
    "cat__ip_country_NL": 0.0,
    "cat__ip_country_PL": 0.0,
    "cat__ip_country_PT": 0.0,
    "cat__ip_country_SE": 0.0,
    "cat__ip_country_US": 0.0,
    "cat__is_proxy_vpn_False": 1.0,
    "cat__is_proxy_vpn_True": 0.0,
    "cat__billing_country_AU": 0.0,
    "cat__billing_country_BR": 0.0,
    "cat__billing_country_CA": 0.0,
    "cat__billing_country_DE": 0.0,
    "cat__billing_country_ES": 0.0,
    "cat__billing_country_FR": 0.0,
    "cat__billing_country_GB": 0.0,
    "cat__billing_country_IE": 0.0,
    "cat__billing_country_IN": 0.0,
    "cat__billing_country_IT": 0.0,
    "cat__billing_country_NL": 1.0,
    "cat__billing_country_PL": 0.0,
    "cat__billing_country_PT": 0.0,
    "cat__billing_country_SE": 0.0,
    "cat__billing_country_US": 0.0,
    "cat__shipping_country_AU": 0.0,
    "cat__shipping_country_BR": 0.0,
    "cat__shipping_country_CA": 0.0,
    "cat__shipping_country_DE": 0.0,
    "cat__shipping_country_ES": 0.0,
    "cat__shipping_country_FR": 0.0,
    "cat__shipping_country_GB": 0.0,
    "cat__shipping_country_IE": 0.0,
    "cat__shipping_country_IN": 0.0,
    "cat__shipping_country_IT": 0.0,
    "cat__shipping_country_NL": 0.0,
    "cat__shipping_country_PL": 1.0,
    "cat__shipping_country_PT": 0.0,
    "cat__shipping_country_SE": 0.0,
    "cat__shipping_country_US": 0.0,
    "cat__country_mismatch_False": 0.0,
    "cat__country_mismatch_True": 1.0,
    "cat__night_txn_False": 0.0,
    "cat__night_txn_True": 1.0,
    "cat__weekend_txn_False": 1.0,
    "cat__weekend_txn_True": 0.0
  }
}