{
  "meta": {
    "source": "demo_sampling",
    "scenario": "approve_known_device",
    "category": "approve"
  },
  "features": {
    "num__V1": -1.0215278772483152,
    "num__V2": 1.444876694327778,
    "num__V3": -1.0570997685314611,
    "num__V4": -0.7936936019205135,
    "num__V5": -0.0612075427559534,
    "num__V6": -0.6145340842616858,
    "num__V7": 0.2106313664160671,
    "num__V8": 0.6709741281359174,
    "num__V9": 0.351331126497981,
    "num__V10": 1.0476578363337052,
    "num__V11": 0.2697624706113672,
    "num__V12": 1.4458961468745328,
    "num__V13": 0.8787792643719078,
    "num__V14": 0.2875983239788185,
    "num__V15": -1.3042937079796462,
    "num__V16": 0.3496582759202781,
    "num__V17": -0.6662277539585001,
    "num__V18": -0.2531511338432893,
    "num__V19": 0.2073058391430056,
    "num__V20": 0.7394577627561265,
    "num__V21": -0.4234128691152009,
    "num__V22": -0.8290211951996634,
    "num__V23": 0.291627906910615,
    "num__V24": -0.6934277231833414,
    "num__V25": -0.2916450957135926,
    "num__V26": 0.3432335876959625,
    "num__V27": 1.5807880995061894,
    "num__V28": 1.1081347674061717,
    "num__Amount": -0.3167043459629283,
    "num__ip_reputation": -1.4407655329855469,
    "num__txn_count_5m": -0.7827457849133089,
    "num__txn_count_30m": -0.782042640415279,
    "num__txn_count_60m": -0.7798141786807419,
    "num__avg_amount_7d": -0.3986794510861735,
    "num__account_age_days": 0.5065349121299045,
    "num__token_age_days": 1.5637756964009306,
    "num__avg_spend_user_30d": -0.2210505598746121,
    "num__geo_distance_km": 0.5595685276092409,
    "num__amount_zscore": -2.7738102387101845e-07,
    "cat__device_os_Android": 0.0,
    "cat__device_os_MacOS": 0.0,
    "cat__device_os_Windows": 0.0,
    "cat__device_os_iOS": 1.0,
    "cat__browser_Chrome": 0.0,
    "cat__browser_Edge": 0.0,
    "cat__browser_Firefox": 0.0,
    "cat__browser_Safari": 1.0,
    "cat__is_new_device_False": 1.0,
    "cat__is_new_device_True": 0.0,
    "cat__ip_country_AU": 0.0,
    "cat__ip_country_BR": 0.0,
    "cat__ip_country_CA": 0.0,
    "cat__ip_country_DE": 1.0,
    "cat__ip_country_ES": 0.0,
    "cat__ip_country_FR": 0.0,
    "cat__ip_country_GB": 0.0,
    "cat__ip_country_IE": 0.0,
    "cat__ip_country_IN": 0.0,
    "cat__ip_country_IT": 0.0,
    "cat__ip_country_NL": 0.0,
    "cat__ip_country_PL": 0.0,
    "cat__ip_country_PT": 0.0,
    "cat__ip_country_SE": 0.0,
    "cat__ip_country_US": 0.0,
    "cat__is_proxy_vpn_False": 1.0,
    "cat__is_proxy_vpn_True": 0.0,
    "cat__billing_country_AU": 0.0,
    "cat__billing_country_BR": 0.0,
    "cat__billing_country_CA": 0.0,
    "cat__billing_country_DE": 0.0,
    "cat__billing_country_ES": 0.0,
    "cat__billing_country_FR": 0.0,
    "cat__billing_country_GB": 0.0,
    "cat__billing_country_IE": 0.0,
    "cat__billing_country_IN": 0.0,
    "cat__billing_country_IT": 0.0,
    "cat__billing_country_NL": 0.0,
    "cat__billing_country_PL": 0.0,
    "cat__billing_country_PT": 0.0,
    "cat__billing_country_SE": 0.0,
    "cat__billing_country_US": 1.0,
    "cat__shipping_country_AU": 0.0,
    "cat__shipping_country_BR": 0.0,
    "cat__shipping_country_CA": 0.0,
    "cat__shipping_country_DE": 0.0,
    "cat__shipping_country_ES": 0.0,
    "cat__shipping_country_FR": 0.0,
    "cat__shipping_country_GB": 0.0,
    "cat__shipping_country_IE": 0.0,
    "cat__shipping_country_IN": 0.0,
    "cat__shipping_country_IT": 0.0,
    "cat__shipping_country_NL": 0.0,
    "cat__shipping_country_PL": 1.0,
    "cat__shipping_country_PT": 0.0,
    "cat__shipping_country_SE": 0.0,
    "cat__shipping_country_US": 0.0,
    "cat__country_mismatch_False": 0.0,
    "cat__country_mismatch_True": 1.0,
    "cat__night_txn_False": 1.0,
    "cat__night_txn_True": 0.0,
    "cat__weekend_txn_False": 1.0,
    "cat__weekend_txn_True": 0.0
  }
}