{
  "meta": {
    "source": "demo_sampling",
    "scenario": "approve_low_geo_distance",
    "category": "approve"
  },
  "features": {
    "num__V1": -0.6996081148353814,
    "num__V2": -0.1070383629163559,
    "num__V3": 1.475757874254758,
    "num__V4": 0.3958944923695507,
    "num__V5": -0.4419510208412247,
    "num__V6": 0.3373185139383737,
    "num__V7": -0.635877345041282,
    "num__V8": 0.7106146817225166,
    "num__V9": 1.1117227884429417,
    "num__V10": -1.320711527923557,
    "num__V11": -2.219817070390452,
    "num__V12": 0.9716538971323624,
    "num__V13": 0.4876818431837403,
    "num__V14": -1.2573519729898457,
    "num__V15": -2.6608257277638914,
    "num__V16": 0.0577568994973999,
    "num__V17": -0.2325641602876209,
    "num__V18": 0.3481312347243439,
    "num__V19": -0.9818106695916872,
    "num__V20": -0.1122866972315892,
    "num__V21": 0.4470504684667559,
    "num__V22": 1.52869322790673,
    "num__V23": -0.2556734832755098,
    "num__V24": 0.1365035671137439,
    "num__V25": -0.1276048808827325,
    "num__V26": -1.2205661223232114,
    "num__V27": 0.3146014425794874,
    "num__V28": 0.0640176212638996,
    "num__Amount": -0.1591781703118154,
    "num__ip_reputation": -1.6418574606105043,
    "num__txn_count_5m": 0.7206244202239912,
    "num__txn_count_30m": 0.7191021433953892,
    "num__txn_count_60m": 0.7154478020114323,
    "num__avg_amount_7d": -0.2878019436439527,
    "num__account_age_days": 0.2092194261433871,
    "num__token_age_days": -0.2155840919486192,
    "num__avg_spend_user_30d": 1.4924610506477085,
    "num__geo_distance_km": -0.5536671801167405,
    "num__amount_zscore": 1.4665501651722908,
    "cat__device_os_Android": 0.0,
    "cat__device_os_MacOS": 0.0,
    "cat__device_os_Windows": 0.0,
    "cat__device_os_iOS": 1.0,
    "cat__browser_Chrome": 0.0,
    "cat__browser_Edge": 0.0,
    "cat__browser_Firefox": 0.0,
    "cat__browser_Safari": 1.0,
    "cat__is_new_device_False": 1.0,
    "cat__is_new_device_True": 0.0,
    "cat__ip_country_AU": 0.0,
    "cat__ip_country_BR": 0.0,
    "cat__ip_country_CA": 0.0,
    "cat__ip_country_DE": 1.0,
    "cat__ip_country_ES": 0.0,
    "cat__ip_country_FR": 0.0,
    "cat__ip_country_GB": 0.0,
    "cat__ip_country_IE": 0.0,
    "cat__ip_country_IN": 0.0,
    "cat__ip_country_IT": 0.0,
    "cat__ip_country_NL": 0.0,
    "cat__ip_country_PL": 0.0,
    "cat__ip_country_PT": 0.0,
    "cat__ip_country_SE": 0.0,
    "cat__ip_country_US": 0.0,
    "cat__is_proxy_vpn_False": 1.0,
    "cat__is_proxy_vpn_True": 0.0,
    "cat__billing_country_AU": 0.0,
    "cat__billing_country_BR": 0.0,
    "cat__billing_country_CA": 0.0,
    "cat__billing_country_DE": 0.0,
    "cat__billing_country_ES": 0.0,
    "cat__billing_country_FR": 0.0,
    "cat__billing_country_GB": 0.0,
    "cat__billing_country_IE": 0.0,
    "cat__billing_country_IN": 0.0,
    "cat__billing_country_IT": 0.0,
    "cat__billing_country_NL": 0.0,
    "cat__billing_country_PL": 0.0,
    "cat__billing_country_PT": 0.0,
    "cat__billing_country_SE": 1.0,
    "cat__billing_country_US": 0.0,
    "cat__shipping_country_AU": 0.0,
    "cat__shipping_country_BR": 0.0,
    "cat__shipping_country_CA": 0.0,
    "cat__shipping_country_DE": 0.0,
    "cat__shipping_country_ES": 0.0,
    "cat__shipping_country_FR": 0.0,
    "cat__shipping_country_GB": 0.0,
    "cat__shipping_country_IE": 1.0,
    "cat__shipping_country_IN": 0.0,
    "cat__shipping_country_IT": 0.0,
    "cat__shipping_country_NL": 0.0,
    "cat__shipping_country_PL": 0.0,
    "cat__shipping_country_PT": 0.0,
    "cat__shipping_country_SE": 0.0,
    "cat__shipping_country_US": 0.0,
    "cat__country_mismatch_False": 0.0,
    "cat__country_mismatch_True": 1.0,
    "cat__night_txn_False": 1.0,
    "cat__night_txn_True": 0.0,
    "cat__weekend_txn_False": 1.0,
    "cat__weekend_txn_True": 0.0
  }
}